adm2_code,parent_code,iso_3166_2,iso_3166_2_is_official,country_code,country_name,name,name_en,name_fr,name_es,name_local,type,admin_level,label_lat,label_lng,label_source,area_km2,bbox_min_lng,bbox_min_lat,bbox_max_lng,bbox_max_lat,labelrank,wikidata_id,geonames_id,slug
AZE-1690,AZ-absheron-economic-region,AZ-ABS,True,AZ,Azerbaijan,Abşeron,Absheron,Abşeron,Abşeron,,District,2,40.3278,49.3694,natural-earth,1958.968,48.85059,39.953014,49.888304,40.636848,9,Q179538,587245,abseron
AZE-1695,AZ-lankaran-economic-region,AZ-AST,True,AZ,Azerbaijan,Astara,Astara,Astara,Astara,,District,2,38.4938,48.7049,natural-earth,481.471,48.535641,38.392645,48.874278,38.602498,9,Q269680,148442,astara
AZE-1722,AZ-aran-economic-region,AZ-AGC,True,AZ,Azerbaijan,Ağcabədi,Aghjabadi,Ağcabədi,Ağcabədi,,District,2,39.971,47.4145,natural-earth,1837.04,47.072352,39.708016,47.7566,40.253719,9,Q330818,148615,agcabədi
AZE-1691,AZ-yukhari-garabakh-economic-region,AZ-AGM,True,AZ,Azerbaijan,Ağdam,Agdam,Agdam,Ağdam,,District,2,40.0455,46.9918,natural-earth,1066.44,46.697904,39.795272,47.285724,40.221835,9,Q201647,148617,agdam
AZE-1692,AZ-aran-economic-region,AZ-AGS,True,AZ,Azerbaijan,Ağdaş,Agdash,Ağdaş,Ağdaş,,District,2,40.568,47.4132,natural-earth,1039.276,47.207692,40.298419,47.618727,40.788854,9,Q275784,587376,agdas
AZE-1676,AZ-ganja-gazakh-economic-region,AZ-AGA,True,AZ,Azerbaijan,Ağstafa,Agstafa,Aghstafa,Ağstafa,,District,2,41.1896,45.4341,natural-earth,1352.92,45.097833,40.94838,45.770337,41.452923,9,Q275744,828297,agstafa
AZE-1693,AZ-daghlig-shirvan-economic-region,AZ-AGU,True,AZ,Azerbaijan,Ağsu,Agsu,Ağsu,Ağsu,,District,2,40.5091,48.3659,natural-earth,1076.927,48.079629,40.27842,48.6521,40.793867,9,Q330800,587342,agsu
AZE-2420,AZ-naxcıvan-autonomous-republic,AZ-BAB,True,AZ,Azerbaijan,Babək,Babek,Babek raion,Babek,,District,2,39.1871,45.3373,natural-earth,1036.247,45.11435,38.968453,45.560506,39.592918,9,Q643895,7669114,babək
AZE-1689,AZ-absheron-economic-region,AZ-BA,True,AZ,Azerbaijan,Bakı,Baku,Bakou,Bakú,,Municipality,2,40.4447,50.0435,natural-earth,2362.108,49.291906,39.666571,50.625743,40.58747,9,Q9248,587081,bakı
AZE-1723,AZ-shaki-zaqatala-economic-region,AZ-BAL,True,AZ,Azerbaijan,Balakən,Balakan,Balakən,Balakən,,District,2,41.7393,46.4478,natural-earth,874.199,46.179537,41.554673,46.716405,41.890442,9,Q330850,587010,balakən
AZE-1697,AZ-aran-economic-region,AZ-BEY,True,AZ,Azerbaijan,Beyləqan,Beylagan,Beyləqan,Beyləqan,,District,2,39.7591,47.6611,natural-earth,1052.152,47.432537,39.571411,47.889718,40.159487,9,Q330807,146879,beyləqan
AZE-1698,AZ-aran-economic-region,AZ-BIL,True,AZ,Azerbaijan,Biləsuvar,Bilasuvar,Biləsuvar,Biləsuvar,,District,2,39.4604,48.3681,natural-earth,1392.922,47.957708,39.300702,48.778553,39.716362,9,Q330834,147310,biləsuvar
AZE-1696,AZ-aran-economic-region,AZ-BAR,True,AZ,Azerbaijan,Bərdə,Barda,Bərdə,Bərdə,,District,2,40.3534,47.2467,natural-earth,1156.186,46.969309,40.153415,47.524004,40.562589,9,Q330857,587056,bərdə
AZE-2421,AZ-naxcıvan-autonomous-republic,AZ-CUL,True,AZ,Azerbaijan,Culfa,Julfa,Djoulfa raion,Julfa,,District,2,39.136,45.6847,natural-earth,960.949,45.467644,38.93913,45.901788,39.359142,9,Q644035,148132,culfa
AZE-1699,AZ-yukhari-garabakh-economic-region,AZ-CAB,True,AZ,Azerbaijan,Cəbrayıl,Jabrayil,Jabrayil,Cəbrayıl,,District,2,39.2768,46.9823,natural-earth,849.694,46.703486,39.158903,47.26132,39.477436,9,Q457491,148140,cəbrayıl
AZE-1700,AZ-lankaran-economic-region,AZ-CAL,True,AZ,Azerbaijan,Cəlilabad,Jalilabad,Cəlilabad,Cəlilabad,,District,2,39.1757,48.4338,natural-earth,1624.088,48.104329,38.985734,48.763773,39.419765,9,Q372795,148155,cəlilabad
AZE-1677,AZ-ganja-gazakh-economic-region,AZ-DAS,True,AZ,Azerbaijan,Daşkəsən,Dashkasan,Daşkəsən,Daşkəsən,,District,2,40.4837,46.0228,natural-earth,994.344,45.819152,40.260438,46.226409,40.666717,9,Q457494,586771,daskəsən
AZE-1701,AZ-guba-khachmaz-economic-region,AZ-SBN,True,AZ,Azerbaijan,Dəvəçi,Shabran,Şabran,Şabran,,District,2,41.1969,48.9074,natural-earth,1246.034,48.642799,40.855052,49.171641,41.364866,9,Q387994,586725,dəvəci
AZE-1702,AZ-yukhari-garabakh-economic-region,AZ-FUZ,True,AZ,Azerbaijan,Füzuli,Fuzuli,Fizuli,Füzuli,,District,2,39.5574,47.322,natural-earth,1247.286,47.019074,39.366384,47.62498,39.73835,9,Q331687,148107,fuzuli
AZE-1681,AZ-ganja-gazakh-economic-region,AZ-GOR,True,AZ,Azerbaijan,Goranboy,Goranboy,Goranboy,Goranboy,,District,2,40.5463,46.645,natural-earth,1844.442,46.317773,40.262995,46.962126,40.965975,7,Q330843,586112,goranboy
AZE-1703,AZ-aran-economic-region,AZ-GOY,True,AZ,Azerbaijan,Göyçay,Goychay,Göyçay,Göyçay,,District,2,40.569,47.8172,natural-earth,720.511,47.586377,40.441666,48.047951,40.674959,9,Q477163,586482,goycay
AZE-1678,AZ-ganja-gazakh-economic-region,AZ-GAD,True,AZ,Azerbaijan,Gədəbəy,Gadabay,Gədəbəy,Gədəbəy,,District,2,40.492,45.6429,natural-earth,1266.236,45.37354,40.297141,45.912578,40.823219,9,Q330749,627535,gədəbəy
AZE-1679,AZ-ganja-gazakh-economic-region,AZ-GA,True,AZ,Azerbaijan,Gəncə,Ganja,Gandja,Ganja,,Municipality,2,40.6864,46.3206,natural-earth,73.064,46.298371,40.622598,46.411792,40.724622,9,Q131290,828298,gəncə
AZE-1694,AZ-aran-economic-region,AZ-HAC,True,AZ,Azerbaijan,Hajigabul,Hajigabul,Hacıqabul,Hacıqabul,,District,2,40.1106,48.8984,natural-earth,1902.314,48.440072,39.812118,49.356812,40.344721,9,Q476690,828315,hajigabul
AZE-5567,AZ-naxcıvan-autonomous-republic,AZ-KAN,True,AZ,Azerbaijan,Kangarli,Kangarli,Kangarli,Kangarli,,District,2,39.4039,45.1447,natural-earth,278.811,45.051237,39.297007,45.266191,39.599703,9,Q734030,8014931,kangarli
AZE-1706,AZ-aran-economic-region,AZ-KUR,True,AZ,Azerbaijan,Kürdəmir,Kurdamir,Kürdəmir,Kürdəmir,,District,2,40.2443,48.1586,natural-earth,1598.601,47.851167,40.030942,48.465962,40.532307,9,Q688589,585686,kurdəmir
AZE-1682,AZ-kalbajar-lachin-economic-region,AZ-KAL,True,AZ,Azerbaijan,Kəlbəcər,Kalbajar,Kelbadjar,Kəlbəcər,,District,2,40.0966,46.1688,natural-earth,2767.979,45.576267,39.796148,46.76157,40.315059,9,Q457513,586047,kəlbəcər
AZE-1735,AZ-kalbajar-lachin-economic-region,AZ-LAN,True,AZ,Azerbaijan,Lankaran,Lankaran,Lankaran,Lankaran,,District,2,39.7717,46.3095,natural-earth,1762.015,45.883188,39.438652,46.735628,39.95813,9,Q228811,147626,lankaran
AZE-1707,AZ-lankaran-economic-region,AZ-LA,True,AZ,Azerbaijan,Lankaran,Lankaran,Lankaran,Lankaran,,District,2,38.7168,48.7309,natural-earth,989.824,48.565594,38.581676,49.234302,39.270058,9,,147613,lankaran
AZE-5562,AZ-lankaran-economic-region,AZ-LA,True,AZ,Azerbaijan,Lankaran,Lankaran,Lankaran,Lankaran,,Municipality,2,38.7585,48.8421,natural-earth,15.571,48.826298,38.72671,48.863433,38.788044,9,Q228811,409418,lankaran
AZE-1709,AZ-lankaran-economic-region,AZ-LER,True,AZ,Azerbaijan,Lerik,Lerik,Lerik,Lerik,,District,2,38.7139,48.4779,natural-earth,1157.905,48.225635,38.469154,48.730442,38.939872,9,Q688626,147610,lerik
AZE-1708,AZ-lankaran-economic-region,AZ-MAS,True,AZ,Azerbaijan,Masallı,Masally,Masallı,Masallı,,District,2,38.9858,48.698,natural-earth,807.136,48.477796,38.828354,48.918224,39.154019,9,Q476695,147551,masallı
AZE-1683,AZ-aran-economic-region,AZ-MI,True,AZ,Azerbaijan,Mingəçevir,Mingachevir,Mingachevir,Mingachevir,,Municipality,2,40.7508,46.9846,natural-earth,38.058,46.920578,40.725318,47.048684,40.780534,9,Q230932,828299,mingəcevir
AZE-5561,AZ-ganja-gazakh-economic-region,AZ-NA,True,AZ,Azerbaijan,Naftalan,Naftalan,Naftalan,Naftalan,,Municipality,2,40.5077,46.8275,natural-earth,4.493,46.811611,40.495618,46.840887,40.520158,7,Q21979624,828300,naftalan
AZE-2422,AZ-naxcıvan-autonomous-republic,AZ-NX,True,AZ,Azerbaijan,Naxçıvan,Nakhchivan,Nakhitchevan,Najicheván,,Municipality,2,39.2127,45.4212,natural-earth,94.728,45.311529,39.180296,45.530896,39.245021,9,Q230104,148412,naxcıvan
AZE-1710,AZ-aran-economic-region,AZ-NEF,True,AZ,Azerbaijan,Neftçala,Neftchala,Neftçala,Neftçala,,District,2,39.3924,49.0585,natural-earth,1454.113,48.707963,39.128465,49.408946,39.548181,9,Q688633,147422,neftcala
AZE-2418,AZ-naxcıvan-autonomous-republic,AZ-ORD,True,AZ,Azerbaijan,Ordubad,Ordubad,Ordubad raion,Ordubad,,District,2,39.0972,45.9272,natural-earth,825.815,45.718946,38.862668,46.135871,39.294124,9,Q512623,147365,ordubad
AZE-1725,AZ-shaki-zaqatala-economic-region,AZ-OGU,True,AZ,Azerbaijan,Oğuz,Oghuz,Oğuz,Oğuz,,District,2,41.04,47.4853,natural-earth,1164.713,47.270221,40.795598,47.700427,41.261789,9,Q643989,584742,oguz
AZE-1726,AZ-shaki-zaqatala-economic-region,AZ-QAX,True,AZ,Azerbaijan,Qax,Qakh,Qax,Qax,,District,2,41.375,46.7976,natural-earth,1458.529,46.615539,40.91094,47.179219,41.569919,9,Q330796,586290,qax
AZE-1684,AZ-ganja-gazakh-economic-region,AZ-QAZ,True,AZ,Azerbaijan,Qazax,Qazax,Qazax,Qazax,,District,2,41.0778,45.2004,natural-earth,749.162,44.960697,40.967991,45.398759,41.349919,9,Q389381,586087,qazax
AZE-1711,AZ-daghlig-shirvan-economic-region,AZ-QOB,True,AZ,Azerbaijan,Qobustan,Gobustan,Qobustan,Qobustan,,District,2,40.4977,48.9623,natural-earth,1477.489,48.661557,40.29152,49.263123,40.761698,9,Q457508,828301,qobustan
AZE-1728,AZ-guba-khachmaz-economic-region,AZ-QBA,True,AZ,Azerbaijan,Quba,Quba,Quba,Quba,,District,2,41.1847,48.3368,natural-earth,2557.897,47.92646,40.895075,48.747237,41.483489,9,Q457499,585786,quba
AZE-1736,AZ-kalbajar-lachin-economic-region,AZ-QBI,True,AZ,Azerbaijan,Qubadli,Qubadli,Qubadli,Qubadlı,,District,2,39.3434,46.5917,natural-earth,740.215,46.36087,39.128594,46.82291,39.485084,9,Q644048,147694,qubadli
AZE-1729,AZ-guba-khachmaz-economic-region,AZ-QUS,True,AZ,Azerbaijan,Qusar,Qusar,Qusar,Qusar,,District,2,41.4005,48.1944,natural-earth,1204.85,47.813491,41.157695,48.575464,41.722725,9,Q386506,585749,qusar
AZE-1724,AZ-shaki-zaqatala-economic-region,AZ-QAB,True,AZ,Azerbaijan,Qəbələ,Qabala,Qabala,Qəbələ,,District,2,40.9578,47.7784,natural-earth,1513.862,47.525606,40.639458,48.031105,41.207134,9,Q593872,585738,qəbələ
AZE-1713,AZ-aran-economic-region,AZ-SAT,True,AZ,Azerbaijan,Saatlı,Saatly,Saatlı,Saatlı,,District,2,39.7892,48.4591,natural-earth,1149.523,48.214659,39.614766,48.703622,39.999884,9,Q601105,147287,saatlı
AZE-1714,AZ-aran-economic-region,AZ-SAB,True,AZ,Azerbaijan,Sabirabad,Sabirabad,Sabirabad,Sabirabad,,District,2,39.8179,48.8122,natural-earth,1586.177,48.249644,39.592131,48.993165,40.137783,9,Q382132,147284,sabirabad
AZE-1715,AZ-aran-economic-region,AZ-SAL,True,AZ,Azerbaijan,Salyan,Salyan,Salyan,Salyan,,District,2,39.7198,49.0495,natural-earth,1826.307,48.740312,39.34902,49.358735,39.918571,9,Q457485,147269,salyan
AZE-1686,AZ-ganja-gazakh-economic-region,AZ-SMX,True,AZ,Azerbaijan,Samux,Samukh,Samux,Samux,,District,2,40.8795,46.4234,natural-earth,1392.887,46.087608,40.681755,46.75971,41.200174,9,Q498437,828302,samux
AZE-5563,AZ-aran-economic-region,AZ-SR,True,AZ,Azerbaijan,Shirvan,Şirvan,Şirvan,Shirvan,,Municipality,2,39.9474,48.9257,natural-earth,53.65,48.870046,39.903353,48.961497,39.985188,9,Q241116,409417,shirvan
AZE-1712,AZ-guba-khachmaz-economic-region,AZ-SIY,True,AZ,Azerbaijan,Siyəzən,Siyazan,Siyəzən,Siyəzən,,District,2,41.0414,49.0973,natural-earth,868.074,48.823201,40.869211,49.371421,41.186194,9,Q820940,828304,siyəzən
AZE-4838,AZ-yukhari-garabakh-economic-region,AZ-XA,True,AZ,Azerbaijan,Stepanakert,Stepanakert,Stepanakert,Stepanakert,,District,2,39.8285,46.7662,natural-earth,22.848,46.741086,39.800077,46.805014,39.86336,9,Q129352,148449,stepanakert
AZE-1717,AZ-absheron-economic-region,AZ-SM,True,AZ,Azerbaijan,Sumqayıt,Sumqayit,Sumqayıt,Sumqayit,,Municipality,2,40.5841,49.5962,natural-earth,123.071,49.482696,40.539955,49.709719,40.662869,9,Q179833,828305,sumqayıt
AZE-2415,AZ-naxcıvan-autonomous-republic,AZ-SAD,True,AZ,Azerbaijan,Sədərək,Sadarak,Sadarak raion,Sadarak,,District,2,39.699,44.8638,natural-earth,63.865,44.774559,39.63054,44.95336,39.735965,9,Q641468,409387,sədərək
AZE-1687,AZ-ganja-gazakh-economic-region,AZ-TOV,True,AZ,Azerbaijan,Tovuz,Tovuz,Tovuz,Tovuz,,District,2,41.0669,45.8238,natural-earth,1778.938,45.442843,40.594938,46.204653,41.232102,7,Q388980,584861,tovuz
AZE-1738,AZ-yukhari-garabakh-economic-region,AZ-TAR,True,AZ,Azerbaijan,Tərtər,Tartar,Tartar,Tərtər,,District,2,40.2547,46.7929,natural-earth,1259.657,46.499415,40.032983,47.086305,40.48001,9,Q477168,409420,tərtər
AZE-1718,AZ-aran-economic-region,AZ-UCA,True,AZ,Azerbaijan,Ucar,Ujar,Ucar,Ucar,,District,2,40.3925,47.729,natural-earth,762.096,47.465455,40.292166,47.992606,40.534839,9,Q476703,584783,ucar
AZE-1680,AZ-ganja-gazakh-economic-region,AZ-GYG,True,AZ,Azerbaijan,Xanlar,Goygol,Göygöl,Göygöl,,District,2,40.4627,46.295,natural-earth,995.886,46.078976,40.276172,46.510939,40.832857,9,Q388087,585967,xanlar
AZE-1730,AZ-guba-khachmaz-economic-region,AZ-XAC,True,AZ,Azerbaijan,Xaçmaz,Khachmaz,Xaçmaz,Xaçmaz,,District,2,41.5198,48.7701,natural-earth,1327.81,48.462211,41.34851,49.078698,41.845282,9,Q6398826,586001,xacmaz
AZE-1719,AZ-absheron-economic-region,AZ-XIZ,True,AZ,Azerbaijan,Xizı,Khizi,Xızı,Xızı,,District,2,40.7249,49.154,natural-earth,1882.852,48.769148,40.505616,49.538829,40.976156,9,Q476708,828306,xizı
AZE-1739,AZ-yukhari-garabakh-economic-region,AZ-XCI,True,AZ,Azerbaijan,Xocalı,Khojali,Khodjaly,Xocalı,,District,2,39.8925,46.6804,natural-earth,899.728,46.437145,39.626936,46.923627,40.018152,9,Q330790,409421,xocalı
AZE-1734,AZ-yukhari-garabakh-economic-region,AZ-XVD,True,AZ,Azerbaijan,Xocavənd,Khojavend,Khojavend,Xocavənd,,District,2,39.6307,46.99,natural-earth,1519.405,46.640699,39.377907,47.339364,39.882966,9,Q330813,409423,xocavənd
AZE-1720,AZ-lankaran-economic-region,AZ-YAR,True,AZ,Azerbaijan,Yardımlı,Yardimli,Yardımlı,Yardımlı,,District,2,38.866,48.269,natural-earth,855.474,47.990745,38.713193,48.547611,39.029969,9,Q127255,146962,yardımlı
AZE-5566,AZ-aran-economic-region,AZ-YEV,True,AZ,Azerbaijan,Yevlakh,Yevlakh,Ievlakh,Yevlax,,Municipality,2,40.6019,47.1503,natural-earth,51.308,47.093055,40.569834,47.194347,40.640163,7,Q175459,828307,yevlakh
AZE-1688,AZ-aran-economic-region,AZ-YEV,True,AZ,Azerbaijan,Yevlakh Rayon,Yevlakh,Yevlax,Yevlax,,District,2,40.6958,46.9101,natural-earth,1447.425,46.731184,40.415725,47.262831,40.965975,7,Q458524,584650,yevlakh-rayon
AZE-1731,AZ-shaki-zaqatala-economic-region,AZ-ZAQ,True,AZ,Azerbaijan,Zaqatala,Zaqatala,Zaqatala,Zaqatala,,District,2,41.5666,46.654,natural-earth,1433.746,46.279871,41.345023,47.028262,41.8514,9,Q147553,584604,zaqatala
AZE-1740,AZ-kalbajar-lachin-economic-region,AZ-ZAN,True,AZ,Azerbaijan,Zəngilan,Zangilan,Zangilan,Zəngilan,,District,2,39.0904,46.6305,natural-earth,746.15,46.395286,38.882176,46.866391,39.227993,9,Q249252,146900,zəngilan
AZE-1721,AZ-aran-economic-region,AZ-ZAR,True,AZ,Azerbaijan,Zərdab,Zardab,Zərdab,Zərdab,,District,2,40.2395,47.6936,natural-earth,694.57,47.44282,40.096726,47.94434,40.390687,9,Q249293,584583,zərdab
AZE-1704,AZ-aran-economic-region,AZ-IMI,True,AZ,Azerbaijan,İmişli,Imishli,İmişli,İmişli,,District,2,39.9121,48.0606,natural-earth,1984.174,47.74182,39.566526,48.379404,40.136052,9,Q343908,147983,imisli
AZE-1705,AZ-daghlig-shirvan-economic-region,AZ-ISM,True,AZ,Azerbaijan,İsmayıllı,Ismayilli,Ismailli,İsmayıllı,,District,2,40.7896,48.1125,natural-earth,2060.03,47.732467,40.512902,48.492627,41.063127,9,Q344252,586320,ismayıllı
AZE-2423,AZ-naxcıvan-autonomous-republic,AZ-SAH,True,AZ,Azerbaijan,Şahbuz,Shahbuz,Shakhbuz raion,Shahbuz,,District,2,39.4227,45.5799,natural-earth,768.622,45.357056,39.285974,45.803075,39.569782,9,Q388081,147212,sahbuz
AZE-1716,AZ-daghlig-shirvan-economic-region,AZ-SMI,True,AZ,Azerbaijan,Şamaxı,Shamakhi,Şamaxı,Şamaxı,,District,2,40.3768,48.5986,natural-earth,1342.192,48.389222,40.268008,48.80806,40.948457,9,Q330839,585030,samaxı
AZE-1737,AZ-yukhari-garabakh-economic-region,AZ-SUS,True,AZ,Azerbaijan,Şuşa,Susa,Choucha,Shusha,,District,2,39.7027,46.658,natural-earth,355.786,46.526597,39.588798,46.790164,39.782714,9,,147163,susa
AZE-5565,AZ-yukhari-garabakh-economic-region,AZ-X01,False,AZ,Azerbaijan,Şuşa,Shusha,Choucha,Şuşa,,Municipality,2,39.7618,46.7523,natural-earth,7.288,46.732998,39.745133,46.776931,39.771823,9,Q388960,409419,susa
AZE-1727,AZ-shaki-zaqatala-economic-region,AZ-SA,True,AZ,Azerbaijan,Şəki,Sheki,Cheki,Shaki,,District,2,41.0486,47.1565,natural-earth,2348.886,46.806787,40.755704,47.569841,41.49168,9,,585031,səki
AZE-5564,AZ-shaki-zaqatala-economic-region,AZ-SA,True,AZ,Azerbaijan,Şəki,Shaki,Sheki,Şəki,,Municipality,2,41.1882,47.1885,natural-earth,37.866,47.147984,41.155475,47.219424,41.241544,9,Q234783,828303,səki
AZE-1685,AZ-ganja-gazakh-economic-region,AZ-SKR,True,AZ,Azerbaijan,Şəmkir,Shamkir,Şəmkir,Şəmkir,,District,2,40.8317,46.0161,natural-earth,1679.544,45.72184,40.557189,46.310435,41.136663,9,Q467491,585059,səmkir
AZE-2419,AZ-naxcıvan-autonomous-republic,AZ-SAR,True,AZ,Azerbaijan,Şərur,Sharur,Sharur raion,Sharur,,District,2,39.5929,45.0172,natural-earth,749.534,44.823953,39.387093,45.16792,39.77039,9,Q390820,147997,sərur
BEL-3480,BE-flemish,BE-VAN,True,BE,Belgium,Antwerp,Antwerp,d'Anvers,Amberes,,Province,2,51.2485,4.72122,natural-earth,2758.783,4.181998,50.992107,5.260434,51.496238,7,Q1116,2803136,antwerp
BEL-3474,BE-capital-region,BE-BRU,True,BE,Belgium,Brussels,Brussels Capital,Bruxelles-Capitale,Bruselas-Capital,,Capital Region,2,50.8332,4.36266,natural-earth,163.95,4.24557,50.764639,4.479746,50.914811,9,Q240,6693370,brussels
BEL-3478,BE-flemish,BE-VOV,True,BE,Belgium,East Flanders,East Flanders,Flandre-Orientale,Flandes Oriental,,Province,2,50.9749,3.83186,natural-earth,2968.391,3.330681,50.721851,4.333049,51.368001,7,Q1114,2789733,east-flanders
BEL-3475,BE-flemish,BE-VBR,True,BE,Belgium,Flemish Brabant,Flemish Brabant,Brabant flamand,Brabante Flamenco,,Province,2,50.8709,4.53709,natural-earth,2116.062,3.887969,50.688726,5.186226,51.051871,7,Q1118,3333250,flemish-brabant
BEL-2,BE-walloon,BE-WHT,True,BE,Belgium,Hainaut,Hainaut,Hainaut,Henao,,Province,2,50.521,3.88925,natural-earth,3967.415,2.842193,49.933572,4.615977,50.811613,7,Q1129,2796741,hainaut
BEL-3481,BE-walloon,BE-WLG,True,BE,Belgium,Liege,Liège,Liège,Lieja,,Province,2,50.5794,5.67651,natural-earth,3734.516,4.979107,50.120456,6.374525,50.807641,7,Q1127,2792411,liege
BEL-3,BE-flemish,BE-VLI,True,BE,Belgium,Limburg,Limburg,Limbourg,Limburgo,,Province,2,50.9954,5.41314,natural-earth,2356.011,4.980916,50.697253,5.910158,51.288085,7,Q1095,2792347,limburg
BEL-3477,BE-walloon,BE-WLX,True,BE,Belgium,Luxembourg,Luxembourg,Luxembourg,Luxemburgo,,Province,2,49.9637,5.50117,natural-earth,4421.625,4.968371,49.495224,6.033823,50.430772,7,Q2032,2791993,luxembourg
BEL-3476,BE-walloon,BE-WNA,True,BE,Belgium,Namur,Namur,Namur,Namur,,Province,2,50.3244,4.88712,natural-earth,3709.049,4.285971,49.784146,5.4012,50.647968,7,Q1125,2790469,namur
BEL-3482,BE-walloon,BE-WBR,True,BE,Belgium,Walloon Brabant,Walloon Brabant,Brabant wallon,Brabante Valón,,Province,2,50.6416,4.55466,natural-earth,1095.831,4.090221,50.527175,5.019103,50.808667,7,Q1122,3333251,walloon-brabant
BEL-3479,BE-flemish,BE-VWV,True,BE,Belgium,West Flanders,West Flanders,Flandre-Occidentale,Flandes Occidental,,Province,2,51.0312,3.02202,natural-earth,3269.596,2.5218,50.700091,3.522504,51.375223,7,Q1113,2783770,west-flanders
ESP-5802,ES-castilla-la-mancha,ES-AB,True,ES,Spain,Albacete,Albacete,d'Albacete,Albacete,,Autonomous Community,2,38.834,-1.94309,natural-earth,14907.752,-2.882125,38.023623,-0.903479,39.422042,3,Q54889,2522257,albacete
ESP-5803,ES-valenciana,ES-A,True,ES,Spain,Alicante,Alicante,d'Alicante,Alicante,,Autonomous Community,2,38.5418,-0.533879,natural-earth,5803.881,-1.08445,37.84291,0.234548,38.882758,6,Q54936,2521976,alicante
ESP-5804,ES-andalucia,ES-AL,True,ES,Spain,Almería,Almería,d'Almería,Almería,,Autonomous Community,2,37.1563,-2.22473,natural-earth,8749.118,-3.140226,36.680365,-1.641618,37.91567,3,Q81802,2521883,almeria
ESP-5805,ES-asturias,ES-O,True,ES,Spain,Asturias,Asturias,Asturies,Asturias,,Autonomous Community,2,43.3261,-5.84196,natural-earth,10657.985,-7.171624,42.892834,-4.513259,43.66295,3,Q3934,6355236,asturias
ESP-5807,ES-extremadura,ES-BA,True,ES,Spain,Badajoz,Badajoz,Badajoz,Badajoz,,Autonomous Community,2,38.5731,-6.26724,natural-earth,21973.348,-7.35921,37.938977,-4.658392,39.449815,3,Q81803,2521419,badajoz
ESP-5808,ES-islas-baleares,ES-PM,True,ES,Spain,Baleares,Balearic Islands,Îles Baléares,Islas Baleares,,Autonomous Community,2,39.6162,2.99156,natural-earth,5111.912,1.212169,38.638646,4.337087,40.079413,3,Q5765,6424360,baleares
ESP-5809,ES-cataluna,ES-B,True,ES,Spain,Barcelona,Barcelona,Barcelone,Barcelona,,Autonomous Community,2,41.6575,2.00777,natural-earth,7741.742,1.36998,41.192165,2.778497,42.318374,3,Q81949,3128759,barcelona
ESP-5851,ES-pais-vasco,ES-BI,True,ES,Spain,Bizkaia,Biscay,Biscaye,Vizcaya,,Autonomous Community,2,43.2392,-2.7953,natural-earth,2198.644,-3.44503,43.02062,-2.406784,43.452501,3,Q93366,3104469,bizkaia
ESP-5810,ES-castilla-y-leon,ES-BU,True,ES,Spain,Burgos,Burgos,Burgos,Burgos,,Autonomous Community,2,42.348,-3.60703,natural-earth,14470.568,-4.33076,41.45765,-2.512942,43.201188,3,Q55271,3127460,burgos
ESP-5813,ES-cantabria,ES-S,True,ES,Spain,Cantabria,Cantabria,Cantabrie,Cantabria,,Autonomous Community,2,43.2182,-4.02085,natural-earth,5338.043,-4.83603,42.762506,-3.149544,43.518256,3,Q3946,3109716,cantabria
ESP-5814,ES-valenciana,ES-CS,True,ES,Spain,Castellón,Castellón,Castellón,Castellón,,Autonomous Community,2,40.222,-0.097511,natural-earth,6680.829,-0.839091,39.71544,0.52376,40.779914,6,Q54942,3125881,castellon
ESP-5815,ES-ceuta,ES-CE,True,ES,Spain,Ceuta,Ceuta,Ceuta,Ceuta,,Autonomous City,2,35.8803,-5.341,natural-earth,42.725,-5.398859,35.847357,-5.28307,35.926174,9,Q5823,8335119,ceuta
ESP-5816,ES-castilla-la-mancha,ES-CR,True,ES,Spain,Ciudad Real,Ciudad Real,Ciudad Real,Ciudad Real,,Autonomous Community,2,38.8936,-3.74727,natural-earth,19712.964,-5.036586,38.348874,-2.643842,39.576769,3,Q54932,2519401,ciudad-real
ESP-5818,ES-castilla-la-mancha,ES-CU,True,ES,Spain,Cuenca,Cuenca,Cuenca,Cuenca,,Autonomous Community,2,39.9115,-2.15126,natural-earth,17146.411,-3.170065,39.226733,-1.14548,40.65979,3,Q54888,2519034,cuenca
ESP-5811,ES-extremadura,ES-CC,True,ES,Spain,Cáceres,Cáceres,Cáceres,Cáceres,,Autonomous Community,2,39.7279,-6.08204,natural-earth,20095.117,-7.557286,39.031473,-4.94437,40.48032,3,Q81977,2520610,caceres
ESP-5812,ES-andalucia,ES-CA,True,ES,Spain,Cádiz,Cádiz,Cadix,Cádiz,,Autonomous Community,2,36.4828,-5.82488,natural-earth,7426.486,-6.437896,36.006456,-5.084664,37.045881,3,Q81978,2520597,cadiz
ESP-5817,ES-andalucia,ES-CO,True,ES,Spain,Córdoba,Córdoba,Cordoue,Córdoba,,Autonomous Community,2,37.9699,-4.74788,natural-earth,13734.888,-5.581828,37.186572,-4.000873,38.728412,3,Q81972,2519239,cordoba
ESP-5820,ES-cataluna,ES-GI,True,ES,Spain,Gerona,Girona,Gérone,Gerona,,Autonomous Community,2,42.0844,2.79123,natural-earth,5862.492,1.712174,41.645582,3.317719,42.493712,3,Q7194,6355230,gerona
ESP-5823,ES-pais-vasco,ES-SS,True,ES,Spain,Gipuzkoa,Gipuzkoa,Guipuscoa,Guipúzcoa,,Autonomous Community,2,43.1495,-2.2243,natural-earth,1961.673,-2.602819,42.900069,-1.74973,43.395087,3,Q95010,3120935,gipuzkoa
ESP-5821,ES-andalucia,ES-GR,True,ES,Spain,Granada,Granada,Grenade,Granada,,Autonomous Community,2,37.2665,-3.2411,natural-earth,12676.375,-4.320301,36.695516,-2.209653,38.080647,3,Q82142,2517115,granada
ESP-5822,ES-castilla-la-mancha,ES-GU,True,ES,Spain,Guadalajara,Guadalajara,Guadalajara,Guadalajara,,Autonomous Community,2,40.8422,-2.53087,natural-earth,12223.696,-3.545773,40.155342,-1.537058,41.322129,3,Q54925,3121069,guadalajara
ESP-5824,ES-andalucia,ES-H,True,ES,Spain,Huelva,Huelva,Huelva,Huelva,,Autonomous Community,2,37.6217,-6.90248,natural-earth,10128.42,-7.529691,36.808173,-6.12441,38.209296,3,Q95015,2516547,huelva
ESP-5825,ES-aragon,ES-HU,True,ES,Spain,Huesca,Huesca,Huesca,Huesca,,Autonomous Community,2,42.1863,-0.012808,natural-earth,15504.23,-0.92469,41.350929,0.769545,42.918727,3,Q55182,3120513,huesca
ESP-5826,ES-andalucia,ES-J,True,ES,Spain,Jaén,Jaén,Jaén,Jaén,,Autonomous Community,2,37.9829,-3.43703,natural-earth,13593.341,-4.284321,37.378437,-2.43026,38.533126,3,Q95025,2516394,jaen
ESP-5827,ES-galicia,ES-C,True,ES,Spain,La Coruña,A Coruña,Corogne,La Coruña,,Autonomous Community,2,43.1026,-8.39736,natural-earth,7921.597,-9.291982,42.530707,-7.668324,43.793443,3,Q82119,3119840,la-coruna
ESP-5828,ES-la-rioja,ES-LO,True,ES,Spain,La Rioja,La Rioja,La Rioja,La Rioja,,Autonomous Community,2,42.3179,-2.40337,natural-earth,5323.293,-3.120967,41.918449,-1.685783,42.644116,3,Q5727,6355232,la-rioja
ESP-5829,ES-canary-is,ES-GC,True,ES,Spain,Las Palmas,Las Palmas,Las Palmas,Las Palmas,,Autonomous Community,2,27.9463,-15.6013,natural-earth,4054.675,-15.821767,27.734361,-13.417795,29.289455,20,Q95080,2515271,las-palmas
ESP-5830,ES-castilla-y-leon,ES-LE,True,ES,Spain,León,León,León,León,,Autonomous Community,2,42.6006,-5.75872,natural-earth,15617.475,-7.071036,42.030752,-4.726864,43.23855,3,Q71140,3118528,leon
ESP-5832,ES-galicia,ES-LU,True,ES,Spain,Lugo,Lugo,Lugo,Lugo,,Autonomous Community,2,42.9467,-7.44266,natural-earth,9837.34,-7.999809,42.325526,-6.828286,43.752672,3,Q95027,3117813,lugo
ESP-5831,ES-cataluna,ES-L,True,ES,Spain,Lérida,Lleida,Lérida,Lérida,,Autonomous Community,2,42.0143,1.11518,natural-earth,12062.598,0.324198,41.232832,1.842546,42.846585,3,Q13904,6355231,lerida
ESP-5833,ES-madrid,ES-M,True,ES,Spain,Madrid,Community of Madrid,Communauté de Madrid,Madrid,,Autonomous Community,2,40.4593,-3.67012,natural-earth,7991.417,-4.571886,39.893534,-3.062236,41.161751,7,Q5756,6355233,madrid
ESP-5835,ES-melilla,ES-ML,True,ES,Spain,Melilla,Melilla,Melilla,Melilla,,Autonomous City,2,35.2934,-2.94015,natural-earth,18.095,-2.96692,35.267874,-2.912913,35.329779,9,Q5831,8335120,melilla
ESP-5836,ES-murcia,ES-MU,True,ES,Spain,Murcia,Murcia,Murcie,Murcia,,Autonomous Community,2,37.9136,-1.45758,natural-earth,11302.948,-2.338534,37.381036,-0.701243,38.754095,7,Q5772,6355234,murcia
ESP-5834,ES-andalucia,ES-MA,True,ES,Spain,Málaga,Málaga,Málaga,Málaga,,Autonomous Community,2,36.838,-4.68606,natural-earth,7345.876,-5.607844,36.297105,-3.768205,37.27755,3,Q95028,2514254,malaga
ESP-5837,ES-foral-de-navarra,ES-NA,True,ES,Spain,Navarra,Navarre,Navarre,Navarra,,Autonomous Community,2,42.7493,-1.63845,natural-earth,10076.567,-2.494545,41.908863,-0.745032,43.304929,3,Q4018,6355235,navarra
ESP-5838,ES-galicia,ES-OR,True,ES,Spain,Orense,Ourense,d'Ourense,Orense,,Autonomous Community,2,42.1609,-7.59234,natural-earth,7374.367,-8.342286,41.805951,-6.735707,42.578454,3,Q95038,3114964,orense
ESP-5839,ES-castilla-y-leon,ES-P,True,ES,Spain,Palencia,Palencia,Palencia,Palencia,,Autonomous Community,2,42.3386,-4.59868,natural-earth,8006.893,-5.026953,41.763257,-3.89246,43.050938,3,Q55269,3114530,palencia
ESP-5840,ES-galicia,ES-PO,True,ES,Spain,Pontevedra,Pontevedra,Pontevedra,Pontevedra,,Autonomous Community,2,42.5257,-8.4998,natural-earth,4409.629,-8.942616,41.888902,-7.868149,42.853013,3,Q95086,3113208,pontevedra
ESP-5841,ES-castilla-y-leon,ES-SA,True,ES,Spain,Salamanca,Salamanca,Salamanque,Salamanca,,Autonomous Community,2,40.8324,-5.9926,natural-earth,12562.884,-6.942491,40.244366,-5.09576,41.302992,3,Q71080,3111107,salamanca
ESP-5842,ES-canary-is,ES-TF,True,ES,Spain,Santa Cruz de Tenerife,Santa Cruz de Tenerife,Santa Cruz de Ténérife,Santa Cruz de Tenerife,,Autonomous Community,2,28.2566,-16.6144,natural-earth,3391.429,-18.167226,27.642239,-16.117747,28.855619,20,Q99976,2511173,santa-cruz-de-tenerife
ESP-5843,ES-castilla-y-leon,ES-SG,True,ES,Spain,Segovia,Segovia,Ségovie,Segovia,,Autonomous Community,2,41.2066,-4.04672,natural-earth,6887.628,-4.713853,40.633368,-3.198791,41.583246,3,Q55283,3109254,segovia
ESP-5844,ES-andalucia,ES-SE,True,ES,Spain,Sevilla,Seville,Séville,Sevilla,,Autonomous Community,2,37.438,-5.73917,natural-earth,14000.11,-6.531376,36.842074,-4.653231,38.190202,3,Q95088,2510910,sevilla
ESP-5845,ES-castilla-y-leon,ES-SO,True,ES,Spain,Soria,Soria,Soria,Soria,,Autonomous Community,2,41.6463,-2.55925,natural-earth,10252.511,-3.542963,41.063799,-1.785544,42.142208,3,Q55276,3108680,soria
ESP-5846,ES-cataluna,ES-T,True,ES,Spain,Tarragona,Tarragona,Tarragone,Tarragona,,Autonomous Community,2,41.1476,0.873012,natural-earth,6257.231,0.167463,40.526163,1.627829,41.576116,3,Q98392,3108287,tarragona
ESP-5847,ES-aragon,ES-TE,True,ES,Spain,Teruel,Teruel,Teruel,Teruel,,Autonomous Community,2,40.625,-0.809409,natural-earth,14791.143,-1.808256,39.852245,0.289729,41.354346,3,Q54955,3108125,teruel
ESP-5848,ES-castilla-la-mancha,ES-TO,True,ES,Spain,Toledo,Toledo,Tolède,Toledo,,Autonomous Community,2,39.7401,-3.95134,natural-earth,15341.616,-5.391009,39.25967,-2.908239,40.309478,3,Q54929,2510407,toledo
ESP-5849,ES-valenciana,ES-V,True,ES,Spain,Valencia,Valencia,Valence,Valencia,,Autonomous Community,2,39.3003,-0.712245,natural-earth,10760.676,-1.518274,38.693831,-0.030995,40.203205,6,Q54939,2509951,valencia
ESP-5850,ES-castilla-y-leon,ES-VA,True,ES,Spain,Valladolid,Valladolid,Valladolid,Valladolid,,Autonomous Community,2,41.5715,-4.83256,natural-earth,8119.289,-5.520755,41.097507,-3.980615,42.309398,3,Q71097,3106671,valladolid
ESP-5852,ES-castilla-y-leon,ES-ZA,True,ES,Spain,Zamora,Zamora,Zamora,Zamora,,Autonomous Community,2,41.6837,-5.84292,natural-earth,10639.62,-7.028144,41.116151,-5.228727,42.252873,3,Q71113,3104341,zamora
ESP-5853,ES-aragon,ES-Z,True,ES,Spain,Zaragoza,Zaragoza,Saragosse,Zaragoza,,Autonomous Community,2,41.5814,-1.0538,natural-earth,17262.354,-2.17335,40.943787,0.377269,42.742559,3,Q55180,3104323,zaragoza
ESP-5801,ES-pais-vasco,ES-VI,True,ES,Spain,Álava,Araba / Álava,Alava,Álava,,Autonomous Community,2,42.8902,-2.6966,natural-earth,2888.802,-3.280078,42.496683,-2.239134,43.204982,3,Q81801,3130717,alava
ESP-5806,ES-castilla-y-leon,ES-AV,True,ES,Spain,Ávila,Ávila,d'Ávila,Ávila,,Autonomous Community,2,40.5611,-4.87934,natural-earth,8086.881,-5.727733,40.088819,-4.161291,41.160789,3,Q55288,3129138,avila
FRA-5262,FR-auvergne-rhone-alpes,FR-01,True,FR,France,Ain,Ain,Ain,Ain,,Metropolitan department,2,46.084,5.37744,natural-earth,5652.57,4.746738,45.643749,6.1364,46.511219,3,Q3083,3038422,ain
FRA-5263,FR-hauts-de-france,FR-02,True,FR,France,Aisne,Aisne,Aisne,Aisne,,Metropolitan department,2,49.5667,3.51554,natural-earth,7443.612,2.96425,48.846945,4.250222,50.060099,3,Q3093,3038375,aisne
FRA-5264,FR-auvergne-rhone-alpes,FR-03,True,FR,France,Allier,Allier,Allier,Allier,,Metropolitan department,2,46.408,3.18698,natural-earth,7346.271,2.253896,45.957035,4.001447,46.793216,3,Q3113,3038111,allier
FRA-5266,FR-provence-alpes-cote-d-azur,FR-06,True,FR,France,Alpes-Maritimes,Alpes-Maritimes,Alpes-Maritimes,Alpes Marítimos,,Metropolitan department,2,43.8699,7.18651,natural-earth,4151.957,6.636387,43.480346,7.691912,44.354623,3,Q3139,3038049,alpes-maritimes
FRA-5265,FR-provence-alpes-cote-d-azur,FR-04,True,FR,France,Alpes-de-Haute-Provence,Alpes-de-Haute-Provence,Alpes-de-Haute-Provence,Alpes de Alta Provenza,,Metropolitan department,2,44.0454,6.24822,natural-earth,6951.478,5.502575,43.671582,6.945601,44.660923,3,Q3131,3038050,alpes-de-haute-provence
FRA-5268,FR-grand-est,FR-08,True,FR,France,Ardennes,Ardennes,Ardennes,Ardenas,,Metropolitan department,2,49.5403,4.62417,natural-earth,5175.306,4.033879,49.235015,5.391166,50.161332,3,Q3164,3037136,ardennes
FRA-5267,FR-auvergne-rhone-alpes,FR-07,True,FR,France,Ardèche,Ardèche,Ardèche,Ardecha,,Metropolitan department,2,44.8014,4.4999,natural-earth,5649.606,3.868469,44.281719,4.892571,45.365707,3,Q3148,3037147,ardeche
FRA-5269,FR-occitanie,FR-09,True,FR,France,Ariège,Ariège,Ariège,Ariège,,Metropolitan department,2,42.9046,1.53654,natural-earth,4972.799,0.832485,42.567646,2.168752,43.30844,3,Q3184,3036965,ariege
FRA-5270,FR-grand-est,FR-10,True,FR,France,Aube,Aube,Aube,Aube,,Metropolitan department,2,48.3125,4.16252,natural-earth,6136.998,3.389487,47.922292,4.862446,48.710736,3,Q3194,3036420,aube
FRA-5271,FR-occitanie,FR-11,True,FR,France,Aude,Aude,Aude,Aude,,Metropolitan department,2,43.1004,2.48157,natural-earth,6348.922,1.696516,42.652161,3.244314,43.442254,3,Q3207,3036264,aude
FRA-5272,FR-occitanie,FR-12,True,FR,France,Aveyron,Aveyron,Aveyron,Aveyron,,Metropolitan department,2,44.2884,2.66383,natural-earth,8799.974,1.833999,43.690435,3.447517,44.935351,3,Q3216,3035691,aveyron
FRA-5273,FR-grand-est,FR-67,True,FR,France,Bas-Rhin,Bas-Rhin,Bas-Rhin,Bajo Rin,,Metropolitan department,2,48.6179,7.56628,natural-earth,4622.86,6.977073,48.121353,8.200305,49.065683,3,Q12717,3034720,bas-rhin
FRA-5274,FR-provence-alpes-cote-d-azur,FR-13,True,FR,France,Bouches-du-Rhône,Bouches-du-Rhône,Bouches-du-Rhône,Bocas del Ródano,,Metropolitan department,2,43.5324,5.40444,natural-earth,5172.494,4.205903,43.160429,5.813225,43.932826,3,Q3240,3031359,bouches-du-rhone
FRA-5275,FR-normandie,FR-14,True,FR,France,Calvados,Calvados,Calvados,Calvados,,Metropolitan department,2,49.0601,-0.288724,natural-earth,5643.998,-1.146911,48.752298,0.431418,49.434715,3,Q3249,3029094,calvados
FRA-5276,FR-auvergne-rhone-alpes,FR-15,True,FR,France,Cantal,Cantal,Cantal,Cantal,,Metropolitan department,2,45.1592,2.74821,natural-earth,5780.875,2.058713,44.622339,3.369734,45.480042,3,Q3259,3028791,cantal
FRA-5277,FR-nouvelle-aquitaine,FR-16,True,FR,France,Charente,Charente,Charente,Charente,,Metropolitan department,2,45.6998,0.154828,natural-earth,5962.718,-0.459266,45.192024,0.924111,46.138463,3,Q3266,3026646,charente
FRA-5278,FR-nouvelle-aquitaine,FR-17,True,FR,France,Charente-Maritime,Charente-Maritime,Charente-Maritime,Charente Marítimo,,Metropolitan department,2,45.8441,-0.714301,natural-earth,6759.543,-1.555816,45.101145,0.000336,46.362442,3,Q3278,3026644,charente-maritime
FRA-5279,FR-centre-val-de-loire,FR-18,True,FR,France,Cher,Cher,Cher,Cher,,Metropolitan department,2,47.1356,2.51907,natural-earth,7300.259,1.774387,46.419801,3.075564,47.624353,3,Q3286,3025480,cher
FRA-5280,FR-nouvelle-aquitaine,FR-19,True,FR,France,Corrèze,Corrèze,Corrèze,Corréze,,Metropolitan department,2,45.355,1.90105,natural-earth,5897.43,1.238913,44.932868,2.525456,45.760874,3,Q3326,3023532,correze
FRA-5281,FR-corse,FR-2A,True,FR,France,Corse-du-Sud,Corse-du-Sud,Corse-du-Sud,Córcega del Sur,,Metropolitan department,2,41.8449,9.02252,natural-earth,3967.31,8.545258,41.365912,9.403005,42.386705,3,Q3336,3023514,corse-du-sud
FRA-5284,FR-nouvelle-aquitaine,FR-23,True,FR,France,Creuse,Creuse,Creuse,Creuse,,Metropolitan department,2,46.0705,2.04281,natural-earth,5580.937,1.385119,45.673896,2.597746,46.452002,3,Q3353,3022516,creuse
FRA-5282,FR-bourgogne-franche-comte,FR-21,True,FR,France,Côte-d'Or,Côte-d’Or,Côte-d'Or,Côte-d’Or,,Metropolitan department,2,47.4003,4.76991,natural-earth,8790.707,4.064926,46.902661,5.521714,48.022026,3,Q3342,3023423,cote-d-or
FRA-5283,FR-bretagne,FR-22,True,FR,France,Côtes-d'Armor,Côtes-d'Armor,Côtes-d'Armor,Côtes-d'Armor,,Metropolitan department,2,48.4383,-2.93239,natural-earth,7095.891,-3.638539,48.034451,-1.908879,48.876654,3,Q3349,3023414,cotes-d-armor
FRA-5285,FR-nouvelle-aquitaine,FR-79,True,FR,France,Deux-Sèvres,Deux-Sèvres,Deux-Sèvres,Deux-Sèvres,,Metropolitan department,2,46.5681,-0.300826,natural-earth,6091.985,-0.946004,45.969713,0.204704,47.100635,3,Q12765,3021501,deux-sevres
FRA-5286,FR-nouvelle-aquitaine,FR-24,True,FR,France,Dordogne,Dordogne,Dordogne,Dordoña,,Metropolitan department,2,45.1592,0.780505,natural-earth,9264.333,-0.033556,44.574533,1.45864,45.710337,3,Q3357,3021042,dordogne
FRA-5287,FR-bourgogne-franche-comte,FR-25,True,FR,France,Doubs,Doubs,Doubs,Doubs,,Metropolitan department,2,47.1584,6.31895,natural-earth,5192.917,5.698835,46.557588,7.044303,47.562863,3,Q3361,3020989,doubs
FRA-5288,FR-auvergne-rhone-alpes,FR-26,True,FR,France,Drôme,Drôme,Drôme,Drôme,,Metropolitan department,2,44.7407,5.13443,natural-earth,6525.34,4.657529,44.12178,5.830627,45.343932,3,Q3364,3020781,drome
FRA-5289,FR-ile-de-france,FR-91,True,FR,France,Essonne,Essonne,Essonne,Essonne,,Metropolitan department,2,48.5629,2.29588,natural-earth,1832.947,1.91934,48.276744,2.575993,48.776072,3,Q3368,3019599,essonne
FRA-5290,FR-normandie,FR-27,True,FR,France,Eure,Eure,Eure,Eure,,Metropolitan department,2,49.0414,0.92951,natural-earth,6026.422,0.294264,48.665088,1.78344,49.4936,3,Q3372,3019317,eure
FRA-5291,FR-centre-val-de-loire,FR-28,True,FR,France,Eure-et-Loir,Eure-et-Loir,Eure-et-Loir,Eure y Loir,,Metropolitan department,2,48.3564,1.36704,natural-earth,5843.795,0.775114,47.950933,1.999738,48.939549,3,Q3377,3019316,eure-et-loir
FRA-5292,FR-bretagne,FR-29,True,FR,France,Finistère,Finistère,Finistère,Finisterre,,Metropolitan department,2,48.3309,-3.92644,natural-earth,6734.506,-5.132802,47.773749,-3.385848,48.733222,3,Q3389,3018471,finistere
FRA-5293,FR-occitanie,FR-30,True,FR,France,Gard,Gard,Gard,Gard,,Metropolitan department,2,43.9914,4.18939,natural-earth,5863.775,3.28615,43.459906,4.849812,44.457852,3,Q12515,3016670,gard
FRA-5294,FR-occitanie,FR-32,True,FR,France,Gers,Gers,Gers,Gers,,Metropolitan department,2,43.6809,0.537496,natural-earth,6281.357,-0.267906,43.310934,1.192331,44.072814,3,Q12517,3016194,gers
FRA-5295,FR-nouvelle-aquitaine,FR-33,True,FR,France,Gironde,Gironde,Gironde,Gironda,,Metropolitan department,2,44.7339,-0.515546,natural-earth,10132.142,-1.260365,44.197959,0.32217,45.57331,3,Q12526,3015948,gironde
FRA-4603,FR-guadeloupe,FR-GP,True,FR,France,Guadeloupe,Guadeloupe,Guadeloupe,Guadalupe,,Overseas department,2,16.1881,-61.6822,natural-earth,1663.025,-61.797841,15.846991,-60.989247,16.513088,20,Q17012,6690364,guadeloupe
FRA-2000,FR-guyane-francaise,FR-GF,True,FR,France,Guyane française,French Guiana,Guyane,Guayana Francesa,,Overseas department,2,3.85831,-53.1324,natural-earth,83551.735,-54.615292,2.110673,-51.649037,5.744765,5,Q3769,6690606,guyane-francaise
FRA-5297,FR-corse,FR-2B,True,FR,France,Haute-Corse,Haute-Corse,Haute-Corse,Alta Córcega,,Metropolitan department,2,42.3996,9.2309,natural-earth,4685.52,8.570486,41.834053,9.559581,43.017401,3,Q3334,3013793,haute-corse
FRA-5298,FR-occitanie,FR-31,True,FR,France,Haute-Garonne,Haute-Garonne,Haute-Garonne,Alto Garona,,Metropolitan department,2,43.5457,1.41673,natural-earth,6361.348,0.441635,42.684476,2.053132,43.918324,3,Q12538,3013767,haute-garonne
FRA-5299,FR-auvergne-rhone-alpes,FR-43,True,FR,France,Haute-Loire,Haute-Loire,Haute-Loire,Alto Loira,,Metropolitan department,2,45.1254,3.72362,natural-earth,4994.487,3.103535,44.750912,4.478166,45.421891,3,Q12572,3013760,haute-loire
FRA-5300,FR-grand-est,FR-52,True,FR,France,Haute-Marne,Haute-Marne,Haute-Marne,Alto Marne,,Metropolitan department,2,48.1552,5.24076,natural-earth,6318.492,4.63727,47.588307,5.89782,48.693279,3,Q12607,3013757,haute-marne
FRA-5296,FR-grand-est,FR-68,True,FR,France,Haute-Rhin,Haut-Rhin,Haut-Rhin,Alto Rin,,Metropolitan department,2,47.886,7.25359,natural-earth,3400.424,6.868923,47.416797,7.621116,48.303407,3,Q12722,3013663,haute-rhin
FRA-5302,FR-auvergne-rhone-alpes,FR-74,True,FR,France,Haute-Savoie,Haute-Savoie,Haute-Savoie,Alta Saboya,,Metropolitan department,2,46.0502,6.51823,natural-earth,4682.233,5.824211,45.683564,7.022083,46.457372,3,Q12751,3013736,haute-savoie
FRA-5301,FR-bourgogne-franche-comte,FR-70,True,FR,France,Haute-Saône,Haute-Saône,Haute-Saône,Alto Saona,,Metropolitan department,2,47.6973,6.16722,natural-earth,5287.906,5.374892,47.260442,6.836012,48.008699,3,Q12730,3013737,haute-saone
FRA-5303,FR-nouvelle-aquitaine,FR-87,True,FR,France,Haute-Vienne,Haute-Vienne,Haute-Vienne,Alto Vienne,,Metropolitan department,2,45.8465,1.21857,natural-earth,5495.161,0.635896,45.446473,1.909387,46.39706,3,Q12808,3013719,haute-vienne
FRA-5304,FR-provence-alpes-cote-d-azur,FR-05,True,FR,France,Hautes-Alpes,Hautes-Alpes,Hautes-Alpes,Altos Alpes,,Metropolitan department,2,44.6732,6.37648,natural-earth,5530.454,5.426726,44.188676,7.055155,45.124788,3,Q3125,3013738,hautes-alpes
FRA-5305,FR-occitanie,FR-65,True,FR,France,Hautes-Pyrénées,Hautes-Pyrénées,Hautes-Pyrénées,Altos Pirineos,,Metropolitan department,2,43.0599,0.13923,natural-earth,4533.361,-0.317059,42.668689,0.644904,43.611751,3,Q12700,3013726,hautes-pyrenees
FRA-5306,FR-ile-de-france,FR-92,True,FR,France,Hauts-de-Seine,Hauts-de-Seine,Hauts-de-Seine,Altos del Sena,,Metropolitan department,2,48.8557,2.19706,natural-earth,166.643,2.151613,48.730105,2.331965,48.958127,3,Q12543,3013657,hauts-de-seine
FRA-5307,FR-occitanie,FR-34,True,FR,France,Hérault,Hérault,Hérault,Hérault,,Metropolitan department,2,43.5524,3.27316,natural-earth,6169.666,2.555163,43.219428,4.1807,43.970652,3,Q12545,3013500,herault
FRA-5308,FR-bretagne,FR-35,True,FR,France,Ille-et-Vilaine,Ille-et-Vilaine,Ille-et-Vilaine,Ille y Vilaine,,Metropolitan department,2,48.1428,-1.65623,natural-earth,6712.864,-2.287347,47.632626,-1.039333,48.712144,3,Q12549,3012849,ille-et-vilaine
FRA-5309,FR-centre-val-de-loire,FR-36,True,FR,France,Indre,Indre,Indre,Indre,,Metropolitan department,2,46.8003,1.61636,natural-earth,6930.682,0.880751,46.350939,2.19468,47.289215,3,Q12553,3012805,indre
FRA-5310,FR-centre-val-de-loire,FR-37,True,FR,France,Indre-et-Loire,Indre-et-Loire,Indre-et-Loire,Indre y Loira,,Metropolitan department,2,47.2903,0.713649,natural-earth,6128.169,0.06676,46.743228,1.362356,47.706147,3,Q12556,3012804,indre-et-loire
FRA-5311,FR-auvergne-rhone-alpes,FR-38,True,FR,France,Isère,Isère,Isère,Isère,,Metropolitan department,2,45.2478,5.4175,natural-earth,7907.16,4.755373,44.708977,6.369726,45.879955,3,Q12559,3012715,isere
FRA-5312,FR-bourgogne-franche-comte,FR-39,True,FR,France,Jura,Jura,Jura,Jura,,Metropolitan department,2,46.732,5.72845,natural-earth,4934.927,5.250154,46.260686,6.206645,47.292215,3,Q3120,3012051,jura
FRA-4601,FR-reunion,FR-RE,True,FR,France,La Réunion,Réunion,La Réunion,Reunión,,Overseas department,2,-21.1155,55.5405,natural-earth,2589.51,55.225434,-21.370782,55.854503,-20.861423,20,Q17070,6690284,la-reunion
FRA-5313,FR-nouvelle-aquitaine,FR-40,True,FR,France,Landes,Landes,Landes,Landas,,Metropolitan department,2,43.9644,-0.792307,natural-earth,9382.256,-1.513987,43.489989,0.13549,44.529768,3,Q12563,3007866,landes
FRA-5314,FR-centre-val-de-loire,FR-41,True,FR,France,Loir-et-Cher,Loir-et-Cher,Loir-et-Cher,Loir y Cher,,Metropolitan department,2,47.5484,1.59234,natural-earth,6346.77,0.60197,47.186274,2.258642,48.130713,3,Q12564,2997856,loir-et-cher
FRA-5315,FR-auvergne-rhone-alpes,FR-42,True,FR,France,Loire,Loire,Loire,Loira,,Metropolitan department,2,45.706,4.16239,natural-earth,4881.178,3.674692,45.236496,4.769826,46.276199,3,Q12569,2997870,loire
FRA-5316,FR-pays-de-la-loire,FR-44,True,FR,France,Loire-Atlantique,Loire-Atlantique,Loire-Atlantique,Loira Atlántico,,Metropolitan department,2,47.3637,-1.6025,natural-earth,6728.99,-2.556386,46.859947,-0.923779,47.825194,3,Q3068,2997861,loire-atlantique
FRA-5317,FR-centre-val-de-loire,FR-45,True,FR,France,Loiret,Loiret,Loiret,Loiret,,Metropolitan department,2,47.9007,2.19238,natural-earth,6693.023,1.5159,47.484992,3.117927,48.339069,3,Q12574,2997857,loiret
FRA-5318,FR-occitanie,FR-46,True,FR,France,Lot,Lot,Lot,Lot,,Metropolitan department,2,44.6327,1.61079,natural-earth,5095.658,0.998269,44.220481,2.205315,45.045049,3,Q12576,2997524,lot
FRA-5319,FR-nouvelle-aquitaine,FR-47,True,FR,France,Lot-et-Garonne,Lot-et-Garonne,Lot-et-Garonne,Lot y Garona,,Metropolitan department,2,44.3829,0.449742,natural-earth,5367.668,-0.14064,43.967321,1.077211,44.762338,3,Q12578,2997523,lot-et-garonne
FRA-5320,FR-occitanie,FR-48,True,FR,France,Lozère,Lozère,Lozère,Lozère,,Metropolitan department,2,44.4909,3.54811,natural-earth,5169.583,2.980114,44.113441,3.993999,44.956796,3,Q12580,2997288,lozere
FRA-5321,FR-pays-de-la-loire,FR-49,True,FR,France,Maine-et-Loire,Maine-et-Loire,Maine-et-Loire,Maine y Loira,,Metropolitan department,2,47.3771,-0.527847,natural-earth,7298.9,-1.33926,46.988091,0.241772,47.809539,3,Q12584,2996663,maine-et-loire
FRA-5322,FR-normandie,FR-50,True,FR,France,Manche,Manche,Manche,Mancha,,Metropolitan department,2,49.1637,-1.34727,natural-earth,6020.649,-1.945627,48.462929,-0.736813,49.726386,3,Q12589,2996268,manche
FRA-5323,FR-grand-est,FR-51,True,FR,France,Marne,Marne,Marne,Marne,,Metropolitan department,2,49.022,4.26395,natural-earth,8075.345,3.394914,48.525804,5.03414,49.407292,3,Q12594,2995603,marne
FRA-1442,FR-martinique,FR-MQ,True,FR,France,Martinique,Martinique,Martinique,Martinica,,Overseas department,2,14.7245,-61.064,natural-earth,1101.442,-61.228831,14.408108,-60.810414,14.876899,4,Q17054,6690604,martinique
FRA-5324,FR-pays-de-la-loire,FR-53,True,FR,France,Mayenne,Mayenne,Mayenne,Mayenne,,Metropolitan department,2,48.1562,-0.635312,natural-earth,5226.281,-1.242964,47.735052,-0.052728,48.561278,3,Q12620,2994932,mayenne
FRA-4602,FR-mayotte,FR-YT,True,FR,France,Mayotte,Mayotte,Mayotte,Mayotte,,Overseas department,2,-12.7767,45.2769,natural-earth,396.412,45.042491,-12.98919,45.290863,-12.647231,20,Q17063,1024031,mayotte
FRA-5325,FR-grand-est,FR-54,True,FR,France,Meurthe-et-Moselle,Meurthe-et-Moselle,Meurthe-et-Moselle,Meurthe y Mosela,,Metropolitan department,2,48.7055,6.27603,natural-earth,5209.097,5.464123,48.357493,7.08865,49.549431,3,Q12626,2994111,meurthe-et-moselle
FRA-5326,FR-grand-est,FR-55,True,FR,France,Meuse,Meuse,Meuse,Mosa,,Metropolitan department,2,48.9505,5.50884,natural-earth,6194.49,4.906919,48.411864,5.849568,49.608817,3,Q12631,2994106,meuse
FRA-5327,FR-bretagne,FR-56,True,FR,France,Morbihan,Morbihan,Morbihan,Morbihan,,Metropolitan department,2,47.8699,-2.89359,natural-earth,6714.797,-3.732477,47.296617,-2.051668,48.207464,3,Q12642,2991879,morbihan
FRA-5328,FR-grand-est,FR-57,True,FR,France,Moselle,Moselle,Moselle,Mosela,,Metropolitan department,2,49.0845,6.51862,natural-earth,6092.597,5.924099,48.523442,7.644932,49.499409,3,Q12652,2991627,moselle
FRA-5329,FR-bourgogne-franche-comte,FR-58,True,FR,France,Nièvre,Nièvre,Nièvre,Nièvre,,Metropolitan department,2,47.1505,3.56837,natural-earth,6864.171,2.855969,46.649965,4.224052,47.57876,3,Q12657,2990371,nievre
FRA-5330,FR-hauts-de-france,FR-59,True,FR,France,Nord,Nord,Nord,Norte,,Metropolitan department,2,50.403,3.22709,natural-earth,5546.78,2.063324,49.969045,4.210316,51.087541,3,Q12661,2990129,nord
FRA-5331,FR-hauts-de-france,FR-60,True,FR,France,Oise,Oise,Oise,Oise,,Metropolitan department,2,49.3967,2.64323,natural-earth,5935.926,1.679157,49.067803,3.169387,49.765622,3,Q12675,2989663,oise
FRA-5332,FR-normandie,FR-61,True,FR,France,Orne,Orne,Orne,Orne,,Metropolitan department,2,48.6533,0.063214,natural-earth,6155.92,-0.862706,48.180833,0.979812,48.970596,3,Q12679,2989247,orne
FRA-5333,FR-ile-de-france,FR-75,True,FR,France,Paris,Paris,Paris,París,,Metropolitan department,2,48.8594,2.34347,natural-earth,128.972,2.226804,48.815832,2.47342,48.901217,3,Q90,2968815,paris
FRA-5334,FR-hauts-de-france,FR-62,True,FR,France,Pas-de-Calais,Pas-de-Calais,Pas-de-Calais,Paso de Calais,,Metropolitan department,2,50.4661,2.3614,natural-earth,6736.741,1.555186,50.018033,3.169299,51.01432,3,Q12689,2988430,pas-de-calais
FRA-5335,FR-auvergne-rhone-alpes,FR-63,True,FR,France,Puy-de-Dôme,Puy-de-Dôme,Puy-de-Dôme,Puy-de-Dôme,,Metropolitan department,2,45.8135,3.26844,natural-earth,7916.427,2.398234,45.288616,3.969192,46.262664,3,Q12694,2984986,puy-de-dome
FRA-5336,FR-nouvelle-aquitaine,FR-64,True,FR,France,Pyrénées-Atlantiques,Pyrenees-Atlantics,Pyrénées-Atlantiques,Pirineos Atlánticos,,Metropolitan department,2,43.259,-0.74999,natural-earth,7897.371,-1.797172,42.772636,0.023232,43.592063,3,Q12703,2984887,pyrenees-atlantiques
FRA-5337,FR-occitanie,FR-66,True,FR,France,Pyrénées-Orientales,Pyrénées-Orientales,Pyrénées-Orientales,Pirineos Orientales,,Metropolitan department,2,42.5738,2.54908,natural-earth,4227.382,1.707006,42.325661,3.18157,42.9138,3,Q12709,2984885,pyrenees-orientales
FRA-5338,FR-auvergne-rhone-alpes,FR-69,True,FR,France,Rhône,Rhône,Rhône,Ródano,,Metropolitan department,2,45.841,4.64841,natural-earth,3268.979,4.252639,45.444457,5.156902,46.299193,3,Q46130,2987410,rhone
FRA-5340,FR-pays-de-la-loire,FR-72,True,FR,France,Sarthe,Sarthe,Sarthe,Sarthe,,Metropolitan department,2,47.9682,0.170679,natural-earth,6235.674,-0.444313,47.580221,0.912883,48.474091,3,Q12740,2975926,sarthe
FRA-5341,FR-auvergne-rhone-alpes,FR-73,True,FR,France,Savoie,Savoie,Savoie,Saboya,,Metropolitan department,2,45.4832,6.47098,natural-earth,6151.361,5.600486,45.053585,7.160679,45.938766,3,Q12745,2975517,savoie
FRA-5339,FR-bourgogne-franche-comte,FR-71,True,FR,France,Saône-et-Loire,Saône-et-Loire,Saône-et-Loire,Saona y Loira,,Metropolitan department,2,46.6789,4.5138,natural-earth,8669.269,3.62488,46.171752,5.458828,47.155325,3,Q12736,2976082,saone-et-loire
FRA-5342,FR-ile-de-france,FR-77,True,FR,France,Seien-et-Marne,Seine-et-Marne,Seine-et-Marne,Sena y Marne,,Metropolitan department,2,48.5515,2.84201,natural-earth,5878.109,2.390661,48.121661,3.537802,49.1062,3,Q12753,2975249,seien-et-marne
FRA-5343,FR-normandie,FR-76,True,FR,France,Seine-Maritime,Seine-Maritime,Seine-Maritime,Sena Marítimo,,Metropolitan department,2,49.5936,1.1513,natural-earth,6189.037,0.075369,49.256307,1.769487,50.06572,3,Q12758,2975248,seine-maritime
FRA-5344,FR-ile-de-france,FR-93,True,FR,France,Seine-Saint-Denis,Seine-Saint-Denis,Seine-Saint-Denis,Sena-Saint Denis,,Metropolitan department,2,48.9289,2.51916,natural-earth,233.108,2.266596,48.807471,2.592385,49.009784,3,Q12761,2975246,seine-saint-denis
FRA-5345,FR-hauts-de-france,FR-80,True,FR,France,Somme,Somme,Somme,Somme,,Metropolitan department,2,49.8757,2.36029,natural-earth,6216.152,1.373069,49.575009,3.193073,50.375678,3,Q12770,2974304,somme
FRA-5346,FR-occitanie,FR-81,True,FR,France,Tarn,Tarn,Tarn,Tarn,,Metropolitan department,2,43.8024,2.13731,natural-earth,5831.165,1.548442,43.383191,2.934477,44.19451,3,Q12772,2973362,tarn
FRA-5347,FR-occitanie,FR-82,True,FR,France,Tarn-et-Garonne,Tarn-et-Garonne,Tarn-et-Garonne,Tarn y Garona,,Metropolitan department,2,44.0657,1.23277,natural-earth,3696.078,0.741738,43.773777,1.977443,44.392747,3,Q12779,2973357,tarn-et-garonne
FRA-5348,FR-bourgogne-franche-comte,FR-90,True,FR,France,Territoire de Belfort,Territoire de Belfort,Territoire de Belfort,Territorio de Belfort,,Metropolitan department,2,47.6568,6.93675,natural-earth,656.622,6.759082,47.426844,7.151492,47.824165,3,Q12782,3033789,territoire-de-belfort
FRA-5349,FR-ile-de-france,FR-95,True,FR,France,Val-d'Oise,Val-d'Oise,Val-d'Oise,Valle del Oise,,Metropolitan department,2,49.0754,2.23366,natural-earth,1339.288,1.619875,48.882881,2.583332,49.230664,3,Q12784,2971071,val-d-oise
FRA-5350,FR-ile-de-france,FR-94,True,FR,France,Val-de-Marne,Val-de-Marne,Val-de-Marne,Valle del Marne,,Metropolitan department,2,48.7752,2.5155,natural-earth,234.751,2.316518,48.689522,2.598977,48.859201,3,Q12788,2971090,val-de-marne
FRA-5351,FR-provence-alpes-cote-d-azur,FR-83,True,FR,France,Var,Var,Var,Var,,Metropolitan department,2,43.4095,6.27103,natural-earth,6010.437,5.672189,42.987128,6.933185,43.806538,3,Q12789,2970749,var
FRA-5352,FR-provence-alpes-cote-d-azur,FR-84,True,FR,France,Vaucluse,Vaucluse,Vaucluse,Vaucluse,,Metropolitan department,2,43.9981,5.21543,natural-earth,3466.472,4.657529,43.666034,5.753775,44.42887,3,Q12792,2970554,vaucluse
FRA-5353,FR-pays-de-la-loire,FR-85,True,FR,France,Vendée,Vendée,Vendée,Vandea,,Metropolitan department,2,46.6893,-1.31827,natural-earth,6552.34,-2.382924,46.27912,-0.555286,47.076322,3,Q12798,2970140,vendee
FRA-5354,FR-nouvelle-aquitaine,FR-86,True,FR,France,Vienne,Vienne,Vienne,Vienne,,Metropolitan department,2,46.5338,0.412746,natural-earth,6965.801,-0.109043,46.053517,1.194682,47.160588,3,Q12804,2969280,vienne
FRA-5355,FR-grand-est,FR-88,True,FR,France,Vosges,Vosges,Vosges,Vosgos,,Metropolitan department,2,48.2445,6.67053,natural-earth,5975.967,5.422397,47.818998,7.209038,48.523442,3,Q3105,2967681,vosges
FRA-5356,FR-bourgogne-franche-comte,FR-89,True,FR,France,Yonne,Yonne,Yonne,Yonne,,Metropolitan department,2,47.7715,3.64262,natural-earth,7469.481,2.830876,47.312331,4.341145,48.411744,3,Q12816,2967222,yonne
FRA-5357,FR-ile-de-france,FR-78,True,FR,France,Yvelines,Yvelines,Yvelines,Yvelines,,Metropolitan department,2,48.8191,1.90058,natural-earth,2254.438,1.443457,48.44412,2.22654,49.082591,3,Q12820,2967196,yvelines
GBR-2012,GB-north-eastern,GB-ABE,True,GB,United Kingdom,Aberdeen,Aberdeen,Aberdeen,Aberdeen,,Unitary District (city),2,57.1676,-2.19814,natural-earth,224.155,-2.354657,57.082511,-2.044667,57.240847,9,Q36405,3333224,aberdeen
GBR-2013,GB-north-eastern,GB-ABD,True,GB,United Kingdom,Aberdeenshire,Aberdeenshire,Aberdeenshire,Aberdeenshire,,Unitary District,2,57.236,-2.77785,natural-earth,6311.245,-3.796404,56.740383,-1.759348,57.704983,9,Q189912,2657830,aberdeenshire
GBR-2128,GB-east-wales,GB-AGY,True,GB,United Kingdom,Anglesey,Anglesey,Anglesey,Anglesey,,Unitary Authority (wales),2,53.2996,-4.3787,natural-earth,709.867,-4.693959,53.12995,-4.042877,53.426947,9,Q168159,2657311,anglesey
GBR-2019,GB-eastern,GB-ANS,True,GB,United Kingdom,Angus,Angus,Angus,Angus,,Unitary District,2,56.7458,-2.9155,natural-earth,2105.745,-3.395084,56.467027,-2.435943,56.984636,9,Q202177,2657306,angus
GBR-2092,GB-northern-ireland,GB-ANT,True,GB,United Kingdom,Antrim,Antrim,d'Antrim,Antrim,,District,2,54.6926,-6.26057,natural-earth,554.983,-6.498642,54.567471,-6.022495,54.807146,9,Q609214,2657256,antrim
GBR-2137,GB-northern-ireland,GB-ARD,True,GB,United Kingdom,Ards,Ards,Ards,Ards,,District,2,54.5164,-5.62705,natural-earth,392.697,-5.82336,54.33808,-5.430776,54.672301,9,Q640080,2657122,ards
GBR-2746,GB-highlands-and-islands,GB-AGB,True,GB,United Kingdom,Argyll and Bute,Argyll and Bute,Argyll and Bute,Argyll and Bute,,Unitary District,2,56.2296,-5.14339,natural-earth,7554.935,-6.989898,55.297065,-4.558398,56.69123,9,Q202174,6457407,argyll-and-bute
GBR-2085,GB-northern-ireland,GB-ARM,True,GB,United Kingdom,Armagh,Armagh,Armagh,Armagh,,District,2,54.3304,-6.62144,natural-earth,658.906,-6.882185,54.173665,-6.36002,54.464118,9,Q4792580,2657061,armagh
GBR-2094,GB-northern-ireland,GB-BLA,True,GB,United Kingdom,Ballymena,Ballymena,Ballymena,Ballymena,,District,2,54.9003,-6.22753,natural-earth,641.845,-6.510295,54.776605,-5.944774,55.028269,9,Q805424,2656491,ballymena
GBR-2101,GB-northern-ireland,GB-BLY,True,GB,United Kingdom,Ballymoney,Ballymoney,Ballymoney,Ballymoney,,District,2,55.0525,-6.4032,natural-earth,412.479,-6.613854,54.910757,-6.192536,55.149089,9,Q805427,2656489,ballymoney
GBR-2087,GB-northern-ireland,GB-BNB,True,GB,United Kingdom,Banbridge,Banbridge,Banbridge,Banbridge,,District,2,54.3466,-6.17154,natural-earth,459.958,-6.405288,54.242167,-5.937797,54.444119,9,Q806141,2656408,banbridge
GBR-2060,GB-greater-london,GB-BDG,True,GB,United Kingdom,Barking and Dagenham,Barking and Dagenham,Barking et Dagenham,Barking y Dagenham,,London Borough,2,51.5379,0.133951,natural-earth,42.019,0.074575,51.497736,0.193327,51.598918,9,Q205358,-2648110,barking-and-dagenham
GBR-5705,GB-greater-london,GB-BNE,True,GB,United Kingdom,Barnet,Barnet,Barnet,Municipio de Barnet,,London Borough,2,51.6115,-0.204805,natural-earth,93.604,-0.29362,51.551479,-0.11998,51.672195,9,Q151048,-2648110,barnet
GBR-5688,GB-yorkshire-and-the-humber,GB-BNS,True,GB,United Kingdom,Barnsley,Barnsley,Barnsley,Municipio metropolitano de Barnsley,,Metropolitan Borough,2,53.5347,-1.45688,natural-earth,340.728,-1.816137,53.411006,-1.294744,53.606625,9,Q1857382,3333122,barnsley
GBR-2043,GB-south-west,GB-BAS,True,GB,United Kingdom,Bath and North East Somerset,Bath and North East Somerset,Bath and North East Somerset,Bath and North East Somerset,,Unitary Authority,2,51.3476,-2.49591,natural-earth,308.041,-2.714868,51.272995,-2.276961,51.420273,9,Q810793,3333123,bath-and-north-east-somerset
GBR-5698,GB-east,GB-BDF,True,GB,United Kingdom,Bedford,Bedford,Bedford,Bedford,,Unitary Authority,2,52.1788,-0.470004,natural-earth,432.362,-0.654502,52.066486,-0.25308,52.308771,9,Q894077,7290534,bedford
GBR-2082,GB-northern-ireland,GB-BFS,True,GB,United Kingdom,Belfast,Belfast,Belfast,Belfast,,District,2,54.6113,-5.93684,natural-earth,109.096,-6.065877,54.540237,-5.807805,54.66302,9,Q1140130,3333223,belfast
GBR-2061,GB-greater-london,GB-BEX,True,GB,United Kingdom,Bexley,Bexley,Bexley,Municipio de Bexley,,London Borough,2,51.4546,0.152477,natural-earth,65.161,0.080311,51.398517,0.224643,51.505177,9,Q207208,-2648110,bexley
GBR-5690,GB-west-midlands,GB-BIR,True,GB,United Kingdom,Birmingham,Birmingham,Birmingham,Birmingham,,Metropolitan Borough,2,52.4782,-1.81614,natural-earth,272.652,-2.030568,52.377423,-1.733377,52.590795,9,Q2256,3333125,birmingham
GBR-2122,GB-north-west,GB-BBD,True,GB,United Kingdom,Blackburn with Darwen,Blackburn with Darwen,Blackburn with Darwen,Blackburn with Darwen,,Unitary Authority,2,53.705,-2.44291,natural-earth,139.06,-2.529194,53.624117,-2.356621,53.772584,9,Q880782,3333126,blackburn-with-darwen
GBR-5670,GB-north-west,GB-BPL,True,GB,United Kingdom,Blackpool,Blackpool,Blackpool,Blackpool,,Unitary Authority,2,53.8406,-3.00469,natural-earth,102.673,-3.05663,53.745795,-2.945282,53.931952,9,Q170377,3333127,blackpool
GBR-2131,GB-east-wales,GB-BGW,True,GB,United Kingdom,Blaenau Gwent,Blaenau Gwent,Blaenau Gwent,Blaenau Gwent,,Unitary Authority (wales),2,51.7719,-3.1998,natural-earth,95.588,-3.292843,51.700359,-3.106756,51.814667,9,Q596885,3333238,blaenau-gwent
GBR-5678,GB-north-west,GB-BOL,True,GB,United Kingdom,Bolton,Bolton,Bolton,Bolton,,Metropolitan Borough,2,53.5887,-2.42876,natural-earth,114.352,-2.558908,53.534341,-2.335465,53.644116,9,Q1364541,3333128,bolton
GBR-2050,GB-south-west,GB-BMH,True,GB,United Kingdom,Bournemouth,Bournemouth,Bournemouth,Bournemouth,,Unitary Authority,2,50.7378,-1.86297,natural-earth,23.229,-1.928533,50.716042,-1.797458,50.753181,9,Q170478,3333129,bournemouth
GBR-5702,GB-south-east,GB-BRC,True,GB,United Kingdom,Bracknell Forest,Bracknell Forest,Bracknell Forest,Bracknell Forest,,Unitary Authority,2,51.3929,-0.763967,natural-earth,113.334,-0.852904,51.331337,-0.679486,51.469686,9,Q896725,3333130,bracknell-forest
GBR-5673,GB-yorkshire-and-the-humber,GB-BRD,True,GB,United Kingdom,Bradford,Bradford,cité de Bradford,Bradford,,Metropolitan Borough,2,53.8466,-1.78384,natural-earth,303.171,-1.977807,53.738804,-1.625797,53.96265,9,Q2834810,3333131,bradford
GBR-2062,GB-greater-london,GB-BEN,True,GB,United Kingdom,Brent,Brent,Brent,Brent,,London Borough,2,51.5578,-0.252266,natural-earth,45.311,-0.32553,51.522049,-0.179002,51.600985,9,Q207201,-2648110,brent
GBR-2112,GB-east-wales,GB-BGE,True,GB,United Kingdom,Bridgend,Bridgend,Bridgend,Bridgend,,Unitary Authority (wales),2,51.5414,-3.60687,natural-earth,286.92,-3.751909,51.420441,-3.461825,51.641758,9,Q697126,3333239,bridgend
GBR-2674,GB-south-east,GB-BNH,True,GB,United Kingdom,Brighton and Hove,Brighton and Hove,Brighton et Hove,Brighton & Hove,,Unitary Authority,2,50.8421,-0.1065,natural-earth,87.829,-0.230575,50.784857,0.017548,50.891313,9,Q1022488,3333133,brighton-and-hove
GBR-2044,GB-south-west,GB-BST,True,GB,United Kingdom,Bristol,Bristol,Bristol,Brístol,,Unitary Authority,2,51.4624,-2.60107,natural-earth,121.6,-2.729388,51.38012,-2.518135,51.531304,9,Q23154,3333134,bristol
GBR-2063,GB-greater-london,GB-BRY,True,GB,United Kingdom,Bromley,Bromley,Bromley,Municipio de Bromley,,London Borough,2,51.3652,0.046372,natural-earth,156.222,-0.076398,51.282451,0.169142,51.439238,9,Q208201,-2648110,bromley
GBR-2040,GB-south-east,GB-BKM,True,GB,United Kingdom,Buckinghamshire,Buckinghamshire,Buckinghamshire,Buckinghamshire,,Administrative County,2,51.7717,-0.806599,natural-earth,1551.524,-1.141759,51.475773,-0.471439,52.073824,9,Q23229,2654408,buckinghamshire
GBR-5679,GB-north-west,GB-BUR,True,GB,United Kingdom,Bury,Bury,Bury,Municipio metropolitano de Bury,,Metropolitan Borough,2,53.5827,-2.30878,natural-earth,97.746,-2.376439,53.504136,-2.251324,53.666905,9,Q512036,3333136,bury
GBR-2113,GB-east-wales,GB-CAY,True,GB,United Kingdom,Caerphilly,Caerphilly,Caerphilly,Caerphilly,,Unitary Authority (wales),2,51.6407,-3.18286,natural-earth,293.862,-3.333848,51.543107,-3.031877,51.793273,9,Q748065,3333240,caerphilly
GBR-5672,GB-yorkshire-and-the-humber,GB-CLD,True,GB,United Kingdom,Calderdale,Calderdale,Calderdale,Calderdale,,Metropolitan Borough,2,53.7446,-1.95182,natural-earth,421.301,-2.159759,53.639362,-1.738869,53.869942,9,Q1026448,3333137,calderdale
GBR-2053,GB-east,GB-CAM,True,GB,United Kingdom,Cambridgeshire,Cambridgeshire,Cambridgeshire,Cambridgeshire,,Administrative County,2,52.3476,0.015806,natural-earth,3048.47,-0.485598,52.002433,0.517209,52.725206,9,Q23112,2653940,cambridgeshire
GBR-2064,GB-greater-london,GB-CMD,True,GB,United Kingdom,Camden,Camden,Camden,Camden,,London Borough,2,51.5491,-0.150541,natural-earth,23.767,-0.204736,51.502438,-0.096345,51.566982,9,Q202088,-2648110,camden
GBR-2116,GB-west-wales-and-the-valleys,GB-CRF,True,GB,United Kingdom,Cardiff,Cardiff,Cardiff,Cardiff,,Unitary Authority (wales),2,51.5049,-3.1785,natural-earth,108.537,-3.29137,51.453111,-3.065621,51.553003,9,Q10690,3333241,cardiff
GBR-2104,GB-east-wales,GB-CMN,True,GB,United Kingdom,Carmarthenshire,Carmarthenshire,Carmarthenshire,Carmarthenshire,,Unitary Authority (wales),2,51.8622,-4.20485,natural-earth,2358.807,-4.767714,51.664252,-3.641994,52.124209,9,Q217840,2653753,carmarthenshire
GBR-2096,GB-northern-ireland,GB-CKF,True,GB,United Kingdom,Carrickfergus,Carrickfergus,Carrickfergus,Carrickfergus,,District,2,54.7431,-5.79899,natural-earth,81.336,-5.905861,54.682311,-5.692096,54.776605,9,Q1045012,2653681,carrickfergus
GBR-2103,GB-northern-ireland,GB-CSR,True,GB,United Kingdom,Castlereagh,Castlereagh,Castlereagh,Castlereagh,,District,2,54.536,-5.85407,natural-earth,93.478,-5.954747,54.479104,-5.75339,54.61938,9,Q1049680,2653559,castlereagh
GBR-5697,GB-east,GB-CBF,True,GB,United Kingdom,Central Bedfordshire,Central Bedfordshire,Central Bedfordshire,Central Bedfordshire,,Unitary Authority,2,52.0236,-0.376341,natural-earth,690.908,-0.688066,51.801619,-0.130607,52.191905,9,Q1053723,7290535,central-bedfordshire
GBR-2105,GB-east-wales,GB-CGN,True,GB,United Kingdom,Ceredigion,Ceredigion,Ceredigion,Ceredigion,,Principality,2,52.1793,-4.17527,natural-earth,1862.457,-4.698571,52.028246,-3.651968,52.556069,9,Q217829,2653814,ceredigion
GBR-5706,GB-north-west,GB-CHE,True,GB,United Kingdom,Cheshire East,Cheshire East,Cheshire East,Cheshire East,,Unitary Authority,2,53.2396,-2.21364,natural-earth,1121.31,-2.667483,52.947156,-1.970882,53.380334,9,Q1070590,7290536,cheshire-east
GBR-5707,GB-north-west,GB-CHW,True,GB,United Kingdom,Cheshire West and Chester,Cheshire West and Chester,Cheshire West and Chester,Cheshire West and Chester,,Unitary Authority,2,53.1671,-2.76774,natural-earth,936.615,-3.095944,52.96654,-2.410309,53.330854,9,Q1070591,7290537,cheshire-west-and-chester
GBR-4809,GB-greater-london,GB-LND,True,GB,United Kingdom,City,London,cité de Londres,de Londres,,City Corporation,2,51.5169,-0.08681,natural-earth,3.105,-0.102546,51.507864,-0.065107,51.526933,9,Q23311,-2648110,city
GBR-2017,GB-eastern,GB-CLK,True,GB,United Kingdom,Clackmannanshire,Clackmannanshire,Clackmannanshire,Clackmannanshire,,Unitary District,2,56.1431,-3.70779,natural-earth,157.021,-3.861387,56.072781,-3.554196,56.215794,9,Q207268,2652975,clackmannanshire
GBR-2100,GB-northern-ireland,GB-CLR,True,GB,United Kingdom,Coleraine,Coleraine,Coleraine,Coleraine,,District,2,55.0562,-6.68879,natural-earth,489.463,-6.862263,54.910757,-6.515307,55.225188,9,Q991411,2652587,coleraine
GBR-2129,GB-east-wales,GB-CWY,True,GB,United Kingdom,Conwy,Conwy,Conwy,Conwy,,Unitary Authority (wales),2,53.1274,-3.7349,natural-earth,1126.976,-4.008251,52.936692,-3.46154,53.337592,9,Q817971,3333242,conwy
GBR-2110,GB-south-west,GB-CON,True,GB,United Kingdom,Cornwall,Cornwall,Cornouailles,Cornualles,,Unitary Single-Tier County,2,50.4407,-4.75267,natural-earth,3508.807,-5.715647,49.959133,-4.180043,50.922991,9,Q23148,2638384,cornwall
GBR-5696,GB-west-midlands,GB-COV,True,GB,United Kingdom,Coventry,Coventry,Coventry,Coventry,,Metropolitan Borough,2,52.4068,-1.53187,natural-earth,109.157,-1.640049,52.350784,-1.43169,52.444396,9,Q6225,3333139,coventry
GBR-2088,GB-northern-ireland,GB-CGV,True,GB,United Kingdom,Craigavon,Craigavon,Craigavon,Craigavon,,District,2,54.4884,-6.39706,natural-earth,380.966,-6.583624,54.377146,-6.210494,54.61106,9,Q427201,2652151,craigavon
GBR-2065,GB-greater-london,GB-CRY,True,GB,United Kingdom,Croydon,Croydon,Croydon,Croydon,,London Borough,2,51.3625,-0.075261,natural-earth,83.379,-0.163654,51.289118,0.013131,51.417017,9,Q26888,-2648110,croydon
GBR-2139,GB-north-west,GB-CMA,True,GB,United Kingdom,Cumbria,Cumbria,Cumbria,Cumbria,,Administrative County,2,54.6368,-2.89222,natural-earth,6796.997,-3.634185,54.063788,-2.150328,55.190827,9,Q23066,2651712,cumbria
GBR-2028,GB-north-east,GB-DAL,True,GB,United Kingdom,Darlington,Darlington,Darlington,Darlington,,Unitary Authority,2,54.5202,-1.53938,natural-earth,172.402,-1.681778,54.441587,-1.396989,54.599975,9,Q1171024,3333141,darlington
GBR-2125,GB-east-wales,GB-DEN,True,GB,United Kingdom,Denbighshire,Denbighshire,Denbighshire,Denbighshire,,Unitary Authority (wales),2,53.0665,-3.34024,natural-earth,825.317,-3.585667,52.856619,-3.094818,53.351146,9,Q650682,2651385,denbighshire
GBR-2058,GB-east-midlands,GB-DER,True,GB,United Kingdom,Derby,Derby,Derby,Derby,,Unitary Authority,2,52.8904,-1.47157,natural-earth,76.011,-1.546024,52.84184,-1.397118,52.937803,9,Q43475,3333142,derby
GBR-2059,GB-east-midlands,GB-DBY,True,GB,United Kingdom,Derbyshire,Derbyshire,Derbyshire,Derbyshire,,Administrative County,2,52.9938,-1.58946,natural-earth,2570.513,-2.018631,52.683555,-1.160285,53.533012,9,Q23098,2651346,derbyshire
GBR-2083,GB-northern-ireland,GB-DRY,True,GB,United Kingdom,Derry,Derry,Ville de Derry,Derry,,London Borough (city),2,54.9694,-7.21329,natural-earth,379.954,-7.415755,54.805751,-7.01029,55.069322,9,Q1200370,2643737,derry
GBR-2048,GB-south-west,GB-DEV,True,GB,United Kingdom,Devon,Devon,Devon,Devon,,Administrative County,2,50.8008,-3.85842,natural-earth,6564.433,-4.679799,50.212388,-2.882273,51.247707,9,Q23156,2651292,devon
GBR-5689,GB-yorkshire-and-the-humber,GB-DNC,True,GB,United Kingdom,Doncaster,Doncaster,Doncaster,Municipio metropolitano de Doncaster,,Metropolitan Borough,2,53.5227,-1.08493,natural-earth,640.09,-1.34446,53.378551,-0.855291,53.659955,9,Q1925846,3333143,doncaster
GBR-2051,GB-south-west,GB-DOR,True,GB,United Kingdom,Dorset,Dorset,Dorset,Dorset,,Administrative County,2,50.8569,-2.31103,natural-earth,2551.001,-2.949194,50.527655,-1.672922,51.083291,9,Q23159,2651079,dorset
GBR-2099,GB-northern-ireland,GB-DOW,True,GB,United Kingdom,Down,Down,Down,Down,,District,2,54.3616,-5.80955,natural-earth,649.25,-6.078383,54.169665,-5.540679,54.49161,9,Q1198492,2651038,down
GBR-5692,GB-west-midlands,GB-DUD,True,GB,United Kingdom,Dudley,Dudley,Dudley,Dudley,,Metropolitan Borough,2,52.4728,-2.1138,natural-earth,90.151,-2.177536,52.422175,-2.026062,52.564538,9,Q1617704,3333144,dudley
GBR-2138,GB-south-western,GB-DGY,True,GB,United Kingdom,Dumfries and Galloway,Dumfries and Galloway,Dumfries and Galloway,Dumfries and Galloway,,Unitary District,2,55.0998,-4.01555,natural-earth,6375.728,-5.180653,54.632961,-2.850288,55.462455,9,Q126514,2650797,dumfries-and-galloway
GBR-2020,GB-eastern,GB-DND,True,GB,United Kingdom,Dundee,Dundee,Dundee,Dundee,,Unitary District (city),2,56.4868,-2.94934,natural-earth,82.84,-3.079341,56.452135,-2.819339,56.518178,9,Q123709,3333225,dundee
GBR-2089,GB-northern-ireland,GB-DGN,True,GB,United Kingdom,Dungannon,Dungannon and South Tyrone,Dungannon and South Tyrone,Dungannon,,District,2,54.4791,-6.94613,natural-earth,760.1,-7.364455,54.321904,-6.527813,54.576617,9,Q1198466,2650730,dungannon
GBR-2029,GB-north-east,GB-DUR,True,GB,United Kingdom,Durham,Durham,Durham,Durham,,Unitary Single-Tier County,2,54.6955,-1.79965,natural-earth,2226.899,-2.353933,54.449648,-1.245347,54.904659,9,Q23082,2650629,durham
GBR-2066,GB-greater-london,GB-EAL,True,GB,United Kingdom,Ealing,Ealing,londonien d'Ealing,Municipio de Ealing,,London Borough,2,51.5198,-0.321254,natural-earth,53.638,-0.406972,51.488279,-0.235536,51.549309,9,Q207218,-2648110,ealing
GBR-2001,GB-south-western,GB-EAY,True,GB,United Kingdom,East Ayrshire,East Ayrshire,East Ayrshire,East Ayrshire,,Unitary District,2,55.501,-4.29329,natural-earth,1278.335,-4.625759,55.142009,-3.960812,55.759284,9,Q209135,3333226,east-ayrshire
GBR-2002,GB-south-western,GB-EDU,True,GB,United Kingdom,East Dunbartonshire,East Dunbartonshire,East Dunbartonshire,East Dunbartonshire,,Unitary District,2,55.9544,-4.20219,natural-earth,187.189,-4.364793,55.888708,-4.039593,56.02857,9,Q211889,3333227,east-dunbartonshire
GBR-2022,GB-eastern,GB-ELN,True,GB,United Kingdom,East Lothian,East Lothian,East Lothian,East Lothian,,Unitary District,2,55.9477,-2.7108,natural-earth,730.148,-3.061193,55.821658,-2.360395,56.064846,9,Q207257,2650386,east-lothian
GBR-2003,GB-south-western,GB-ERW,True,GB,United Kingdom,East Renfrewshire,East Renfrewshire,East Renfrewshire,East Renfrewshire,,Unitary District,2,55.7656,-4.36844,natural-earth,149.259,-4.517936,55.685542,-4.218936,55.819125,9,Q211925,3333228,east-renfrewshire
GBR-2124,GB-yorkshire-and-the-humber,GB-ERY,True,GB,United Kingdom,East Riding of Yorkshire,East Riding of Yorkshire,Yorkshire de l'Est,Yorkshire del Este,,Unitary Authority,2,53.9047,-0.480224,natural-earth,2436.737,-1.109746,53.562893,0.149262,54.169924,9,Q23088,2650345,east-riding-of-yorkshire
GBR-2677,GB-south-east,GB-ESX,True,GB,United Kingdom,East Sussex,East Sussex,Sussex de l'Est,Sussex Oriental,,Administrative County,2,50.9537,0.372063,natural-earth,1665.966,-0.128617,50.747016,0.872743,51.144114,9,Q23293,2650328,east-sussex
GBR-2023,GB-eastern,GB-EDH,True,GB,United Kingdom,Edinburgh,Edinburgh,Édimbourg,Edimburgo,,Unitary District (city),2,55.9132,-3.26452,natural-earth,289.98,-3.451127,55.811684,-3.07792,55.996771,9,Q23436,3333229,edinburgh
GBR-2772,GB-highlands-and-islands,GB-ELS,True,GB,United Kingdom,Eilean Siar,Outer Hebrides,Hébrides extérieures,Islas Hébridas Exteriores,,Island Area,2,58.1103,-6.74587,natural-earth,2876.412,-13.691314,56.941881,-6.150706,58.51203,9,Q80967,2634428,eilean-siar
GBR-2067,GB-greater-london,GB-ENF,True,GB,United Kingdom,Enfield,Enfield,londonien d'Enfield,Enfield,,London Borough,2,51.644,-0.091145,natural-earth,79.795,-0.16597,51.601063,-0.002604,51.689093,9,Q210531,-2648110,enfield
GBR-2317,GB-east,GB-ESS,True,GB,United Kingdom,Essex,Essex,Essex,Essex,,Administrative County,2,51.7709,0.495656,natural-earth,3373.689,-0.012836,51.508368,1.288259,52.084935,9,Q23240,2649889,essex
GBR-2015,GB-eastern,GB-FAL,True,GB,United Kingdom,Falkirk,Falkirk,Falkirk,Falkirk,,Unitary District,2,55.9811,-3.75831,natural-earth,261.27,-4.011274,55.895219,-3.505333,56.051669,9,Q216802,3333230,falkirk
GBR-2136,GB-northern-ireland,GB-FER,True,GB,United Kingdom,Fermanagh,Fermanagh,Fermanagh,Fermanagh,,District,2,54.3798,-7.66047,natural-earth,1877.542,-8.173837,54.113597,-7.14589,54.604763,9,Q1198461,2649533,fermanagh
GBR-2021,GB-eastern,GB-FIF,True,GB,United Kingdom,Fife,Fife,Fife,Fife,,Unitary District,2,56.2201,-3.16166,natural-earth,1316.965,-3.74649,56.023383,-2.576812,56.457994,9,Q201149,2649469,fife
GBR-2126,GB-west-wales-and-the-valleys,GB-FLN,True,GB,United Kingdom,Flintshire,Flintshire,Flintshire,Flintshire,,Unitary Authority (wales),2,53.1815,-3.14709,natural-earth,451.979,-3.382114,53.066374,-2.911445,53.351793,9,Q505610,2649298,flintshire
GBR-5665,GB-north-east,GB-GAT,True,GB,United Kingdom,Gateshead,Gateshead,Gateshead,Municipio de Gateshead,,Metropolitan Borough,2,54.9391,-1.66816,natural-earth,164.256,-1.850579,54.885975,-1.519223,55.002741,9,Q929034,2648772,gateshead
GBR-2004,GB-south-western,GB-GLG,True,GB,United Kingdom,Glasgow,Glasgow,Glasgow,Glasgow,,Unitary District (city),2,55.8371,-4.21337,natural-earth,160.383,-4.356834,55.784502,-4.069901,55.91607,9,Q4093,3333231,glasgow
GBR-2039,GB-south-west,GB-GLS,True,GB,United Kingdom,Gloucestershire,Gloucestershire,Gloucestershire,Gloucestershire,,Administrative County,2,51.8153,-2.14862,natural-earth,2634.122,-2.684353,51.577162,-1.612273,52.10576,9,Q23165,2648402,gloucestershire
GBR-2068,GB-greater-london,GB-GRE,True,GB,United Kingdom,Greenwich,Greenwich,Greenwich,Municipio de Greenwich,,London Borough (royal),2,51.4634,0.047328,natural-earth,45.906,-0.026737,51.422598,0.121393,51.5028,9,Q693450,-2648110,greenwich
GBR-2130,GB-east-wales,GB-GWN,True,GB,United Kingdom,Gwynedd,Gwynedd,Gwynedd,Gwynedd,,Unitary Authority (wales),2,52.8484,-3.92029,natural-earth,2576.916,-4.762847,52.542426,-3.423377,53.248733,9,Q109128,2647716,gwynedd
GBR-2765,GB-greater-london,GB-HCK,True,GB,United Kingdom,Hackney,Hackney,Hackney,Hackney,,London Borough,2,51.5523,-0.052343,natural-earth,19.572,-0.094149,51.515977,-0.010536,51.573597,9,Q205679,-2648110,hackney
GBR-2108,GB-north-west,GB-WRL,True,GB,United Kingdom,Halton,Halton,Halton,Halton,,Metropolitan Borough,2,53.3686,-3.05638,natural-earth,166.916,-3.18635,53.287143,-2.926414,53.43476,9,,3333220,halton
GBR-5708,GB-north-west,GB-HAL,True,GB,United Kingdom,Halton,Halton,Halton,Halton,,Unitary Authority,2,53.331,-2.68727,natural-earth,88.003,-2.810333,53.291388,-2.56945,53.388266,9,Q376141,2647601,halton
GBR-2069,GB-greater-london,GB-HMF,True,GB,United Kingdom,Hammersmith and Fulham,Hammersmith and Fulham,Hammersmith et Fulham,Hammersmith y Fulham,,London Borough,2,51.4894,-0.20785,natural-earth,14.278,-0.244527,51.46735,-0.171173,51.526468,9,Q40478,-2648110,hammersmith-and-fulham
GBR-2035,GB-south-east,GB-HAM,True,GB,United Kingdom,Hampshire,Hampshire,Hampshire,Hampshire,,Administrative County,2,51.1286,-1.23817,natural-earth,3629.169,-1.950056,50.71898,-0.725299,51.376348,9,Q23204,2647554,hampshire
GBR-2766,GB-greater-london,GB-HRY,True,GB,United Kingdom,Haringey,Haringey,Haringey,Haringey,,London Borough,2,51.5834,-0.096332,natural-earth,29.194,-0.162698,51.560057,-0.029967,51.60778,9,Q213560,-2648110,haringey
GBR-2767,GB-greater-london,GB-HRW,True,GB,United Kingdom,Harrow,Harrow,Harrow,Municipio de Harrow,,London Borough,2,51.5894,-0.333295,natural-earth,54.734,-0.399789,51.548378,-0.2668,51.638347,9,Q210476,-2648110,harrow
GBR-2030,GB-north-east,GB-HPL,True,GB,United Kingdom,Hartlepool,Hartlepool,Hartlepool,Hartlepool,,Unitary Authority,2,54.6625,-1.27662,natural-earth,113.951,-1.388489,54.606616,-1.164703,54.725399,9,Q2594690,3333152,hartlepool
GBR-2675,GB-greater-london,GB-HAV,True,GB,United Kingdom,Havering,Havering,londonien d'Havering,Havering,,London Borough,2,51.5634,0.24211,natural-earth,120.157,0.14811,51.482672,0.336109,51.629123,9,Q215038,-2648110,havering
GBR-2775,GB-west-midlands,GB-HEF,True,GB,United Kingdom,Herefordshire,Herefordshire,Herefordshire,Herefordshire,,Unitary Authority,2,52.0807,-2.73691,natural-earth,2124.457,-3.124662,51.817665,-2.348507,52.391324,9,Q23129,2647071,herefordshire
GBR-2042,GB-east,GB-HRT,True,GB,United Kingdom,Hertfordshire,Hertfordshire,Hertfordshire,Hertfordshire,,Administrative County,2,51.8113,-0.26543,natural-earth,1626.946,-0.730027,51.590934,0.199166,52.069664,9,Q3410,2647043,hertfordshire
GBR-2745,GB-highlands-and-islands,GB-HLD,True,GB,United Kingdom,Highland,Highland,Highland,Highland,,Unitary District,2,57.4123,-4.81247,natural-earth,25679.686,-6.783844,56.496894,-3.019114,58.677069,9,Q208279,2646944,highland
GBR-2753,GB-greater-london,GB-HIL,True,GB,United Kingdom,Hillingdon,Hillingdon,Hillingdon,Municipio de Hillingdon,,London Borough,2,51.5338,-0.4325,natural-earth,112.786,-0.497199,51.452209,-0.367801,51.617444,9,Q205690,-2648110,hillingdon
GBR-2070,GB-greater-london,GB-HNS,True,GB,United Kingdom,Hounslow,Hounslow,Hounslow,Municipio de Hounslow,,London Borough,2,51.473,-0.339069,natural-earth,52.924,-0.44144,51.413658,-0.236698,51.49634,9,Q214162,-2648110,hounslow
GBR-2005,GB-south-western,GB-IVC,True,GB,United Kingdom,Inverclyde,Inverclyde,Inverclyde,Inverclyde,,Unitary District,2,55.8983,-4.73843,natural-earth,171.2,-4.892649,55.84238,-4.584211,55.957913,9,Q208271,2646127,inverclyde
GBR-2758,GB-south-east,GB-IOW,True,GB,United Kingdom,Isle of Wight,Isle of Wight,île de Wight,Isla de Wight,,Unitary Authority,2,50.6808,-1.31588,natural-earth,402.052,-1.569488,50.582506,-1.062327,50.773179,9,Q9679,2646007,isle-of-wight
GBR-5988,GB-south-west,GB-IOS,True,GB,United Kingdom,Isles of Scilly,Isles of Scilly,Sorlingues,Islas Sorlingas,,Unitary Single-Tier County,2,49.921324,-6.297442,polylabel,5.992,-6.348948,49.909613,-6.284169,49.964342,9,Q180209,2638384,isles-of-scilly
GBR-2071,GB-greater-london,GB-ISL,True,GB,United Kingdom,Islington,Islington,londonien d’Islington,Municipio de Islington,,London Borough,2,51.5396,-0.098038,natural-earth,11.669,-0.130968,51.52347,-0.070119,51.570858,9,Q205817,-2648110,islington
GBR-2072,GB-greater-london,GB-KEC,True,GB,United Kingdom,Kensington and Chelsea,Kensington and Chelsea,Kensington et Chelsea,Kensington y Chelsea,,London Borough (royal),2,51.4919,-0.179557,natural-earth,11.135,-0.21626,51.472647,-0.142854,51.522049,9,Q188801,-2648110,kensington-and-chelsea
GBR-3409,GB-south-east,GB-KEN,True,GB,United Kingdom,Kent,Kent,Kent,Kent,,Administrative County,2,51.1979,0.718915,natural-earth,3536.809,0.044396,50.909369,1.448253,51.487676,9,Q23298,3333158,kent
GBR-2055,GB-yorkshire-and-the-humber,GB-KHL,True,GB,United Kingdom,Kingston upon Hull,Kingston upon Hull,Kingston-upon-Hull,Kingston upon Hull,,Unitary Authority,2,53.7577,-0.372646,natural-earth,56.687,-0.449696,53.714301,-0.295644,53.789844,9,Q128147,3333159,kingston-upon-hull
GBR-2754,GB-greater-london,GB-KTT,True,GB,United Kingdom,Kingston upon Thames,Kingston upon Thames,Kingston-upon-Thames,Kingston upon Thames,,London Borough (royal),2,51.3925,-0.2699,natural-earth,39.991,-0.315014,51.324103,-0.224787,51.43345,9,Q32508,-2648110,kingston-upon-thames
GBR-5671,GB-yorkshire-and-the-humber,GB-KIR,True,GB,United Kingdom,Kirklees,Kirklees,Kirklees,Kirklees,,Metropolitan Borough,2,53.6218,-1.73944,natural-earth,431.112,-2.023902,53.516062,-1.580957,53.764147,9,Q918975,3333161,kirklees
GBR-5666,GB-north-west,GB-KWL,True,GB,United Kingdom,Knowsley,Knowsley,Knowsley,Knowsley,,Metropolitan Borough,2,53.4145,-2.83419,natural-earth,137.246,-2.932797,53.321723,-2.754702,53.522441,9,Q1228523,3333162,knowsley
GBR-2768,GB-greater-london,GB-LBH,True,GB,United Kingdom,Lambeth,Lambeth,Lambeth,Municipio de Lambeth,,London Borough,2,51.4604,-0.10867,natural-earth,29.074,-0.142776,51.408025,-0.074564,51.50528,9,Q202059,-2648110,lambeth
GBR-2123,GB-north-west,GB-LAN,True,GB,United Kingdom,Lancashire,Lancashire,Lancashire,Lancashire,,Administrative County,2,53.8599,-2.54458,natural-earth,2802.018,-3.031696,53.491051,-2.032558,54.238292,9,Q23077,2644974,lancashire
GBR-2095,GB-northern-ireland,GB-LRN,True,GB,United Kingdom,Larne,Larne,Larne,Larne,,District,2,54.861,-5.89587,natural-earth,345.392,-6.101922,54.752731,-5.689849,55.055653,9,Q1198470,2644850,larne
GBR-5674,GB-yorkshire-and-the-humber,GB-LDS,True,GB,United Kingdom,Leeds,Leeds,cité de Leeds,Leeds,,Metropolitan Borough,2,53.8106,-1.47788,natural-earth,547.784,-1.728649,53.693964,-1.28728,53.944925,9,Q774015,3333164,leeds
GBR-2761,GB-east-midlands,GB-LCE,True,GB,United Kingdom,Leicester,Leicester,Leicester,Leicester,,Unitary Authority,2,52.6114,-1.1183,natural-earth,65.121,-1.179922,52.565267,-1.056674,52.655856,9,Q83065,3333165,leicester
GBR-2054,GB-east-midlands,GB-LEC,True,GB,United Kingdom,Leicestershire,Leicestershire,Leicestershire,Leicestershire,,Kingdom,2,52.491,-1.11707,natural-earth,2047.329,-1.583076,52.37825,-0.651066,52.96116,9,Q23106,2644667,leicestershire
GBR-2769,GB-greater-london,GB-LEW,True,GB,United Kingdom,Lewisham,Lewisham,Lewisham,Municipio de Lewisham,,London Borough,2,51.4418,-0.011286,natural-earth,32.515,-0.066709,51.411177,0.044137,51.489571,9,Q215030,-2648110,lewisham
GBR-2102,GB-northern-ireland,GB-LMV,True,GB,United Kingdom,Limavady,Limavady,Limavady,Limavady,,District,2,54.9923,-6.9714,natural-earth,608.184,-7.174182,54.815517,-6.768625,55.19538,9,Q1198505,2644502,limavady
GBR-2081,GB-east-midlands,GB-LIN,True,GB,United Kingdom,Lincolnshire,Lincolnshire,Lincolnshire,Lincolnshire,,Administrative County,2,53.1152,-0.222474,natural-earth,5923.026,-0.801522,52.636477,0.356619,53.607994,9,Q23090,2644486,lincolnshire
GBR-2090,GB-northern-ireland,GB-LSB,True,GB,United Kingdom,Lisburn,Lisburn,Lisburn,Lisburn,,District,2,54.5189,-6.08226,natural-earth,449.746,-6.296406,54.376319,-5.868112,54.622713,9,Q210647,2644412,lisburn
GBR-5668,GB-north-west,GB-LIV,True,GB,United Kingdom,Liverpool,Liverpool,Liverpool,Liverpool,,Metropolitan Borough,2,53.4312,-2.9327,natural-earth,110.625,-3.048228,53.331184,-2.873624,53.493259,9,Q24826,3333167,liverpool
GBR-2752,GB-east,GB-LUT,True,GB,United Kingdom,Luton,Luton,Luton,Luton,,Unitary Authority,2,51.8763,-0.406249,natural-earth,68.47,-0.477175,51.824382,-0.335323,51.921069,9,Q203889,3333168,luton
GBR-2093,GB-northern-ireland,GB-MFT,True,GB,United Kingdom,Magherafelt,Magherafelt,Magherafelt,Magherafelt,,District,2,54.8166,-6.71991,natural-earth,559.964,-6.96975,54.695783,-6.470065,54.945122,9,Q1198482,2643209,magherafelt
GBR-5684,GB-north-west,GB-MAN,True,GB,United Kingdom,Manchester,Manchester,Manchester,Mánchester,,Metropolitan Borough,2,53.4597,-2.26678,natural-earth,121.588,-2.33115,53.342171,-2.182285,53.549443,9,Q18125,3333169,manchester
GBR-2678,GB-south-east,GB-MDW,True,GB,United Kingdom,Medway,Medway,Medway,Medway,,Unitary Authority,2,51.3541,0.584221,natural-earth,196.17,0.445353,51.312114,0.723155,51.491685,9,Q797782,3333170,medway
GBR-5669,GB-north-west,GB-SHN,True,GB,United Kingdom,Merseyside,Merseyside,Merseyside,Merseyside,,Metropolitan Borough,2,53.4417,-2.73472,natural-earth,138.094,-2.815585,53.37809,-2.566427,53.528826,9,,3333201,merseyside
GBR-2114,GB-east-wales,GB-MTY,True,GB,United Kingdom,Merthyr Tydfil,Merthyr Tydfil,Merthyr Tydfil,Merthyr Tydfil,,Unitary Authority (wales),2,51.7461,-3.35678,natural-earth,104.356,-3.438286,51.648579,-3.275273,51.827715,9,Q3306663,3333243,merthyr-tydfil
GBR-2073,GB-greater-london,GB-MRT,True,GB,United Kingdom,Merton,Merton,Merton,Merton,,London Borough,2,51.4087,-0.181508,natural-earth,36.769,-0.244321,51.379086,-0.118695,51.436344,9,Q32504,-2648110,merton
GBR-2091,GB-northern-ireland,GB-CKT,True,GB,United Kingdom,Mid Ulster,Mid Ulster,Mid-Ulster,Mid Ulster,,Province,2,54.6262,-6.70918,natural-earth,608.402,-7.000291,54.538764,-6.418078,54.74162,9,Q6840825,2652418,mid-ulster
GBR-2031,GB-north-east,GB-MDB,True,GB,United Kingdom,Middlesbrough,Middlesbrough,Middlesbrough,Middlesbrough,,Unitary Authority,2,54.5364,-1.23971,natural-earth,47.778,-1.299889,54.486649,-1.179535,54.577496,9,Q171866,3333172,middlesbrough
GBR-2024,GB-eastern,GB-MLN,True,GB,United Kingdom,Midlothian,Midlothian,Midlothian,Midlothian,,Unitary District,2,55.8241,-3.06592,natural-earth,343.162,-3.360177,55.711897,-2.820882,55.947843,9,Q206934,2642559,midlothian
GBR-2038,GB-south-east,GB-MIK,True,GB,United Kingdom,Milton Keynes,Milton Keynes,Milton Keynes,Municipio de Milton Keynes,,Unitary Authority,2,52.0571,-0.72601,natural-earth,336.564,-0.878365,51.947889,-0.573655,52.192473,9,Q894090,3333173,milton-keynes
GBR-2132,GB-west-wales-and-the-valleys,GB-MON,True,GB,United Kingdom,Monmouthshire,Monmouthshire,Monmouthshire,Monmouthshire,,Unitary Authority (wales),2,51.7744,-2.90226,natural-earth,804.52,-3.156856,51.563499,-2.647043,51.983503,9,Q207176,3333244,monmouthshire
GBR-2014,GB-highlands-and-islands,GB-MRY,True,GB,United Kingdom,Moray,Moray,Moray,Moray,,Unitary District,2,57.4636,-3.23013,natural-earth,2223.807,-3.754612,57.081994,-2.705669,57.723334,9,Q211106,2642240,moray
GBR-2773,GB-northern-ireland,GB-MYL,True,GB,United Kingdom,Moyle,Moyle,Moyle,Moyle,,District,2,55.1639,-6.26357,natural-earth,509.681,-6.546117,54.982691,-5.980984,55.311347,9,Q1198496,2642068,moyle
GBR-2118,GB-east-wales,GB-NTL,True,GB,United Kingdom,Neath Port Talbot,Neath Port Talbot,Neath Port Talbot,Neath-Port Talbot,,Unitary Authority (wales),2,51.6459,-3.73935,natural-earth,439.228,-3.933139,51.525796,-3.545566,51.800198,9,Q748078,3333245,neath-port-talbot
GBR-5661,GB-north-east,GB-NET,True,GB,United Kingdom,Newcastle upon Tyne,Newcastle upon Tyne,Newcastle upon Tyne,Newcastle upon Tyne,,Metropolitan Borough,2,54.9931,-1.5994,natural-earth,97.449,-1.749474,54.953896,-1.489973,55.072143,9,Q1425428,3333174,newcastle-upon-tyne
GBR-2770,GB-greater-london,GB-NWM,True,GB,United Kingdom,Newham,Newham,Newham,Newham,,London Borough,2,51.5273,0.044254,natural-earth,40.614,-0.011027,51.491121,0.099534,51.563468,9,Q208139,-2648110,newham
GBR-2133,GB-west-wales-and-the-valleys,GB-NWP,True,GB,United Kingdom,Newport,Newport,Newport,Newport,,Unitary Authority (wales),2,51.5866,-2.94989,natural-earth,172.589,-3.110037,51.507754,-2.789747,51.649613,9,Q11294004,3333246,newport
GBR-2086,GB-northern-ireland,GB-NYM,True,GB,United Kingdom,Newry and Mourne,Newry and Mourne,Newry and Mourne,Newry y Mourne,,District,2,54.1804,-6.26952,natural-earth,913.034,-6.672534,54.034573,-5.865834,54.276894,9,Q606825,2641580,newry-and-mourne
GBR-2097,GB-northern-ireland,GB-NTA,True,GB,United Kingdom,Newtownabbey,Newtownabbey,Newtownabbey,Newtownabbey,,District,2,54.7173,-5.98106,natural-earth,139.173,-6.084223,54.646837,-5.877915,54.798568,9,Q1198475,2641521,newtownabbey
GBR-2319,GB-east,GB-NFK,True,GB,United Kingdom,Norfolk,Norfolk,Norfolk,Norfolk,,Administrative County,2,52.6602,0.953164,natural-earth,5392.178,0.15705,52.353833,1.748709,52.986396,9,Q23109,2641455,norfolk
GBR-2006,GB-south-western,GB-NAY,True,GB,United Kingdom,North Ayshire,North Ayrshire,North Ayrshire,North Ayrshire,,Unitary District,2,55.7113,-4.7108,natural-earth,466.424,-4.920522,55.561932,-4.501063,55.870802,9,Q206926,3333232,north-ayshire
GBR-2098,GB-northern-ireland,GB-NDN,True,GB,United Kingdom,North Down,North Down,North Down,North Down,,District,2,54.6476,-5.71772,natural-earth,91.935,-5.870471,54.614393,-5.564968,54.680406,9,Q1156987,2641376,north-down
GBR-2056,GB-yorkshire-and-the-humber,GB-NEL,True,GB,United Kingdom,North East Lincolnshire,North East Lincolnshire,North East Lincolnshire,North East Lincolnshire,,Unitary Authority,2,53.5168,-0.130193,natural-earth,176.477,-0.282096,53.426868,0.021795,53.62956,9,Q1342914,3333175,north-east-lincolnshire
GBR-2007,GB-south-western,GB-NLK,True,GB,United Kingdom,North Lanarkshire,North Lanarkshire,North Lanarkshire,North Lanarkshire,,Unitary District,2,55.8694,-3.9392,natural-earth,477.88,-4.171988,55.732722,-3.706409,56.02578,9,Q207111,3333233,north-lanarkshire
GBR-2057,GB-yorkshire-and-the-humber,GB-NLN,True,GB,United Kingdom,North Lincolnshire,North Lincolnshire,Lincolnshire du Nord,North Lincolnshire,,Unitary Authority,2,53.5741,-0.570942,natural-earth,860.045,-0.943348,53.451053,-0.198469,53.71426,9,Q175945,3333176,north-lincolnshire
GBR-2045,GB-south-west,GB-NSM,True,GB,United Kingdom,North Somerset,North Somerset,North Somerset,North Somerset,,Unitary Authority,2,51.4109,-2.79158,natural-earth,363.222,-2.992177,51.286327,-2.630557,51.496219,9,Q178196,3333177,north-somerset
GBR-5662,GB-north-east,GB-NTY,True,GB,United Kingdom,North Tyneside,North Tyneside,North Tyneside,North Tyneside,,Metropolitan Borough,2,55.0184,-1.48264,natural-earth,73.274,-1.64934,54.983145,-1.412913,55.069712,9,Q1120443,2641238,north-tyneside
GBR-2140,GB-yorkshire-and-the-humber,GB-NYK,True,GB,United Kingdom,North Yorkshire,North Yorkshire,Yorkshire du Nord,Yorkshire del Norte,,Administrative County,2,54.2158,-1.37567,natural-earth,7947.456,-2.551441,53.619932,-0.199894,54.557411,9,Q23086,2641209,north-yorkshire
GBR-2749,GB-east-midlands,GB-NTH,True,GB,United Kingdom,Northamptonshire,Northamptonshire,Northamptonshire,Northamptonshire,,Administrative County,2,52.3083,-0.882413,natural-earth,2317.935,-1.321232,51.976337,-0.335607,52.636477,9,Q23115,2641429,northamptonshire
GBR-2034,GB-north-east,GB-NBL,True,GB,United Kingdom,Northumberland,Northumberland,Northumberland,Northumberland,,Unitary Single-Tier County,2,55.3152,-2.07057,natural-earth,5074.528,-2.685007,54.778569,-1.455585,55.805487,9,Q23079,2641235,northumberland
GBR-2763,GB-east-midlands,GB-NGM,True,GB,United Kingdom,Nottingham,Nottingham,Nottingham,Nottingham,,Unitary Authority,2,52.9352,-1.16592,natural-earth,81.62,-1.228808,52.872277,-1.103028,52.995008,9,Q41262,3333178,nottingham
GBR-2764,GB-east-midlands,GB-NTT,True,GB,United Kingdom,Nottinghamshire,Nottinghamshire,Nottinghamshire,Nottinghamshire,,Administrative County,2,53.1186,-0.983216,natural-earth,2072.472,-1.329732,52.772257,-0.6367,53.487433,9,Q23092,2641169,nottinghamshire
GBR-5681,GB-north-west,GB-OLD,True,GB,United Kingdom,Oldham,Oldham,Oldham,Oldham,,Metropolitan Borough,2,53.5527,-2.03581,natural-earth,183.436,-2.203859,53.46883,-1.897217,53.614661,9,Q1278608,3333179,oldham
GBR-2084,GB-northern-ireland,GB-OMH,True,GB,United Kingdom,Omagh,Omagh,d'Omagh,Omagh,,District,2,54.5823,-7.31156,natural-earth,1157.18,-7.693375,54.404948,-6.929752,54.777174,9,Q505691,2640968,omagh
GBR-2744,GB-highlands-and-islands,GB-ORK,True,GB,United Kingdom,Orkney,Orkney Islands,Orcades,Orcadas,,Unitary District,2,58.9715,-3.15683,natural-earth,929.71,-3.433339,58.730699,-2.392486,59.360907,9,Q100166,2640923,orkney
GBR-2751,GB-south-east,GB-OXF,True,GB,United Kingdom,Oxfordshire,Oxfordshire,Oxfordshire,Oxfordshire,,Administrative County,2,51.7912,-1.29123,natural-earth,2607.177,-1.709218,51.453087,-0.873249,52.161519,9,Q23169,2640726,oxfordshire
GBR-2106,GB-east-wales,GB-PEM,True,GB,United Kingdom,Pembrokeshire,Pembrokeshire,Pembrokeshire,Pembrokeshire,,Unitary Authority (wales),2,51.6602,-4.90281,natural-earth,1549.667,-5.310943,51.596503,-4.494681,52.113471,9,Q213361,2640500,pembrokeshire
GBR-2018,GB-eastern,GB-PKN,True,GB,United Kingdom,Perthshire and Kinross,Perth and Kinross,Perth and Kinross,Perth and Kinross,,Unitary District,2,56.571,-3.88225,natural-earth,5407.474,-4.708906,56.128202,-3.055653,56.947429,9,Q207679,3333234,perthshire-and-kinross
GBR-2760,GB-east,GB-PTE,True,GB,United Kingdom,Peterborough,Peterborough,Peterborough,Peterborough,,Unitary Authority,2,52.5833,-0.270107,natural-earth,309.865,-0.490714,52.504134,-0.0495,52.663556,9,Q172438,3333180,peterborough
GBR-2141,GB-south-west,GB-PLY,True,GB,United Kingdom,Plymouth,Plymouth,Plymouth,Plymouth,,Unitary Authority,2,50.3951,-4.11254,natural-earth,61.557,-4.191477,50.347874,-4.036647,50.435475,9,Q43382,3333181,plymouth
GBR-2052,GB-south-west,GB-POL,True,GB,United Kingdom,Poole,Poole,Poole,Poole,,Unitary Authority,2,50.7427,-1.96155,natural-earth,40.49,-2.026218,50.690823,-1.896897,50.769925,9,Q203349,3333182,poole
GBR-2759,GB-south-east,GB-POR,True,GB,United Kingdom,Portsmouth,Portsmouth,Portsmouth,Portsmouth,,Unitary Authority,2,50.8032,-0.979793,natural-earth,47.187,-1.103017,50.780951,-0.938832,50.857826,9,Q72259,3333183,portsmouth
GBR-2111,GB-west-wales-and-the-valleys,GB-POW,True,GB,United Kingdom,Powys,Powys,Powys,Powys,,Unitary Authority (wales),2,52.338,-3.4415,natural-earth,5071.263,-3.927455,51.75126,-2.954983,52.87021,9,Q156150,2639944,powys
GBR-5699,GB-south-east,GB-RDG,True,GB,United Kingdom,Reading,Reading,Reading,Reading,,Unitary Authority,2,51.4497,-1.03367,natural-earth,45.405,-1.08377,51.411932,-0.964535,51.489106,9,Q161491,3333184,reading
GBR-2074,GB-greater-london,GB-RDB,True,GB,United Kingdom,Redbridge,Redbridge,Redbridge,Municipio de Redbridge,,London Borough,2,51.5732,0.085233,natural-earth,53.372,0.018066,51.542074,0.152399,51.626461,9,Q208955,-2648110,redbridge
GBR-2032,GB-north-east,GB-RCC,True,GB,United Kingdom,Redcar and Cleveland,Redcar and Cleveland,Redcar et Cleveland,Redcar and Cleveland,,Unitary Authority,2,54.5485,-0.999287,natural-earth,296.008,-1.219739,54.486597,-0.778836,54.646552,9,Q1434448,3333186,redcar-and-cleveland
GBR-2008,GB-south-western,GB-RFW,True,GB,United Kingdom,Renfrewshire,Renfrewshire,Renfrewshire,Renfrewshire,,Unitary District,2,55.8437,-4.55373,natural-earth,269.236,-4.751694,55.762824,-4.355775,55.929753,9,Q211091,2639494,renfrewshire
GBR-2115,GB-east-wales,GB-RCT,True,GB,United Kingdom,"Rhondda, Cynon, Taff",Rhondda Cynon Taf,Rhondda Cynon Taf,Rhondda Cynon Taff,,Unitary Authority (wales),2,51.617,-3.40988,natural-earth,438.185,-3.59223,51.496056,-3.227524,51.821592,9,Q817960,3333247,rhondda-cynon-taff
GBR-2075,GB-greater-london,GB-RIC,True,GB,United Kingdom,Richmond upon Thames,Richmond upon Thames,Richmond upon Thames,Richmond upon Thames,,London Borough,2,51.4072,-0.298542,natural-earth,58.218,-0.384415,51.384357,-0.212669,51.487245,9,Q32515,-2648110,richmond-upon-thames
GBR-5680,GB-north-west,GB-RCH,True,GB,United Kingdom,Rochdale,Rochdale,Rochdale,Rochdale,,Metropolitan Borough,2,53.6277,-2.1438,natural-earth,190.304,-2.2581,53.525711,-1.98809,53.696516,9,Q1892596,3333188,rochdale
GBR-5686,GB-yorkshire-and-the-humber,GB-ROT,True,GB,United Kingdom,Rotherham,Rotherham,Rotherham,Municipio metropolitano de Rotherham,,Metropolitan Borough,2,53.3854,-1.29072,natural-earth,277.169,-1.406056,53.290779,-1.113932,53.477793,9,Q1878732,3333189,rotherham
GBR-5703,GB-south-east,GB-WNM,True,GB,United Kingdom,Royal Borough of Windsor and Maidenhead,Windsor and Maidenhead,Windsor and Maidenhead,Windsor and Maidenhead,,Unitary Authority,2,51.4769,-0.700975,natural-earth,193.755,-0.846325,51.366891,-0.575722,51.563339,9,Q1368496,2633840,royal-borough-of-windsor-and-maidenhead
GBR-2762,GB-east-midlands,GB-RUT,True,GB,United Kingdom,Rutland,Rutland,Rutland,Rutland,,Unitary Authority,2,52.657,-0.610216,natural-earth,403.998,-0.805113,52.506666,-0.415318,52.74753,9,Q23107,2638918,rutland
GBR-5676,GB-north-west,GB-SLF,True,GB,United Kingdom,Salford,Salford,cité de Salford,Salford,,Metropolitan Borough,2,53.5006,-2.40861,natural-earth,128.196,-2.511377,53.418807,-2.298788,53.553758,9,Q1142118,3333190,salford
GBR-5691,GB-west-midlands,GB-SAW,True,GB,United Kingdom,Sandwell,Sandwell,Sandwell,Sandwell,,Metropolitan Borough,2,52.5118,-2.00281,natural-earth,98.585,-2.090059,52.459062,-1.902809,52.568094,9,Q285964,3333191,sandwell
GBR-2026,GB-eastern,GB-SCB,True,GB,United Kingdom,Scottish Borders,Scottish Borders,Scottish Borders,Scottish Borders,,Unitary District,2,55.4929,-2.77899,natural-earth,4648.525,-3.534766,55.111295,-2.022857,55.952681,9,Q211113,2655192,scottish-borders
GBR-5667,GB-north-west,GB-SFT,True,GB,United Kingdom,Sefton,Sefton,Sefton,Sefton,,Metropolitan Borough,2,53.5647,-3.05568,natural-earth,135.861,-3.101918,53.48102,-2.896123,53.709446,9,Q1546645,3333192,sefton
GBR-5687,GB-yorkshire-and-the-humber,GB-SHF,True,GB,United Kingdom,Sheffield,Sheffield,Sheffield,Sheffield,,Metropolitan Borough,2,53.4087,-1.57387,natural-earth,377.728,-1.816137,53.289667,-1.393656,53.516062,9,Q42448,3333193,sheffield
GBR-2747,GB-highlands-and-islands,GB-ZET,True,GB,United Kingdom,Shetland Islands,Shetland Islands,Shetland,Islas Shetland,,Unitary District (city),2,60.3097,-1.23858,natural-earth,1354.274,-2.112294,59.514106,-0.754791,60.847886,9,Q47134,2638010,shetland-islands
GBR-2779,GB-west-midlands,GB-SHR,True,GB,United Kingdom,Shropshire,Shropshire,Shropshire,Shropshire,,Unitary Single-Tier County,2,52.6167,-2.72133,natural-earth,3176.252,-3.215122,52.303552,-2.226964,52.989557,9,Q23103,2638655,shropshire
GBR-5704,GB-south-east,GB-SLG,True,GB,United Kingdom,Slough,Slough,Slough,Slough,,Unitary Authority,2,51.4769,-0.547994,natural-earth,51.359,-0.649748,51.433657,-0.512806,51.530188,9,Q211907,3333194,slough
GBR-5695,GB-west-midlands,GB-SOL,True,GB,United Kingdom,Solihull,Solihull,Solihull,Solihull,,Metropolitan Borough,2,52.4038,-1.71185,natural-earth,145.125,-1.83535,52.337167,-1.619456,52.497468,9,Q1925858,3333195,solihull
GBR-2047,GB-south-west,GB-SOM,True,GB,United Kingdom,Somerset,Somerset,Somerset,Somerset,,Administrative County,2,51.0339,-3.03172,natural-earth,3424.851,-3.82728,50.82248,-2.236163,51.327462,9,Q23157,2637532,somerset
GBR-2009,GB-south-western,GB-SAY,True,GB,United Kingdom,South Ayrshire,South Ayrshire,South Ayrshire,South Ayrshire,,Unitary District,2,55.2304,-4.73841,natural-earth,1251.936,-5.050282,54.99372,-4.426572,55.59131,9,Q209131,3333235,south-ayrshire
GBR-2046,GB-south-west,GB-SGC,True,GB,United Kingdom,South Gloucestershire,South Gloucestershire,South Gloucestershire,South Gloucestershire,,Unitary Authority,2,51.5239,-2.462,natural-earth,550.848,-2.678751,51.402858,-2.245284,51.67295,9,Q1369280,3333198,south-gloucestershire
GBR-2010,GB-south-western,GB-SLK,True,GB,United Kingdom,South Lanarkshire,South Lanarkshire,South Lanarkshire,South Lanarkshire,,Unitary District,2,55.5981,-3.82617,natural-earth,1742.592,-4.257874,55.289649,-3.394464,55.830804,9,Q209142,3333236,south-lanarkshire
GBR-5663,GB-north-east,GB-STY,True,GB,United Kingdom,South Tyneside,South Tyneside,South Tyneside,South Tyneside,,Metropolitan Borough,2,54.9526,-1.44209,natural-earth,80.27,-1.532222,54.90948,-1.360341,55.000312,9,Q1541228,3333199,south-tyneside
GBR-2036,GB-south-east,GB-STH,True,GB,United Kingdom,Southampton,Southampton,Southampton,Southampton,,Unitary Authority,2,50.9158,-1.3776,natural-earth,56.978,-1.449298,50.85692,-1.305884,50.945237,9,Q79848,3333196,southampton
GBR-2679,GB-east,GB-SOS,True,GB,United Kingdom,Southend-on-Sea,Southend-on-Sea,Southend-on-Sea,Southend-on-Sea,,Unitary Authority,2,51.5498,0.73146,natural-earth,44.009,0.634618,51.528266,0.828279,51.577214,9,Q203995,3333197,southend-on-sea
GBR-2771,GB-greater-london,GB-SWK,True,GB,United Kingdom,Southwark,Southwark,Southwark,municipio de Southwark,,London Borough,2,51.466,-0.06552,natural-earth,30.811,-0.107895,51.419187,-0.023146,51.511585,9,Q730706,-2648110,southwark
GBR-2777,GB-west-midlands,GB-STS,True,GB,United Kingdom,Staffordshire,Staffordshire,Staffordshire,Staffordshire,,Administrative County,2,52.9024,-2.01517,natural-earth,2596.311,-2.45031,52.421607,-1.580027,53.213806,9,Q23105,2637141,staffordshire
GBR-2016,GB-eastern,GB-STG,True,GB,United Kingdom,Stirling,Stirling,Stirling,Stirling,,Unitary District,2,56.2213,-4.28804,natural-earth,2277.514,-4.83696,55.957153,-3.739103,56.540787,9,Q217838,2636909,stirling
GBR-5683,GB-north-west,GB-SKP,True,GB,United Kingdom,Stockport,Stockport,Stockport,Stockport,,Metropolitan Borough,2,53.3787,-2.1408,natural-earth,120.211,-2.266426,53.321345,-1.981424,53.437255,9,Q1752424,3333202,stockport
GBR-2033,GB-north-east,GB-STT,True,GB,United Kingdom,Stockton-on-Tees,Stockton-on-Tees,Stockton-on-Tees,Municipio de Stockton-on-Tees,,Unitary Authority,2,54.5378,-1.32309,natural-earth,145.505,-1.434481,54.462154,-1.211703,54.626692,9,Q894094,3333203,stockton-on-tees
GBR-2778,GB-west-midlands,GB-STE,True,GB,United Kingdom,Stoke-on-Trent,Stoke-on-Trent,Stoke-on-Trent,Stoke-on-Trent,,Unitary Authority,2,53.0034,-2.16701,natural-earth,103.584,-2.243656,52.938371,-2.090358,53.113606,9,Q134902,3333204,stoke-on-trent
GBR-2135,GB-northern-ireland,GB-STB,True,GB,United Kingdom,Strabane,Strabane,Strabane,Strabane,,District,2,54.8064,-7.41337,natural-earth,863.416,-7.929666,54.60075,-6.896447,54.944372,9,Q1198500,2636745,strabane
GBR-2318,GB-east,GB-SFK,True,GB,United Kingdom,Suffolk,Suffolk,Suffolk,Suffolk,,Administrative County,2,52.159,1.06039,natural-earth,3750.846,0.3497,51.94009,1.771169,52.542168,9,Q23111,2636561,suffolk
GBR-5664,GB-north-east,GB-SND,True,GB,United Kingdom,Sunderland,Sunderland,Sunderland,Sunderland,,Metropolitan Borough,2,54.8617,-1.46175,natural-earth,140.611,-1.577316,54.796966,-1.34082,54.921396,9,Q1280897,3333205,sunderland
GBR-2755,GB-south-east,GB-SRY,True,GB,United Kingdom,Surrey,Surrey,Surrey,Surrey,,Administrative County,2,51.2608,-0.388084,natural-earth,1676.852,-0.840021,51.070785,0.063852,51.477788,9,Q23276,2636512,surrey
GBR-2076,GB-greater-london,GB-STN,True,GB,United Kingdom,Sutton,Sutton,Sutton,Municipio de Sutton,,London Borough,2,51.3606,-0.176573,natural-earth,45.162,-0.243106,51.319607,-0.110039,51.388466,9,Q320378,-2648110,sutton
GBR-2119,GB-east-wales,GB-SWA,True,GB,United Kingdom,Swansea,Swansea,Swansea,Swansea,,Unitary Authority (wales),2,51.6203,-4.06364,natural-earth,365.791,-4.297353,51.538764,-3.829916,51.766608,9,Q23051,3333248,swansea
GBR-2756,GB-south-west,GB-SWD,True,GB,United Kingdom,Swindon,Swindon,Swindon,Swindon,,Unitary Authority,2,51.567,-1.71017,natural-earth,254.416,-1.839908,51.460063,-1.580441,51.681032,9,Q894093,3333207,swindon
GBR-5682,GB-north-west,GB-TAM,True,GB,United Kingdom,Tameside,Tameside,Tameside,Tameside,,Metropolitan Borough,2,53.4567,-2.0958,natural-earth,125.054,-2.225434,53.409207,-1.977807,53.508451,9,Q1423078,3333208,tameside
GBR-2121,GB-west-midlands,GB-TFW,True,GB,United Kingdom,Telford and Wrekin,Telford and Wrekin,Telford et Wrekin,Telford & Wrekin,,Unitary Authority,2,52.7152,-2.49356,natural-earth,293.859,-2.663165,52.607022,-2.323961,52.821582,9,Q1425298,3333209,telford-and-wrekin
GBR-2676,GB-east,GB-THR,True,GB,United Kingdom,Thurrock,Thurrock,Thurrock,Thurrock,,Unitary Authority,2,51.503,0.381907,natural-earth,153.381,0.216633,51.446369,0.547172,51.557939,9,Q1549155,2635885,thurrock
GBR-2142,GB-south-west,GB-TOB,True,GB,United Kingdom,Torbay,Torbay,Torbay,Torbay,,Unitary Authority,2,50.4496,-3.56802,natural-earth,107.172,-3.648661,50.376212,-3.487457,50.50901,9,Q1136118,3333210,torbay
GBR-2134,GB-east-wales,GB-TOF,True,GB,United Kingdom,Torfaen,Torfaen,Torfaen,Torfaen,,Unitary Authority (wales),2,51.6945,-3.0449,natural-earth,131.441,-3.128486,51.605739,-2.961312,51.794539,9,Q643919,3333249,torfaen
GBR-2077,GB-greater-london,GB-TWH,True,GB,United Kingdom,Tower Hamlets,Tower Hamlets,Tower Hamlets,Tower Hamlets,,London Borough,2,51.5162,-0.026298,natural-earth,22.385,-0.072031,51.479597,0.019436,51.543469,9,Q208152,-2648110,tower-hamlets
GBR-5685,GB-north-west,GB-TRF,True,GB,United Kingdom,Trafford,Trafford,Trafford,Trafford,,Metropolitan Borough,2,53.4147,-2.37777,natural-earth,77.07,-2.460568,53.359947,-2.303103,53.458829,9,Q915954,3333211,trafford
GBR-2117,GB-west-wales-and-the-valleys,GB-VGL,True,GB,United Kingdom,Vale of Glamorgan,Vale of Glamorgan,Vale of Glamorgan,Vale of Glamorgan,,Unitary Authority (wales),2,51.4474,-3.36772,natural-earth,285.679,-3.575311,51.384223,-3.160064,51.515771,9,Q844784,2635028,vale-of-glamorgan
GBR-5675,GB-yorkshire-and-the-humber,GB-WKF,True,GB,United Kingdom,Wakefield,Wakefield,cité de Wakefield,Wakefield,,Metropolitan Borough,2,53.6457,-1.39089,natural-earth,317.941,-1.619948,53.574095,-1.211135,53.737961,9,Q763171,3333212,wakefield
GBR-5694,GB-west-midlands,GB-WLL,True,GB,United Kingdom,Walsall,Walsall,Walsall,Walsall,,Metropolitan Borough,2,52.6018,-1.95182,natural-earth,96.48,-2.055691,52.546762,-1.855592,52.665209,9,Q178356,3333213,walsall
GBR-2078,GB-greater-london,GB-WFT,True,GB,United Kingdom,Waltham Forest,Waltham Forest,Waltham Forest,Waltham Forest,,London Borough,2,51.5949,-0.012552,natural-earth,36.86,-0.05273,51.552409,0.027627,51.646615,9,Q40608,-2648110,waltham-forest
GBR-2079,GB-greater-london,GB-WND,True,GB,United Kingdom,Wandsworth,Wandsworth,Wandsworth,Municipio de Wandsworth,,London Borough,2,51.4523,-0.184208,natural-earth,36.923,-0.246078,51.417689,-0.122338,51.492103,9,Q210563,-2648110,wandsworth
GBR-2774,GB-north-west,GB-WRT,True,GB,United Kingdom,Warrington,Warrington,Warrington,Warrington,,Unitary Authority,2,53.3766,-2.55468,natural-earth,176.029,-2.68058,53.312302,-2.428787,53.462422,9,Q215733,3333216,warrington
GBR-2750,GB-west-midlands,GB-WAR,True,GB,United Kingdom,Warwickshire,Warwickshire,Warwickshire,Warwickshire,,Administrative County,2,52.168,-1.55487,natural-earth,1957.426,-1.944475,51.954917,-1.165272,52.676888,9,Q23140,2634723,warwickshire
GBR-5700,GB-south-east,GB-WBK,True,GB,United Kingdom,West Berkshire,West Berkshire,West Berkshire,West Berkshire,,Unitary Authority,2,51.4529,-1.2949,natural-earth,641.729,-1.584523,51.332448,-1.031973,51.553288,9,Q1473780,3333217,west-berkshire
GBR-2011,GB-south-western,GB-WDU,True,GB,United Kingdom,West Dunbartonshire,West Dunbartonshire,West Dunbartonshire,West Dunbartonshire,,Unitary District,2,55.9884,-4.47635,natural-earth,198.551,-4.601031,55.864032,-4.351667,56.077818,9,Q208121,3333237,west-dunbartonshire
GBR-2025,GB-eastern,GB-WLN,True,GB,United Kingdom,West Lothian,West Lothian,West Lothian,West Lothian,,Unitary District,2,55.8947,-3.60556,natural-earth,415.331,-3.820614,55.769619,-3.390511,56.005595,9,Q204940,2634354,west-lothian
GBR-2748,GB-south-east,GB-WSX,True,GB,United Kingdom,West Sussex,West Sussex,Sussex de l'Ouest,Sussex Occidental,,Administrative County,2,50.9489,-0.457938,natural-earth,1963.777,-0.95252,50.730048,0.036644,51.161322,9,Q23287,2634258,west-sussex
GBR-2080,GB-greater-london,GB-WSM,True,GB,United Kingdom,Westminster,Westminster,cité de Westminster,Westminster,,London Borough (city),2,51.5115,-0.161651,natural-earth,17.731,-0.211093,51.483731,-0.11221,51.531842,9,Q179351,-2648110,westminster
GBR-5677,GB-north-west,GB-WGN,True,GB,United Kingdom,Wigan,Wigan,Wigan,Wigan,,Metropolitan Borough,2,53.5317,-2.60574,natural-earth,202.689,-2.752023,53.435602,-2.485037,53.613007,9,Q684307,3333219,wigan
GBR-2757,GB-south-west,GB-WIL,True,GB,United Kingdom,Wiltshire,Wiltshire,Wiltshire,Wiltshire,,Unitary Single-Tier County,2,51.3289,-1.91891,natural-earth,3166.601,-2.35197,50.950224,-1.485847,51.697982,9,Q23183,2633868,wiltshire
GBR-5701,GB-south-east,GB-WOK,True,GB,United Kingdom,Wokingham,Wokingham,Wokingham,Wokingham,,Unitary Authority,2,51.4019,-0.90795,natural-earth,190.887,-1.053517,51.350076,-0.811497,51.55104,9,Q1758432,3333221,wokingham
GBR-5693,GB-west-midlands,GB-WLV,True,GB,United Kingdom,Wolverhampton,Wolverhampton,Wolverhampton,Wolverhampton,,Metropolitan Borough,2,52.5958,-2.1108,natural-earth,64.482,-2.200584,52.54439,-2.034358,52.6341,9,Q126269,3333222,wolverhampton
GBR-2776,GB-west-midlands,GB-WOR,True,GB,United Kingdom,Worcestershire,Worcestershire,Worcestershire,Worcestershire,,Administrative County,2,52.21,-2.2004,natural-earth,1779.037,-2.642986,51.96272,-1.75782,52.444577,9,Q23135,2633560,worcestershire
GBR-2127,GB-west-wales-and-the-valleys,GB-WRX,True,GB,United Kingdom,Wrexham,Wrexham,Wrexham,Wrexham,,Unitary Authority (wales),2,53.017,-3.0538,natural-earth,653.471,-3.390744,52.779104,-2.716238,53.144604,9,Q843868,2633484,wrexham
GBR-2120,GB-yorkshire-and-the-humber,GB-YOR,True,GB,United Kingdom,York,York,York,York,,Unitary Authority,2,53.9488,-1.07785,natural-earth,300.436,-1.234829,53.857281,-0.920868,54.040345,9,Q42462,2633351,york
HUN-3155,HU-southern-transdanubia,HU-BA,True,HU,Hungary,Baranya,Baranya,Baranya,Baranya,,County,2,45.9602,17.9611,natural-earth,4308.002,17.617044,45.741343,18.852421,46.411612,7,Q186195,3055399,baranya
HUN-3168,HU-northern-hungary,HU-BZ,True,HU,Hungary,Borsod-Abaúj-Zemplén,Borsod-Abaúj-Zemplén,Borsod-Abaúj-Zemplén,Borsod-Abaúj-Zemplén,,County,2,48.2104,21.0983,natural-earth,6723.418,20.038303,47.672336,22.158263,48.569233,7,Q188895,722064,borsod-abauj-zemplen
HUN-3160,HU-central-hungary,HU-BU,True,HU,Hungary,Budapest,Budapest,Budapest,Budapest,,Capital City,2,47.4757,19.1282,natural-earth,536.916,18.929625,47.360159,19.326707,47.60681,9,Q1781,3054638,budapest
HUN-3161,HU-great-southern-plain,HU-BK,True,HU,Hungary,Bács-Kiskun,Bács-Kiskun,Bács-Kiskun,Bács-Kiskun,,County,2,46.6096,19.4699,natural-earth,8123.346,18.785758,45.905582,20.154047,47.151644,7,Q181018,3055744,bacs-kiskun
HUN-3171,HU-great-southern-plain,HU-BE,True,HU,Hungary,Békés,Békés,Békés,Békés,,County,2,46.592,20.8362,natural-earth,5358.074,20.407881,46.231339,21.671369,47.23598,7,Q191616,722433,bekes
HUN-4919,HU-great-southern-plain,HU-BC,True,HU,Hungary,Békéscsaba,Békéscsaba,Békéscsaba,Békéscsaba,,Urban county,2,46.7499,21.0968,natural-earth,264.974,20.975302,46.665672,21.206982,46.852188,7,Q178878,722433,bekescsaba
HUN-3172,HU-great-southern-plain,HU-CS,True,HU,Hungary,Csongrád,Csongrád-Csanád,Csongrád-Csanád,Csongrád-Csanád,,County,2,46.5997,20.1413,natural-earth,3415.513,19.653095,46.108091,20.787369,46.803345,7,Q193031,721589,csongrad
HUN-4924,HU-northern-great-plain,HU-DE,True,HU,Hungary,Debrecen,Debrecen,Debrecen,Debrecen,,Urban county,2,47.5252,21.6192,natural-earth,753.12,21.416112,47.390581,21.862764,47.732283,7,Q79880,720293,debrecen
HUN-4925,HU-central-transdanubia,HU-DU,True,HU,Hungary,Dunaújváros,Dunaújváros,Dunaújváros,Dunaújváros,,Urban county,2,46.9489,18.8971,natural-earth,131.143,18.828425,46.848407,18.966936,47.015858,7,Q187812,-3053028,dunaujvaros
HUN-4920,HU-northern-hungary,HU-EG,True,HU,Hungary,Eger,Eger,Eger,Eger,,Urban county,2,47.9316,20.3836,natural-earth,201.633,20.296598,47.811386,20.465035,48.045516,7,Q167109,-720002,eger
HUN-3162,HU-central-transdanubia,HU-FE,True,HU,Hungary,Fejér,Fejér,Fejér,Fejér,,County,2,46.989,18.6516,natural-earth,3939.365,18.094844,46.702059,18.967969,47.561852,7,Q187693,3053028,fejer
HUN-3156,HU-western-transdanubia,HU-GS,True,HU,Hungary,Gyor-Moson-Sopron,Győr-Moson-Sopron,Győr-Moson-Sopron,Győr-Moson-Sopron,,County,2,47.7217,17.1682,natural-earth,3790.215,16.557753,47.398399,17.929066,48.020274,7,Q187753,3051977,gyor-moson-sopron
HUN-4905,HU-western-transdanubia,HU-GY,True,HU,Hungary,Gyôr,Győr,Győr,Győr,,Urban county,2,47.6621,17.6657,natural-earth,237.882,17.504827,47.586852,17.804086,47.737058,7,Q134494,-3051977,gyor
HUN-3173,HU-northern-great-plain,HU-HB,True,HU,Hungary,Hajdú-Bihar,Hajdú-Bihar,Hajdú-Bihar,Hajdú-Bihar,,County,2,47.2906,21.3746,natural-earth,5498.543,20.819226,46.940753,22.154177,47.960535,7,Q185368,720293,hajdu-bihar
HUN-3174,HU-northern-hungary,HU-HE,True,HU,Hungary,Heves,Heves,Heves,Heves,,County,2,47.8614,20.1774,natural-earth,3338.241,19.580748,47.425219,20.77406,48.151402,7,Q191604,720002,heves
HUN-4917,HU-great-southern-plain,HU-HV,True,HU,Hungary,Hódmezôvásárhely,Hódmezővásárhely,Hódmezővásárhely,Hódmezővásárhely,,Urban county,2,46.3767,20.3919,natural-earth,735.73,20.188243,46.245915,20.616964,46.532561,7,Q124375,721589,hodmezovasarhely
HUN-3175,HU-northern-great-plain,HU-JN,True,HU,Hungary,Jász-Nagykun-Szolnok,Jász-Nagykun-Szolnok,Jász-Nagykun-Szolnok,Jász-Nagykun-Szolnok,,County,2,47.2052,20.5204,natural-earth,5231.234,19.664567,46.764355,21.027895,47.679364,7,Q189655,719637,jasz-nagykun-szolnok
HUN-4912,HU-southern-transdanubia,HU-KV,True,HU,Hungary,Kaposvár,Kaposvár,Kaposvár,Kaposvár,,Urban county,2,46.356,17.7984,natural-earth,198.145,17.706964,46.247567,17.880533,46.454059,7,Q184998,-3045226,kaposvar
HUN-4915,HU-great-southern-plain,HU-KM,True,HU,Hungary,Kecskemét,Kecskemét,Kecskemét,Kecskemét,,Urban county,2,46.9282,19.6684,natural-earth,242.45,19.556275,46.785052,19.81908,47.014762,7,Q171357,-3055744,kecskemet
HUN-3163,HU-central-transdanubia,HU-KE,True,HU,Hungary,Komárom-Esztergom,Komárom-Esztergom,Komárom-Esztergom,Komárom-Esztergom,,County,2,47.6697,18.2244,natural-earth,2274.796,17.879043,47.342434,18.93469,47.832194,7,Q190018,3049518,komarom-esztergom
HUN-4922,HU-northern-hungary,HU-MI,True,HU,Hungary,Miskolc,Miskolc,Miskolc,Miskolc,,Urban county,2,48.1181,20.7319,natural-earth,441.001,20.472814,48.002737,20.903322,48.222788,7,Q102397,-722064,miskolc
HUN-4911,HU-western-transdanubia,HU-NK,True,HU,Hungary,Nagykanizsa,Nagykanizsa,Nagykanizsa,Nagykanizsa,,Urban county,2,46.4513,16.9898,natural-earth,159.017,16.91812,46.376506,17.068559,46.561584,7,Q14424,-3042613,nagykanizsa
HUN-4923,HU-northern-great-plain,HU-NY,True,HU,Hungary,Nyíregyháza,Nyíregyháza,Nyíregyháza,Nyíregyháza,,Urban county,2,47.9357,21.7602,natural-earth,341.777,21.61986,47.833501,21.898086,48.036794,7,Q171223,-715593,nyiregyhaza
HUN-3166,HU-northern-hungary,HU-NO,True,HU,Hungary,Nógrád,Nógrád,Nógrád,Nógrád,,County,2,47.9662,19.5146,natural-earth,2360.861,18.933595,47.706029,20.095859,48.227006,7,Q194273,3047348,nograd
HUN-3164,HU-central-hungary,HU-PE,True,HU,Hungary,Pest,Pest,Pest,Pest,,County,2,47.4344,19.4435,natural-earth,6274.348,18.684989,46.945507,20.202106,48.054349,7,Q188612,3046431,pest
HUN-4913,HU-southern-transdanubia,HU-PS,True,HU,Hungary,Pécs,Pécs,Pécs,Pécs,,Urban county,2,46.0699,18.2337,natural-earth,251.435,18.125097,45.984786,18.370489,46.170326,7,Q45779,3055399,pecs
HUN-4921,HU-northern-hungary,HU-ST,True,HU,Hungary,Salgótarján,Salgótarján,Salgótarján,Salgótarján,,Urban county,2,48.1057,19.7907,natural-earth,110.493,19.710559,48.040089,19.905069,48.159,7,Q189769,-3047348,salgotarjan
HUN-3157,HU-southern-transdanubia,HU-SO,True,HU,Hungary,Somogy,Somogy,Somogy,Somogy,,County,2,46.3623,17.5491,natural-earth,5823.0,16.879312,45.850587,18.219178,46.971965,7,Q190522,3045226,somogy
HUN-4904,HU-western-transdanubia,HU-SN,True,HU,Hungary,Sopron,Sopron,Sopron,Sopron,,Urban county,2,47.6911,16.6001,natural-earth,192.261,16.407815,47.62984,16.716783,47.754192,7,Q168648,-3051977,sopron
HUN-3169,HU-northern-great-plain,HU-SZ,True,HU,Hungary,Szabolcs-Szatmár-Bereg,Szabolcs-Szatmár-Bereg,Szabolcs-Szatmár-Bereg,Szabolcs-Szatmár-Bereg,,County,2,47.9535,22.182,natural-earth,5355.258,21.113678,47.582213,22.877601,48.418157,7,Q190518,715593,szabolcs-szatmar-bereg
HUN-4916,HU-great-southern-plain,HU-SD,True,HU,Hungary,Szeged,Szeged,Szeged,Szeged,,Urban county,2,46.2689,20.1431,natural-earth,249.925,20.009804,46.145298,20.270927,46.355083,7,Q81581,-721589,szeged
HUN-4914,HU-southern-transdanubia,HU-SS,True,HU,Hungary,Szekszárd,Szekszárd,Szekszárd,Szekszárd,,Urban county,2,46.356,18.6981,natural-earth,120.363,18.614605,46.298719,18.887482,46.41649,7,Q189761,-3043845,szekszard
HUN-4918,HU-northern-great-plain,HU-SK,True,HU,Hungary,Szolnok,Szolnok,Szolnok,Szolnok,,Urban county,2,47.206,20.168,natural-earth,324.17,20.022375,47.098445,20.304379,47.341434,7,Q181276,-719637,szolnok
HUN-4903,HU-western-transdanubia,HU-SH,True,HU,Hungary,Szombathely,Szombathely,Szombathely,Szombathely,,Urban county,2,47.2308,16.625,natural-earth,145.5,16.527327,47.147646,16.696501,47.2909,7,Q42007,-3043047,szombathely
HUN-4908,HU-central-transdanubia,HU-SF,True,HU,Hungary,Székesfehérvár,Székesfehérvár,Székesfehérvár,Székesfehérvár,,Urban county,2,47.1977,18.4618,natural-earth,294.525,18.328945,47.065668,18.576432,47.307158,7,Q130212,-3053028,szekesfehervar
HUN-4906,HU-central-transdanubia,HU-TB,True,HU,Hungary,Tatabánya,Tatabánya,Tatabánya,Tatabánya,,Urban county,2,47.5667,18.4452,natural-earth,94.466,18.372872,47.505369,18.524048,47.620762,7,Q187821,-3049518,tatabanya
HUN-3165,HU-southern-transdanubia,HU-TO,True,HU,Hungary,Tolna,Tolna,Tolna,Tolna,,County,2,46.5078,18.5198,natural-earth,3511.788,18.037897,46.099667,19.001766,46.848407,7,Q191625,3043845,tolna
HUN-3138,HU-western-transdanubia,HU-VA,True,HU,Hungary,Vas,Vas,Vas,Vas,,County,2,47.1693,16.814,natural-earth,3294.238,16.094035,46.696467,17.302334,47.45421,7,Q187677,3043047,vas
HUN-3158,HU-central-transdanubia,HU-VE,True,HU,Hungary,Veszprém,Veszprém,Veszprém,Veszprém,,County,2,47.1365,17.6638,natural-earth,4778.587,17.098006,46.649246,18.229616,47.493174,7,Q188890,3042925,veszprem
HUN-4909,HU-central-transdanubia,HU-VM,True,HU,Hungary,Veszprém,Veszprém,Veszprém,Veszprém,,Urban county,2,47.123,17.9145,natural-earth,226.895,17.824591,47.010218,18.00654,47.228078,7,Q146317,-3042925,veszprem
HUN-3159,HU-western-transdanubia,HU-ZA,True,HU,Hungary,Zala,Zala,Zala,Zala,,County,2,46.6712,16.7964,natural-earth,3073.629,16.366216,46.301774,17.226577,47.046844,7,Q185374,3042613,zala
HUN-4910,HU-western-transdanubia,HU-ZE,True,HU,Hungary,Zalaegerszeg,Zalaegerszeg,Zalaegerszeg,Zalaegerszeg,,Urban county,2,46.8452,16.8447,natural-earth,109.497,16.77078,46.781304,16.91266,46.908672,7,Q60037,-3042613,zalaegerszeg
HUN-4907,HU-central-hungary,HU-ED,True,HU,Hungary,Érd,Érd,Érd,Érd,,Urban county,2,47.3677,18.893,natural-earth,110.837,18.819388,47.303754,18.955463,47.461832,7,Q193050,-3046431,erd
ITA-5417,IT-sicily,IT-AG,True,IT,Italy,Agrigento,Agrigento,Agrigente,Agrigento,,Province,2,37.4522,13.4938,natural-earth,3002.46,12.526134,35.489244,14.039304,37.7427,3,Q16112,2525763,agrigento
ITA-5439,IT-piemonte,IT-AL,True,IT,Italy,Alessandria,Alessandria,Alexandrie,Alessandria,,Province,2,44.8102,8.74818,natural-earth,3486.374,8.110422,44.480648,9.205935,45.204516,3,Q15097,3183298,alessandria
ITA-5427,IT-marche,IT-AN,True,IT,Italy,Ancona,Ancona,Ancône,Ancona,,Province,2,43.5383,13.1128,natural-earth,2008.397,12.746499,43.20609,13.646966,43.751519,3,Q16114,3183087,ancona
ITA-5442,IT-valle-d-aosta,IT-AO,True,IT,Italy,Aoste,Aosta,Aoste,Aosta,,Province,2,45.7126,7.35059,natural-earth,3296.142,6.781994,45.466286,7.919546,45.984119,3,Q3367,3182996,aoste
ITA-5387,IT-toscana,IT-AR,True,IT,Italy,Arezzo,Arezzo,Arezzo,Arezzo,,Province,2,43.5298,11.7758,natural-earth,3226.69,11.39751,43.160257,12.357627,43.879143,3,Q16115,3182882,arezzo
ITA-5431,IT-marche,IT-AP,True,IT,Italy,Ascoli Piceno,Ascoli Piceno,Ascoli Piceno,Ascoli Piceno,,Province,2,42.9054,13.5862,natural-earth,1190.046,13.194478,42.687658,13.905527,43.076464,3,Q16117,3182748,ascoli-piceno
ITA-5440,IT-piemonte,IT-AT,True,IT,Italy,Asti,Asti,Asti,Asti,,Province,2,44.9236,8.17036,natural-earth,1523.323,7.886719,44.521737,8.498855,45.132654,3,Q15099,3182712,asti
ITA-5399,IT-campania,IT-AV,True,IT,Italy,Avellino,Avellino,Avellino,Avellino,,Province,2,40.9404,15.1044,natural-earth,2740.375,14.571965,40.711382,15.57794,41.289054,3,Q16120,3182649,avellino
ITA-5403,IT-apulia,IT-BA,True,IT,Italy,Bari,Bari,Bari,Bari,,Province,2,40.928,16.7706,natural-earth,3879.184,16.196624,40.6932,17.39888,41.235194,3,Q16123,3182350,bari
ITA-5405,IT-apulia,IT-BT,True,IT,Italy,Barletta-Andria Trani,Barletta-Andria-Trani,Barletta-Andria-Trani,Barletta-Andria-Trani,,Province,2,41.1638,16.1413,natural-earth,1602.218,15.858333,40.903632,16.544164,41.453904,3,Q16124,6955699,barletta-andria-trani
ITA-5467,IT-veneto,IT-BL,True,IT,Italy,Belluno,Belluno,Belluno,Belluno,,Province,2,46.3169,12.1449,natural-earth,3685.509,11.680759,45.88057,12.761726,46.675799,3,Q16126,3182209,belluno
ITA-5398,IT-campania,IT-BN,True,IT,Italy,Benevento,Benevento,Bénévent,Benevento,,Province,2,41.2325,14.7663,natural-earth,2082.391,14.356589,40.972747,15.143452,41.482073,3,Q16134,3182178,benevento
ITA-5443,IT-lombardia,IT-BG,True,IT,Italy,Bergamo,Bergamo,Bergame,Bérgamo,,Province,2,45.8097,9.77093,natural-earth,2728.445,9.447766,45.424264,10.26137,46.090926,3,Q16137,3182163,bergamo
ITA-5435,IT-piemonte,IT-BI,True,IT,Italy,Biella,Biella,Biella,Biella,,Province,2,45.5932,8.08936,natural-earth,917.295,7.880171,45.378231,8.29073,45.756974,3,Q15094,6457397,biella
ITA-5362,IT-emilia-romagna,IT-BO,True,IT,Italy,Bologna,Bologna,Bologne,Bolonia,,Province,2,44.3949,11.4149,natural-earth,3670.269,10.808181,44.067804,11.824548,44.804152,3,Q16139,3181927,bologna
ITA-5459,IT-trentino-alto-adige,IT-BZ,True,IT,Italy,Bozen,Trentino-South Tyrol,Trentin-Haut-Adige,Trentino-Alto Adigio,,Province,2,46.707,11.4411,natural-earth,7373.039,10.369165,46.223893,12.469632,47.085215,3,Q1237,3181912,bozen
ITA-5445,IT-lombardia,IT-BS,True,IT,Italy,Brescia,Brescia,Brescia,Brescia,,Province,2,45.631,10.3574,natural-earth,4859.46,9.856699,45.203065,10.844897,46.35463,3,Q16144,3181553,brescia
ITA-5406,IT-apulia,IT-BR,True,IT,Italy,Brindisi,Brindisi,Brindisi,Brindisi,,Province,2,40.6195,17.711,natural-earth,1850.981,17.315581,40.379584,18.098928,40.893686,3,Q16148,3181526,brindisi
ITA-5378,IT-sardegna,IT-CA,True,IT,Italy,Cagliari,Cagliari,Cagliari,Cagliari,,Province,2,39.4502,9.2574,natural-earth,4513.243,8.599864,38.864325,9.6463,39.917323,3,Q16149,2525471,cagliari
ITA-5416,IT-sicily,IT-CL,True,IT,Italy,Caltanissetta,Caltanissetta,Caltanissetta,Caltanissetta,,Province,2,37.223,14.1598,natural-earth,2115.743,13.641577,37.000579,14.472341,37.733549,3,Q16150,2525447,caltanissetta
ITA-5401,IT-molise,IT-CB,True,IT,Italy,Campobasso,Campobasso,Campobasso,Campobasso,,Province,2,41.6425,14.7413,natural-earth,2970.12,14.379353,41.370133,15.158789,42.077948,3,Q16151,3180990,campobasso
ITA-5371,IT-sardegna,IT-CI,True,IT,Italy,Carbonia-Iglesias,Carbonia-Iglesias,Carbonia-Iglesias,Carbonia-Iglesias,,Province,2,39.2402,8.57559,natural-earth,1492.723,8.22462,38.954893,8.849033,39.482605,3,Q16152,6457400,carbonia-iglesias
ITA-5396,IT-campania,IT-CE,True,IT,Italy,Caserta,Caserta,Caserte,Caserta,,Province,2,41.2156,14.1425,natural-earth,2655.392,13.743664,40.936831,14.531316,41.495663,3,Q16153,3179865,caserta
ITA-5413,IT-sicily,IT-CT,True,IT,Italy,Catania,Catania,Catane,Catania,,Province,2,37.5882,14.969,natural-earth,3558.926,14.352546,37.051704,15.259932,37.963229,3,Q16154,2525065,catania
ITA-5393,IT-calabria,IT-CZ,True,IT,Italy,Catanzaro,Catanzaro,Catanzaro,Catanzaro,,Province,2,38.878,16.4736,natural-earth,2362.016,16.096888,38.465095,16.902341,39.194269,3,Q16159,2525058,catanzaro
ITA-5421,IT-abruzzo,IT-CH,True,IT,Italy,Chieti,Chieti,Chieti,Chieti,,Province,2,42.1033,14.3997,natural-earth,2577.038,14.07356,41.765718,14.763413,42.446075,3,Q16160,3178795,chieti
ITA-5452,IT-lombardia,IT-CO,True,IT,Italy,Como,Como,Côme,Como,,Province,2,45.9389,9.1586,natural-earth,1297.034,8.900032,45.648034,9.440845,46.235681,3,Q16161,3178227,como
ITA-5391,IT-calabria,IT-CS,True,IT,Italy,Cosenza,Cosenza,Cosenza,Cosenza,,Province,2,39.5555,16.3123,natural-earth,6708.189,15.745808,39.046909,17.019201,40.136852,3,Q16162,2524906,cosenza
ITA-5447,IT-lombardia,IT-CR,True,IT,Italy,Cremona,Cremona,Crémone,Cremona,,Province,2,45.226,9.99563,natural-earth,1774.157,9.462905,44.919431,10.566042,45.512034,3,Q16163,3177837,cremona
ITA-5392,IT-calabria,IT-KR,True,IT,Italy,Crotene,Crotone,Crotone,Crotona,,Province,2,39.1644,16.9491,natural-earth,1736.245,16.613181,38.899075,17.206391,39.479223,3,Q16165,6458615,crotene
ITA-5441,IT-piemonte,IT-CN,True,IT,Italy,Cuneo,Cuneo,Coni,Cuneo,,Province,2,44.4862,7.63034,natural-earth,6906.381,6.835737,44.090799,8.265857,44.855183,3,Q15091,3177699,cuneo
ITA-5412,IT-sicily,IT-EN,True,IT,Italy,Enna,Enna,Enna,Enna,,Province,2,37.6598,14.4462,natural-earth,2555.615,14.069363,37.293425,14.835615,37.875964,3,Q16166,2524818,enna
ITA-5430,IT-marche,IT-FM,True,IT,Italy,Fermo,Fermo,Fermo,Fermo,,Province,2,43.1231,13.6263,natural-earth,885.193,13.216231,42.889356,13.853485,43.292246,3,Q16167,6955471,fermo
ITA-5363,IT-emilia-romagna,IT-FE,True,IT,Italy,Ferrara,Ferrara,Ferrare,Ferrara,,Province,2,44.773,11.9305,natural-earth,2675.49,11.23489,44.550708,12.393397,44.98558,3,Q16168,3177088,ferrara
ITA-5386,IT-toscana,IT-FI,True,IT,Italy,Firenze,Florence,Florence,Florencia,,Province,2,43.7304,11.3233,natural-earth,3535.131,10.711106,43.452229,11.74738,44.234928,3,Q16172,3176958,firenze
ITA-5404,IT-apulia,IT-FG,True,IT,Italy,Foggia,Foggia,Foggia,Foggia,,Province,2,41.5476,15.5111,natural-earth,6916.96,14.931943,41.055122,16.193044,41.944078,3,Q15129,3176884,foggia
ITA-5365,IT-emilia-romagna,IT-FC,True,IT,Italy,Forlì-Cesena,Forlì-Cesena,Forlì-Cesena,Forlì-Cesena,,Province,2,44.0569,12.0795,natural-earth,2350.508,11.650063,43.754177,12.458018,44.330279,3,Q16180,3176745,forli-cesena
ITA-5425,IT-lazio,IT-FR,True,IT,Italy,Frosinone,Frosinone,Frosinone,Frosinone,,Province,2,41.6106,13.5575,natural-earth,3186.782,12.997053,41.308577,14.010081,41.947046,3,Q16181,3176513,frosinone
ITA-5367,IT-liguria,IT-GE,True,IT,Italy,Genova,Liguria,Ligurie,Liguria,,Province,2,44.4675,9.15064,natural-earth,1850.95,8.564158,44.215237,9.571516,44.684763,3,Q1256,3176217,genova
ITA-5457,IT-friuli-venezia-giulia,IT-GO,True,IT,Italy,Gorizia,Gorizia,Gorizia,Gorizia,,Province,2,45.8602,13.4936,natural-earth,358.681,13.37672,45.675442,13.622817,46.006392,3,Q16184,3175985,gorizia
ITA-5379,IT-toscana,IT-GR,True,IT,Italy,Grosseto,Grosseto,Grosseto,Grosseto,,Province,2,42.8194,11.2046,natural-earth,4480.481,10.705054,42.318728,11.807893,43.192633,3,Q16185,3175784,grosseto
ITA-5369,IT-liguria,IT-IM,True,IT,Italy,Imperia,Imperia,Imperia,Imperia,,Province,2,44.011,7.81935,natural-earth,1230.083,7.477869,43.784491,8.130226,44.143917,3,Q16186,3175531,imperia
ITA-5402,IT-molise,IT-IS,True,IT,Italy,Isernia,Isernia,Isernia,Isernia,,Province,2,41.645,14.2393,natural-earth,1548.42,13.945701,41.388744,14.519033,41.906233,3,Q16187,3175444,isernia
ITA-5420,IT-abruzzo,IT-AQ,True,IT,Italy,L'Aquila,L'Aquila,L'Aquila,L'Aquila,,Province,2,42.0575,13.6034,natural-earth,5087.566,13.011995,41.686913,14.229411,42.603766,3,Q16189,3175120,l-aquila
ITA-5370,IT-liguria,IT-SP,True,IT,Italy,La Spezia,La Spezia,La Spezia,La Spezia,,Province,2,44.2108,9.69322,natural-earth,827.091,9.473782,44.041164,10.056892,44.429177,3,Q16188,3175080,la-spezia
ITA-5426,IT-lazio,IT-LT,True,IT,Italy,Latina,Latina,Latina,Latina,,Province,2,41.3815,13.0878,natural-earth,2185.49,12.560017,40.785875,13.872576,41.71272,3,Q16196,3175057,latina
ITA-5407,IT-apulia,IT-LE,True,IT,Italy,Lecce,Lecce,Lecce,Lecce,,Province,2,40.167,18.2094,natural-earth,2773.804,17.764022,39.796617,18.517426,40.517934,3,Q16197,3174952,lecce
ITA-5453,IT-lombardia,IT-LC,True,IT,Italy,Lecco,Lecco,Lecco,Lecco,,Province,2,45.7606,9.36921,natural-earth,829.428,9.245398,45.651165,9.540117,46.162051,3,Q16199,6458616,lecco
ITA-5380,IT-toscana,IT-LI,True,IT,Italy,Livorno,Livorno,Livourne,Livorno,,Province,2,43.0601,10.6186,natural-earth,1215.742,9.784595,42.32392,10.790955,43.636305,3,Q16200,3174658,livorno
ITA-5448,IT-lombardia,IT-LO,True,IT,Italy,Lodi,Lodi,Lodi,Lodi,,Province,2,45.253,9.54741,natural-earth,795.317,9.311997,45.068252,9.89959,45.470297,3,Q16201,6458617,lodi
ITA-5383,IT-toscana,IT-LU,True,IT,Italy,Lucca,Lucca,Lucques,Lucca,,Province,2,43.9882,10.4525,natural-earth,1755.717,10.143297,43.755551,10.735891,44.282389,3,Q16202,3174529,lucca
ITA-5429,IT-marche,IT-MC,True,IT,Italy,Macerata,Macerata,Macerata,Macerata,,Province,2,43.1918,13.2195,natural-earth,2769.939,12.833884,42.823613,13.744997,43.475281,3,Q16203,3174379,macerata
ITA-5446,IT-lombardia,IT-MN,True,IT,Italy,Mantova,Mantua,Mantoue,Mantua,,Province,2,45.1396,10.7355,natural-earth,2307.724,10.317817,44.913488,11.421504,45.423847,3,Q16204,3174050,mantova
ITA-5382,IT-toscana,IT-MS,True,IT,Italy,Massa-Carrara,Massa-Carrara,Massa-Carrara,Massa y Carrara,,Province,2,44.2345,10.0285,natural-earth,1170.477,9.686982,43.975092,10.253944,44.482967,3,Q16205,3173767,massa-carrara
ITA-5389,IT-basilicata,IT-MT,True,IT,Italy,Matera,Matera,Matera,Matera,,Province,2,40.4533,16.4876,natural-earth,3431.389,15.939801,40.05553,16.863277,40.837547,3,Q16206,3173718,matera
ITA-5372,IT-sardegna,IT-VS,True,IT,Italy,Medio Campidano,Medio Campidano,Medio Campidano,Medio Campidano,,Province,2,39.5132,8.73034,natural-earth,1535.309,8.385997,39.374851,9.07311,39.785806,3,Q16207,6457402,medio-campidano
ITA-5411,IT-sicily,IT-ME,True,IT,Italy,Messina,Messina,Messine,Mesina,,Province,2,38.0465,14.9117,natural-earth,3293.451,14.179582,37.799489,15.651622,38.811957,3,Q16208,2524169,messina
ITA-5450,IT-lombardia,IT-MI,True,IT,Italy,Milano,Milan,Milan,Milán,,Province,2,45.442,9.1154,natural-earth,1544.12,8.705178,45.264962,9.533943,45.645254,3,Q15121,3173434,milano
ITA-5358,IT-emilia-romagna,IT-MO,True,IT,Italy,Modena,Modena,Modène,Módena,,Province,2,44.4311,10.8516,natural-earth,2676.614,10.47123,44.113513,11.368638,44.961905,3,Q16209,3173330,modena
ITA-5454,IT-lombardia,IT-MB,True,IT,Italy,Monza e Brianza,Monza and Brianza,Monza et Brianza,Monza y Brianza,,Province,2,45.6256,9.2774,natural-earth,402.826,9.053005,45.539005,9.496435,45.742758,3,Q16210,6955700,monza-e-brianza
ITA-5397,IT-campania,IT-NA,True,IT,Italy,Napoli,Naples,Naples,Nápoles,,Province,2,40.8773,14.4226,natural-earth,1146.877,13.849132,40.570624,14.669085,41.017637,3,Q15123,3172391,napoli
ITA-5438,IT-piemonte,IT-NO,True,IT,Italy,Novara,Novara,Novare,Novara,,Province,2,45.5878,8.53757,natural-earth,1322.48,8.310527,45.304085,8.832004,45.868936,3,Q16216,3172188,novara
ITA-5376,IT-sardegna,IT-NU,True,IT,Italy,Nuoro,Nuoro,Nuoro,Nuoro,,Province,2,40.3324,9.40063,natural-earth,3933.13,8.610784,39.826213,9.826671,40.69866,3,Q16220,3172153,nuoro
ITA-5377,IT-sardegna,IT-OG,True,IT,Italy,Ogliastra,Ogliastra,Ogliastra,Ogliastra,,Province,2,39.8913,9.52093,natural-earth,1868.978,9.272974,39.549088,9.73227,40.224523,3,Q16223,6457403,ogliastra
ITA-5375,IT-sardegna,IT-OT,True,IT,Italy,Olbia-Tempio,Olbia-Tempio,Olbia-Tempio,Olbia-Tempio,,Province,2,40.9282,9.28605,natural-earth,3383.021,8.81125,40.536754,9.748844,41.262641,3,Q16224,6457401,olbia-tempio
ITA-5373,IT-sardegna,IT-OR,True,IT,Italy,Oristrano,Oristano,d'Oristano,Oristán,,Province,2,40.0001,8.73034,natural-earth,3046.769,8.377208,39.632338,9.159265,40.424617,3,Q16225,2523962,oristrano
ITA-5463,IT-veneto,IT-PD,True,IT,Italy,Padova,Padua,Padoue,Padua,,Province,2,45.361,11.8371,natural-earth,2064.83,11.40074,45.098695,12.201863,45.687101,3,Q16226,3171727,padova
ITA-5410,IT-sicily,IT-PA,True,IT,Italy,Palermo,Palermo,Palerme,Palermo,,Province,2,37.889,13.5583,natural-earth,5068.05,12.93509,37.539255,14.292517,38.717515,3,Q16227,2523918,palermo
ITA-5360,IT-emilia-romagna,IT-PR,True,IT,Italy,Parma,Parma,Parme,Parma,,Province,2,44.6355,10.04,natural-earth,3477.772,9.436055,44.341814,10.501514,45.046554,3,Q16228,3171456,parma
ITA-5449,IT-lombardia,IT-PV,True,IT,Italy,Pavia,Pavia,Pavie,Pavía,,Province,2,45.1396,9.2558,natural-earth,3030.774,8.498371,44.67882,9.546072,45.40818,3,Q16231,3171364,pavia
ITA-5432,IT-umbria,IT-PG,True,IT,Italy,Perugia,Perugia,Pérouse,Perugia,,Province,2,43.1011,12.4925,natural-earth,6368.854,11.917756,42.59757,13.256375,43.63147,3,Q16240,3171179,perugia
ITA-5428,IT-marche,IT-PU,True,IT,Italy,Pesaro e Urbino,Pesaro and Urbino,Pesaro et Urbino,Pesaro y Urbino,,Province,2,43.7017,12.6409,natural-earth,2580.087,12.193491,43.428872,13.177206,43.972398,3,Q16241,3171172,pesaro-e-urbino
ITA-5418,IT-abruzzo,IT-PE,True,IT,Italy,Pescara,Pescara,Pescara,Pescara,,Province,2,42.3126,13.8877,natural-earth,1221.833,13.765415,42.075115,14.257159,42.545681,3,Q16242,3171163,pescara
ITA-5361,IT-emilia-romagna,IT-PC,True,IT,Italy,Piacenza,Piacenza,Plaisance,Piacenza,,Province,2,44.8704,9.58167,natural-earth,2599.382,9.201431,44.551048,10.071877,45.138488,3,Q16243,3171057,piacenza
ITA-5381,IT-toscana,IT-PI,True,IT,Italy,Pisa,Pisa,Pise,Pisa,,Province,2,43.5528,10.6759,natural-earth,2428.602,10.261771,43.108478,11.006858,43.824732,3,Q16244,3170646,pisa
ITA-5384,IT-toscana,IT-PT,True,IT,Italy,Pistoia,Pistoia,Pistoia,Pistoia,,Province,2,43.9481,10.8592,natural-earth,952.222,10.610537,43.796024,11.062712,44.162012,3,Q16245,3170620,pistoia
ITA-5456,IT-friuli-venezia-giulia,IT-PN,True,IT,Italy,Pordenone,Pordenone,Pordenone,Pordenone,,Province,2,46.2122,12.6981,natural-earth,2179.762,12.335918,45.800568,12.977959,46.404181,3,Q16247,3170146,pordenone
ITA-5390,IT-basilicata,IT-PZ,True,IT,Italy,Potenza,Potenza,Potenza,Potenza,,Province,2,40.3331,15.9408,natural-earth,6618.13,15.34426,39.9008,16.398821,41.136817,3,Q16249,3170025,potenza
ITA-5385,IT-toscana,IT-PO,True,IT,Italy,Prato,Prato,Prato,Prato,,Province,2,43.8965,11.0826,natural-earth,359.593,10.964099,43.759055,11.207227,44.105037,3,Q16250,6458618,prato
ITA-5415,IT-sicily,IT-RG,True,IT,Italy,Ragusa,Ragusa,Raguse,Ragusa,,Province,2,36.9079,14.6539,natural-earth,1613.48,14.334587,36.68887,15.00031,37.135013,3,Q16251,2523649,ragusa
ITA-5364,IT-emilia-romagna,IT-RA,True,IT,Italy,Ravenna,Ravenna,Ravenne,Rávena,,Province,2,44.4235,12.0852,natural-earth,1857.05,11.526269,44.117462,12.385615,44.629755,3,Q16252,3169560,ravenna
ITA-5395,IT-calabria,IT-RC,True,IT,Italy,Reggio Calabria,Reggio Calabria,Reggio de Calabre,Reggio Calabria,,Province,2,38.2363,16.0152,natural-earth,3146.151,15.624034,37.919013,16.573492,38.568026,3,Q16253,2523629,reggio-calabria
ITA-5359,IT-emilia-romagna,IT-RE,True,IT,Italy,Reggio Emilia,Reggio Emilia,Reggio d'Émilie,Reggio Emilia,,Province,2,44.6699,10.6186,natural-earth,2307.69,10.135708,44.22459,10.887785,44.990381,3,Q16254,3169524,reggio-emilia
ITA-5424,IT-lazio,IT-RI,True,IT,Italy,Rieti,Rieti,Rieti,Rieti,,Province,2,42.3382,12.9445,natural-earth,2671.114,12.453362,42.098296,13.38676,42.744622,3,Q16267,3169411,rieti
ITA-5366,IT-emilia-romagna,IT-RN,True,IT,Italy,Rimini,Rimini,Rimini,Rímini,,Province,2,43.9996,12.5607,natural-earth,846.606,12.102239,43.742862,12.753835,44.166409,3,Q16268,6457404,rimini
ITA-5422,IT-lazio,IT-RM,True,IT,Italy,Roma,Rome,Rome,Roma,,Province,2,41.965,12.7308,natural-earth,5347.694,11.739819,41.42094,13.297857,42.295772,3,Q15119,3169069,roma
ITA-5462,IT-veneto,IT-RO,True,IT,Italy,Rovigo,Rovigo,Rovigo,Rovigo,,Province,2,45.0532,11.8695,natural-earth,1797.481,11.190923,44.793452,12.533865,45.164807,3,Q16270,3168842,rovigo
ITA-5400,IT-campania,IT-SA,True,IT,Italy,Salerno,Salerno,Salerne,Salerno,,Province,2,40.4362,15.2189,natural-earth,4869.758,14.471365,39.99397,15.790547,40.848931,3,Q16271,3168670,salerno
ITA-5374,IT-sardegna,IT-SS,True,IT,Italy,Sassari,Sassari,Sassari,Sassari,,Province,2,40.6361,8.68451,natural-earth,4314.567,8.1338,40.305327,9.280554,41.126125,3,Q16272,3167094,sassari
ITA-5368,IT-liguria,IT-SV,True,IT,Italy,Savona,Savona,Savone,Savona,,Province,2,44.2864,8.28916,natural-earth,1572.13,7.981772,43.940343,8.668264,44.534591,3,Q16274,3167021,savona
ITA-5388,IT-toscana,IT-SI,True,IT,Italy,Siena,Siena,Sienne,Siena,,Province,2,43.2205,11.4207,natural-earth,3793.811,10.91165,42.795466,11.977808,43.548239,3,Q16275,3166546,siena
ITA-5414,IT-sicily,IT-SR,True,IT,Italy,Siracusa,Syracuse,Syracuse,Siracusa,,Province,2,37.0869,15.0549,natural-earth,2163.577,14.77697,36.654934,15.332367,37.411836,3,Q16277,2523082,siracusa
ITA-5444,IT-lombardia,IT-SO,True,IT,Italy,Sondrio,Sondrio,Sondrio,Sondrio,,Province,2,46.2035,9.81202,natural-earth,3230.268,9.224831,46.011429,10.639277,46.626974,3,Q16282,3166396,sondrio
ITA-5408,IT-apulia,IT-TA,True,IT,Italy,Taranto,Taranto,Tarente,Tarento,,Province,2,40.6081,17.1095,natural-earth,2404.22,16.69659,40.293433,17.798496,40.76494,3,Q16283,3165924,taranto
ITA-5419,IT-abruzzo,IT-TE,True,IT,Italy,Teramo,Teramo,Teramo,Teramo,,Province,2,42.6705,13.7294,natural-earth,1988.196,13.335234,42.420086,14.151263,42.901561,3,Q16284,3165802,teramo
ITA-5433,IT-umbria,IT-TR,True,IT,Italy,Terni,Terni,Terni,Terni,,Province,2,42.5788,12.4862,natural-earth,2115.911,11.889016,42.368472,12.901978,42.938487,3,Q16286,3165770,terni
ITA-5409,IT-sicily,IT-TP,True,IT,Italy,Trapani,Trapani,Trapani,Trapani,,Province,2,37.8515,12.704,natural-earth,2483.124,11.922211,36.74136,13.090635,38.192776,3,Q16288,2522875,trapani
ITA-5460,IT-trentino-alto-adige,IT-TN,True,IT,Italy,Trento,Trentino,Trentin,Trentino,,Province,2,46.0415,10.9947,natural-earth,6109.737,10.459145,45.681652,11.971282,46.530313,3,Q16289,3165241,trento
ITA-5466,IT-veneto,IT-TV,True,IT,Italy,Treviso,Treviso,Trévise,Treviso,,Province,2,45.8092,12.2313,natural-earth,2505.652,11.741536,45.533029,12.672803,46.082213,3,Q16292,3165200,treviso
ITA-5458,IT-friuli-venezia-giulia,IT-TS,True,IT,Italy,Trieste,Trieste,Trieste,Trieste,,Province,2,45.6866,13.7799,natural-earth,175.727,13.583327,45.58125,13.894686,45.806482,3,Q16293,3165184,trieste
ITA-5434,IT-piemonte,IT-TO,True,IT,Italy,Turin,Turin,Turin,Turín,,Province,2,45.1609,7.47211,natural-earth,6956.199,6.602728,44.71212,8.151907,45.602693,3,Q16287,3165523,turin
ITA-5455,IT-friuli-venezia-giulia,IT-UD,True,IT,Italy,Udine,Udine,Udine,Udine,,Province,2,46.0839,13.1961,natural-earth,4608.88,12.500092,45.652321,13.701055,46.641,3,Q16294,3165071,udine
ITA-5451,IT-lombardia,IT-VA,True,IT,Italy,Varese,Varese,Varèse,Varese,,Province,2,45.7876,8.75898,natural-earth,1120.662,8.56541,45.556781,9.063662,46.108236,3,Q16299,3164697,varese
ITA-5461,IT-veneto,IT-VE,True,IT,Italy,Venezia,Venice,Venise,Venecia,,Province,2,45.4591,12.1647,natural-earth,2123.43,11.961943,45.058244,13.095628,45.85617,3,Q16310,3164600,venezia
ITA-5437,IT-piemonte,IT-VB,True,IT,Italy,Verbano-Cusio-Ossola,Verbano-Cusio-Ossola,Verbano-Cusio-Ossola,Verbano-Cusio-Ossola,,Province,2,46.0739,8.34317,natural-earth,2264.763,7.84962,45.769323,8.734226,46.452179,3,Q16312,3164567,verbano-cusio-ossola
ITA-5436,IT-piemonte,IT-VC,True,IT,Italy,Vercelli,Vercelli,Verceil,Vercelli,,Province,2,45.8416,8.15956,natural-earth,2076.907,7.847717,45.159516,8.559038,45.947664,3,Q15096,3164564,vercelli
ITA-5464,IT-veneto,IT-VR,True,IT,Italy,Verona,Verona,Vérone,Verona,,Province,2,45.4528,11.0433,natural-earth,3079.035,10.64053,45.053036,11.487158,45.834054,3,Q16314,3164526,verona
ITA-5394,IT-calabria,IT-VV,True,IT,Italy,Vibo Valentia,Vibo Valentia,Vibo Valentia,Vibo Valentia,,Province,2,38.6431,16.1928,natural-earth,1155.653,15.833669,38.431664,16.435005,38.825458,3,Q16315,6457405,vibo-valentia
ITA-5465,IT-veneto,IT-VI,True,IT,Italy,Vicenza,Vicenza,Vicence,Vicenza,,Province,2,45.712,11.4753,natural-earth,2738.623,11.130718,45.24388,11.830789,46.015977,3,Q16316,3164418,vicenza
ITA-5423,IT-lazio,IT-VT,True,IT,Italy,Viterbo,Viterbo,Viterbe,Viterbo,,Province,2,42.4299,11.9706,natural-earth,3622.819,11.451496,42.147075,12.520399,42.850387,3,Q16318,3164038,viterbo
LVA-5748,LV-latgale,LV-001,True,LV,Latvia,Aglonas,Aglona,Aglonas novads,Municipalidad de Aglona,,Municipality,2,56.0979,27.0929,natural-earth,440.504,26.888468,55.982261,27.339003,56.210781,8,Q2045300,7628345,aglonas
LVA-5730,LV-zemgale,LV-002,True,LV,Latvia,Aizkraukles,Aizkraukle,Aizkraukles novads,Municipio de Aizkraukle,,Municipality,2,56.6459,25.228,natural-earth,90.367,25.138601,56.585639,25.293374,56.708218,8,Q865676,461613,aizkraukles
LVA-5714,LV-kurzeme,LV-003,True,LV,Latvia,Aizputes,Aizpute,Aizputes novads,Municipalidad de Aizpute,,Municipality,2,56.7232,21.5943,natural-earth,608.261,21.315891,56.549952,21.824384,56.867589,8,Q2485015,7628305,aizputes
LVA-5734,LV-zemgale,LV-004,True,LV,Latvia,Aknistes,Aknīste,Commune d'Aknīste,Municipalidad de Aknīste,,Municipality,2,56.1592,25.7883,natural-earth,293.007,25.649679,56.04013,26.025523,56.235249,8,Q865658,7628338,aknistes
LVA-5755,LV-riga,LV-005,True,LV,Latvia,Alojas,Aloja,Commune d'Aloja,Municipalidad de Aloja,,Municipality,2,57.8074,24.8231,natural-earth,641.248,24.574097,57.612039,25.098706,57.992198,8,Q2989420,7628368,alojas
LVA-5710,LV-kurzeme,LV-006,True,LV,Latvia,Alsungas,Alsunga,Alsunga,Municipalidad de Alsunga,,Municipality,2,56.9915,21.5583,natural-earth,205.709,21.391491,56.903814,21.706059,57.085611,8,Q1995769,7628299,alsungas
LVA-1076,LV-vidzeme,LV-007,True,LV,Latvia,Aluksne,Alūksne,Alūksne,Municipalidad de Alūksne,,Municipality,2,57.4151,27.1693,natural-earth,1656.672,26.594222,57.226378,27.694409,57.627181,8,Q3393445,461525,aluksne
LVA-5781,LV-vidzeme,LV-008,True,LV,Latvia,Amatas,Valmiera,Valmiera,Valmiera,,Municipality,2,57.0794,25.3384,natural-earth,699.189,25.090567,56.934303,25.618201,57.29615,8,Q108037,7628375,amatas
LVA-5782,LV-vidzeme,LV-009,True,LV,Latvia,Apes,Valmiera,Valmiera,Valmiera,,Municipality,2,57.4556,26.4999,natural-earth,489.117,26.276154,57.322548,26.808282,57.580203,8,Q108037,7628384,apes
LVA-5740,LV-zemgale,LV-010,True,LV,Latvia,Auces,Auce,Auce,Municipalidad de Auce,,Municipality,2,56.4782,22.9664,natural-earth,525.548,22.701436,56.304161,23.17257,56.601152,8,Q1934932,7628312,auces
LVA-5756,LV-riga,LV-012,True,LV,Latvia,Babites,Babīte,Babīte,Municipalidad de Babīte,,Municipality,2,56.8913,23.7639,natural-earth,220.891,23.492034,56.800048,24.000995,56.991384,8,Q2079353,7628318,babites
LVA-5757,LV-riga,LV-013,True,LV,Latvia,Baldones,Baldone,Baldone,Municipalidad de Baldone,,Municipality,2,56.7316,24.3555,natural-earth,187.03,24.188165,56.659591,24.525459,56.788875,8,Q2030886,7628324,baldones
LVA-5743,LV-latgale,LV-014,True,LV,Latvia,Baltinavas,Baltinava,Baltinava,Municipalidad de Baltinava,,Municipality,2,56.924,27.6041,natural-earth,185.633,27.416617,56.836609,27.745779,57.031455,8,Q2361012,7628349,baltinavas
LVA-1063,LV-latgale,LV-015,True,LV,Latvia,Balvu,Balvi,Balvi,Municipalidad de Balvi,,Municipality,2,57.0151,27.4348,natural-earth,989.267,26.928465,56.782684,27.664963,57.284772,8,Q2018672,461160,balvu
LVA-1079,LV-zemgale,LV-016,True,LV,Latvia,Bauska,Bauska,Bauska,Municipalidad de Bauska,,Municipality,2,56.4223,24.269,natural-earth,751.745,23.981306,56.257446,24.572772,56.53679,8,Q2365998,461112,bauska
LVA-5783,LV-vidzeme,LV-017,True,LV,Latvia,Beverinas,Valmiera,Valmiera,Valmiera,,Municipality,2,57.5293,25.592,natural-earth,292.439,25.377086,57.4382,25.821739,57.620245,8,Q108037,7628379,beverinas
LVA-5711,LV-kurzeme,LV-018,True,LV,Latvia,Brocenu,Brocēni,Brocēni,Municipalidad de Brocēni,,Municipality,2,56.7003,22.6412,natural-earth,534.693,22.442234,56.562026,22.859256,56.851517,8,Q865717,7628309,brocenu
LVA-5784,LV-vidzeme,LV-019,True,LV,Latvia,Burtnieku,Valmiera,Valmiera,Valmiera,,Municipality,2,57.6809,25.3393,natural-earth,680.74,25.017469,57.537264,25.688656,57.844137,8,Q108037,7628372,burtnieku
LVA-5758,LV-riga,LV-020,True,LV,Latvia,Carnikavas,Carnikava,Carnikava,Municipalidad de Carnikava,,Municipality,2,57.1203,24.2464,natural-earth,92.833,24.113026,57.052824,24.348807,57.199755,8,Q2453125,7628326,carnikavas
LVA-1080,LV-vidzeme,LV-022,True,LV,Latvia,Cesu,Cēsis,Cēsis,Municipalidad de Cēsis,,Municipality,2,57.2396,25.4307,natural-earth,171.694,25.231478,57.14741,25.575927,57.330595,8,Q1989164,460569,cesu
LVA-5785,LV-vidzeme,LV-021,True,LV,Latvia,Cesvaines,Valmiera,Valmiera,Valmiera,,Municipality,2,57.0099,26.275,natural-earth,195.191,26.170885,56.928215,26.405736,57.09791,8,Q108037,7628353,cesvaines
LVA-5745,LV-latgale,LV-023,True,LV,Latvia,Ciblas,Cibla,Cibla,Municipalidad de Cibla,,Municipality,2,56.6132,27.8618,natural-earth,496.826,27.56114,56.481892,28.132215,56.743358,8,Q1955102,7628346,ciblas
LVA-5747,LV-latgale,LV-024,True,LV,Latvia,Dagdas,Dagda,Dagda,Municipalidad de Dagda,,Municipality,2,56.1183,27.6246,natural-earth,885.668,27.24063,55.975416,28.077542,56.261114,8,Q2361131,7628350,dagdas
LVA-1081,LV-latgale,LV-DGV,True,LV,Latvia,Daugavpils,Daugavpils,Daugavpils,Daugavpils,,Municipality,2,56.043,26.589,natural-earth,1798.891,26.226905,55.666991,26.981537,56.196906,8,,460414,daugavpils
LVA-4850,LV-latgale,LV-DGV,True,LV,Latvia,Daugavpils,Daugavpils,Daugavpils,Daugavpils,,Republican City,2,55.8814,26.5517,natural-earth,95.276,26.437918,55.826556,26.631928,55.96213,8,Q80021,460410,daugavpils
LVA-1082,LV-zemgale,LV-026,True,LV,Latvia,Dobele,Dobele,Dobele,Municipalidad de Dobele,,Municipality,2,56.6172,23.2005,natural-earth,900.252,22.776677,56.433095,23.525262,56.815912,8,Q519580,460311,dobele
LVA-5721,LV-kurzeme,LV-027,True,LV,Latvia,Dundagas,Dundaga,Dundaga,Municipalidad de Dundaga,,Municipality,2,57.5837,22.4057,natural-earth,711.534,22.07796,57.397946,22.625135,57.759711,8,Q2274832,7628298,dundagas
LVA-5720,LV-kurzeme,LV-028,True,LV,Latvia,Durbes,Durbe,Durbe,Municipalidad de Durbe,,Municipality,2,56.6142,21.4069,natural-earth,335.763,21.254063,56.503048,21.618636,56.756757,8,Q1962356,7628304,durbes
LVA-5759,LV-riga,LV-029,True,LV,Latvia,Engures,Engure,Engure,Municipalidad de Engure,,Municipality,2,57.0017,23.3222,natural-earth,440.623,23.100524,56.910448,23.578603,57.318607,8,Q2079455,7628314,engures
LVA-5786,LV-vidzeme,LV-030,True,LV,Latvia,Erglu,Valmiera,Valmiera,Valmiera,,Municipality,2,56.8954,25.6656,natural-earth,403.714,25.483644,56.770489,25.953256,56.998692,8,Q108037,7628382,erglu
LVA-5760,LV-riga,LV-031,True,LV,Latvia,Garkalnes,Garkalne,Garkalne,Municipalidad de Garkalne,,Municipality,2,57.0221,24.3875,natural-earth,154.469,24.162383,56.944417,24.56553,57.10595,8,Q2171669,7628328,garkalnes
LVA-5716,LV-kurzeme,LV-032,True,LV,Latvia,Grobinas,Grobiņa,Grobiņa,Municipalidad de Grobiņa,,Municipality,2,56.4778,21.2507,natural-earth,486.663,21.020642,56.326092,21.437416,56.682137,8,Q2320320,7628303,grobinas
LVA-1083,LV-vidzeme,LV-033,True,LV,Latvia,Gulbene,Gulbene,Gulbene,Municipalidad de Gulbene,,Municipality,2,57.1723,26.5803,natural-earth,1852.312,26.004129,56.948411,27.156565,57.40647,8,Q209187,459664,gulbene
LVA-5736,LV-zemgale,LV-034,True,LV,Latvia,Iecavas,Iecava,Iecava,Municipalidad de Iecava,,Municipality,2,56.6132,24.2055,natural-earth,310.672,24.006731,56.501033,24.387768,56.703671,8,Q2337266,7628321,iecavas
LVA-5761,LV-riga,LV-035,True,LV,Latvia,Ikskiles,Ikskile,Ikšķile,Ikšķile,,Municipality,2,56.8545,24.5695,natural-earth,110.0,24.435646,56.812201,24.736397,56.900067,8,,7628358,ikskiles
LVA-5749,LV-latgale,LV-036,True,LV,Latvia,Ilukstes,Ilūkste,Ilūkste,Municipalidad de Ilūkste,,Municipality,2,55.9997,26.1768,natural-earth,750.066,25.795496,55.796931,26.392967,56.167063,8,Q2025473,7628339,ilukstes
LVA-5762,LV-riga,LV-037,True,LV,Latvia,Incukalna,Inčukalns,Inčukalns,Municipalidad de Inčukalns,,Municipality,2,57.0998,24.635,natural-earth,109.333,24.508735,57.059236,24.779917,57.14767,8,Q2252820,7628360,incukalna
LVA-5732,LV-zemgale,LV-038,True,LV,Latvia,Jaunjelgavas,Jaunjelgava,Commune de Jaunjelgava,Municipalidad de Jaunjelgava,,Municipality,2,56.5109,25.3016,natural-earth,716.077,24.949987,56.402702,25.607202,56.630723,8,Q2880128,7628333,jaunjelgavas
LVA-5787,LV-vidzeme,LV-039,True,LV,Latvia,Jaunpiebalgas,Valmiera,Valmiera,Valmiera,,Municipality,2,57.1448,26.0091,natural-earth,252.538,25.763809,57.076775,26.16815,57.221055,8,Q108037,7628381,jaunpiebalgas
LVA-5763,LV-riga,LV-040,True,LV,Latvia,Jaunpils,Jaunpils,Jaunpils,Municipalidad de Jaunpils,,Municipality,2,56.7686,22.9132,natural-earth,213.591,22.787684,56.690649,23.123323,56.858601,8,Q2072154,7628313,jaunpils
LVA-5725,LV-zemgale,LV-JKB,True,LV,Latvia,Jekabpils,Jēkabpils,Jēkabpils,Jēkabpils,,Municipality,2,56.3227,25.9607,natural-earth,916.841,25.680488,56.066346,26.345348,56.495307,8,Q191120,459282,jekabpils
LVA-1085,LV-zemgale,LV-JKB,True,LV,Latvia,Jekabpils,Jēkabpils,Jēkabpils,Jēkabpils,,Republican City,2,56.5068,25.8619,natural-earth,27.295,25.820737,56.475676,25.925367,56.535783,8,Q191120,7628337,jekabpils
LVA-1084,LV-zemgale,LV-JEL,True,LV,Latvia,Jelgava,Jelgava,Jelgava,Jelgava,,Municipality,2,56.4939,23.6461,natural-earth,1315.698,23.37804,56.325969,23.992314,56.894615,8,,459278,jelgava
LVA-4849,LV-zemgale,LV-JEL,True,LV,Latvia,Jelgava,Jelgava,Jelgava,Jelgava,,Republican City,2,56.6457,23.7011,natural-earth,73.321,23.617951,56.591887,23.807818,56.690499,8,Q179830,459281,jelgava
LVA-5764,LV-riga,LV-JUR,True,LV,Latvia,Jurmala,Jūrmala,Jurmala,Jūrmala,,Republican City,2,56.9608,23.7352,natural-earth,117.373,23.473431,56.922963,23.95445,57.006334,8,Q178382,459202,jurmala
LVA-5765,LV-riga,LV-043,True,LV,Latvia,Kandavas,Kandava,Kandava,Municipalidad de Kandava,,Municipality,2,56.9403,22.6964,natural-earth,667.158,22.44538,56.802011,22.955709,57.144574,8,Q2024643,7628311,kandavas
LVA-5744,LV-latgale,LV-044,True,LV,Latvia,Karsavas,Kārsava,Kārsava,Municipalidad de Kārsava,,Municipality,2,56.7645,27.6287,natural-earth,548.036,27.339861,56.619438,27.918895,56.871258,8,Q2395952,7628351,karsavas
LVA-5766,LV-riga,LV-051,True,LV,Latvia,Keguma,Ķegums,Ķegums,Municipalidad de Ķegums,,Municipality,2,56.6541,24.729,natural-earth,509.649,24.512695,56.543577,25.056797,56.834091,8,Q2072209,7628330,keguma
LVA-5767,LV-riga,LV-052,True,LV,Latvia,Kekavas,Ķekava,Ķekava,Municipalidad de Ķekava,,Municipality,2,56.8054,24.2628,natural-earth,278.85,23.996344,56.709975,24.537603,56.902393,8,Q2268947,7628322,kekavas
LVA-5788,LV-vidzeme,LV-045,True,LV,Latvia,Kocenu,Valmiera,Valmiera,Valmiera,,Municipality,2,57.5415,25.2116,natural-earth,496.494,24.880046,57.385076,25.404682,57.673478,8,Q108037,7628374,kocenu
LVA-5729,LV-zemgale,LV-046,True,LV,Latvia,Kokneses,Koknese,Koknese,Municipalidad de Koknese,,Municipality,2,56.7031,25.4447,natural-earth,348.389,25.257094,56.591109,25.69221,56.813096,8,Q865682,7628357,kokneses
LVA-1064,LV-latgale,LV-047,True,LV,Latvia,Kraslavas,Krāslava,Krāslava,Municipalidad de Krāslava,,Municipality,2,55.9319,27.3415,natural-earth,1032.991,26.932651,55.787216,27.760064,56.080634,8,Q1831695,458621,kraslavas
LVA-5768,LV-riga,LV-048,True,LV,Latvia,Krimuldas,Krimulda,Krimulda,Municipalidad de Krimulda,,Municipality,2,57.2798,24.7863,natural-earth,349.573,24.615817,57.125419,24.942126,57.410509,8,Q2302998,7628361,krimuldas
LVA-5726,LV-zemgale,LV-049,True,LV,Latvia,Krustpils,Krustpils,Krustpils,Municipalidad de Krustpils,,Municipality,2,56.5559,26.1972,natural-earth,799.619,25.748057,56.406428,26.62776,56.665637,8,Q2277478,7628355,krustpils
LVA-5709,LV-kurzeme,LV-050,True,LV,Latvia,Kuldigas,Kuldīga,Kuldīga,Municipalidad de Kuldīga,,Municipality,2,56.9626,21.9858,natural-earth,1753.254,21.436449,56.687858,22.508218,57.177854,8,Q2337188,458459,kuldigas
LVA-5769,LV-riga,LV-053,True,LV,Latvia,Lielvardes,Lielvārde,Lielvārde,Municipalidad de Lielvārde,,Municipality,2,56.7332,24.9523,natural-earth,196.375,24.799755,56.620388,25.097466,56.809603,8,Q279004,7628331,lielvardes
LVA-4848,LV-kurzeme,LV-LPX,True,LV,Latvia,Liepāja,Liepāja,Liepāja,Liepāja,,Republican City,2,56.5616,21.0399,natural-earth,59.08,20.992198,56.445868,21.10322,56.615046,8,Q167668,457955,liepaja
LVA-5789,LV-vidzeme,LV-055,True,LV,Latvia,Ligatnes,Valmiera,Valmiera,Valmiera,,Municipality,2,57.1775,25.0726,natural-earth,184.856,24.900372,57.109834,25.21269,57.247614,8,Q108037,7628363,ligatnes
LVA-1086,LV-riga,LV-054,True,LV,Latvia,Limbaži,Limbaži,Limbaži,Municipalidad de Limbaži,,Municipality,2,57.5879,24.6925,natural-earth,1170.35,24.394893,57.223071,25.087802,57.770695,8,Q1579076,457889,limbazi
LVA-5750,LV-latgale,LV-056,True,LV,Latvia,Livanu,Līvāni,Līvāni,Municipalidad de Līvāni,,Municipality,2,56.3841,26.324,natural-earth,600.41,26.088516,56.183341,26.60121,56.517894,8,Q2277489,7628341,livanu
LVA-5790,LV-vidzeme,LV-057,True,LV,Latvia,Lubanas,Valmiera,Valmiera,Valmiera,,Municipality,2,56.9362,26.7126,natural-earth,317.988,26.473061,56.801396,26.985103,56.992956,8,Q108037,7628354,lubanas
LVA-1065,LV-latgale,LV-058,True,LV,Latvia,Ludzas,Ludza,Ludza,Municipalidad de Ludza,,Municipality,2,56.4059,27.796,natural-earth,961.465,27.486002,56.181946,28.167872,56.575927,8,Q932445,457773,ludzas
LVA-1087,LV-vidzeme,LV-059,True,LV,Latvia,Madona,Madona,Madona,Municipalidad de Madona,,Municipality,2,56.805,26.2344,natural-earth,2134.343,25.748152,56.586701,26.953324,57.100391,8,Q2198472,457712,madona
LVA-5770,LV-riga,LV-061,True,LV,Latvia,Malpils,Mālpils,Mālpils,Municipalidad de Mālpils,,Municipality,2,57.0017,24.9581,natural-earth,226.45,24.807406,56.921487,25.14754,57.104559,8,Q2304902,7628364,malpils
LVA-5771,LV-riga,LV-062,True,LV,Latvia,Marupes,Mārupe,Mārupes novads,Municipalidad de Mārupe,,Municipality,2,56.8913,23.9438,natural-earth,105.138,23.822811,56.82642,24.066253,56.93867,8,Q2232018,7628319,marupes
LVA-5791,LV-vidzeme,LV-060,True,LV,Latvia,Mazsalacas,Valmiera,Valmiera,Valmiera,,Municipality,2,57.9137,25.0276,natural-earth,434.427,24.827417,57.79647,25.250267,58.067309,8,Q108037,7628371,mazsalacas
LVA-5723,LV-kurzeme,LV-063,True,LV,Latvia,Mersraga,Mērsrags,Mērsrags,Municipio de Mērsrags,,Municipality,2,57.3317,23.0567,natural-earth,120.589,22.920062,57.23847,23.160151,57.394477,8,Q2416186,8299767,mersraga
LVA-5792,LV-vidzeme,LV-064,True,LV,Latvia,Nauksenu,Valmiera,Valmiera,Valmiera,,Municipality,2,57.926,25.4406,natural-earth,257.925,25.261226,57.789338,25.7038,58.00825,8,Q108037,7628369,nauksenu
LVA-5724,LV-zemgale,LV-065,True,LV,Latvia,Neretas,Nereta,Nereta,Municipalidad de Nereta,,Municipality,2,56.3246,25.1056,natural-earth,648.744,24.870967,56.159876,25.408558,56.49567,8,Q2161795,7628334,neretas
LVA-5717,LV-kurzeme,LV-066,True,LV,Latvia,Nicas,Nīca,Nīcas novads,Municipalidad de Nīca,,Municipality,2,56.3535,21.0871,natural-earth,321.906,20.968598,56.166192,21.226347,56.498784,8,Q1950456,7628301,nicas
LVA-1088,LV-riga,LV-067,True,LV,Latvia,Ogre,Ogre,Ogre,Municipalidad de Ogre,,Municipality,2,56.8577,25.1269,natural-earth,1011.685,24.587657,56.69685,25.555681,56.994454,8,Q2321579,457061,ogre
LVA-5772,LV-riga,LV-068,True,LV,Latvia,Olaines,Olaine,Olaine,Municipalidad de Olaine,,Municipality,2,56.789,23.9561,natural-earth,282.735,23.756307,56.668066,24.230455,56.886116,8,Q2451375,7628320,olaines
LVA-5737,LV-zemgale,LV-069,True,LV,Latvia,Ozolnieku,Ozolnieki,Ozolnieki,Municipalidad de Ozolnieki,,Municipality,2,56.6377,23.9479,natural-earth,307.957,23.670845,56.501719,24.110239,56.745839,8,Q2304926,7628316,ozolnieku
LVA-5793,LV-vidzeme,LV-070,True,LV,Latvia,Pargaujas,Valmiera,Valmiera,Valmiera,,Municipality,2,57.3575,25.0767,natural-earth,522.078,24.7995,57.23822,25.386854,57.500211,8,Q108037,7628373,pargaujas
LVA-5719,LV-kurzeme,LV-071,True,LV,Latvia,Pavilostas,Pāvilosta,Pāvilosta,Municipalidad de Pāvilosta,,Municipality,2,56.8115,21.2474,natural-earth,516.581,21.046153,56.635233,21.493396,56.973629,8,Q1942469,7628300,pavilostas
LVA-5728,LV-zemgale,LV-072,True,LV,Latvia,Plavinu,Pļaviņas,Pļaviņas,Municipalidad de Pļaviņas,,Municipality,2,56.6868,25.731,natural-earth,392.661,25.493582,56.576289,25.935709,56.828185,8,Q865649,7628356,plavinu
LVA-1089,LV-latgale,LV-073,True,LV,Latvia,Preilu,Preiļi,Preiļi,Municipalidad de Preiļi,,Municipality,2,56.2674,26.696,natural-earth,367.549,26.460601,56.111097,26.888468,56.449813,8,Q2277469,456528,preilu
LVA-5715,LV-kurzeme,LV-074,True,LV,Latvia,Priekules,Priekule,Priekule,Municipalidad de Priekule,,Municipality,2,56.4189,21.555,natural-earth,523.171,21.354267,56.265792,21.75082,56.571272,8,Q2304893,7628306,priekules
LVA-5794,LV-vidzeme,LV-075,True,LV,Latvia,Priekulu,Valmiera,Valmiera,Valmiera,,Municipality,2,57.3657,25.4447,natural-earth,303.088,25.231478,57.208472,25.657948,57.468637,8,Q108037,7628376,priekulu
LVA-5799,LV-vidzeme,LV-076,True,LV,Latvia,Raunas,Valmiera,Valmiera,Valmiera,,Municipality,2,57.3411,25.641,natural-earth,327.172,25.511735,57.184987,26.058596,57.464606,8,Q108037,7628377,raunas
LVA-4851,LV-latgale,LV-REZ,True,LV,Latvia,Rezekne,Rēzekne,Rēzekne,Rēzekne,,Republican City,2,56.516,27.3335,natural-earth,36.889,27.274284,56.474906,27.365537,56.560761,8,Q180379,456203,rezekne
LVA-1066,LV-latgale,LV-REZ,True,LV,Latvia,Rezeknes,Rēzekne,Rēzekne,Rēzekne,,Municipality,2,56.3554,27.2633,natural-earth,2513.802,26.772557,56.170758,27.715497,56.831105,8,Q180379,456197,rezeknes
LVA-5752,LV-latgale,LV-078,True,LV,Latvia,Riebinu,Riebiņi,Riebiņi,Municipalidad de Riebiņi,,Municipality,2,56.3637,26.8189,natural-earth,644.639,26.537109,56.124239,27.038019,56.558848,8,Q2106159,7628344,riebinu
LVA-1094,LV-riga,LV-RIX,True,LV,Latvia,Riga,Riga,Riga,Riga,,Republican City,2,56.9878,24.1235,natural-earth,316.493,23.926931,56.872498,24.320201,57.088723,9,Q1773,456173,riga
LVA-5722,LV-kurzeme,LV-079,True,LV,Latvia,Rojas,Roja,Roja,Municipalidad de Roja,,Municipality,2,57.4888,22.7688,natural-earth,233.491,22.567978,57.374699,22.994594,57.674199,8,Q2302986,7628310,rojas
LVA-5773,LV-riga,LV-080,True,LV,Latvia,Ropazu,Ropaži,Ropaži,Municipalidad de Ropaži,,Municipality,2,56.9649,24.5818,natural-earth,332.498,24.371677,56.870353,24.817845,57.061024,8,Q11068461,7628359,ropazu
LVA-5718,LV-kurzeme,LV-081,True,LV,Latvia,Rucavas,Rucava,Rucava,Municipalidad de Rucava,,Municipality,2,56.2259,21.2115,natural-earth,426.059,20.969086,56.072618,21.485493,56.35594,8,Q2124995,7628302,rucavas
LVA-5741,LV-latgale,LV-082,True,LV,Latvia,Rugaju,Rugāji,Rugāji,Municipalidad de Rugāji,,Municipality,2,56.9853,27.1093,natural-earth,535.425,26.860046,56.861207,27.332316,57.114504,8,Q1837354,7628352,rugaju
LVA-5796,LV-vidzeme,LV-084,True,LV,Latvia,Rujienas,Valmiera,Valmiera,Valmiera,,Municipality,2,57.8851,25.2607,natural-earth,313.077,25.094209,57.778378,25.45537,58.075138,8,Q108037,7628370,rujienas
LVA-5738,LV-zemgale,LV-083,True,LV,Latvia,Rundales,Rundāle,Rundāle,Municipalidad de Rundāle,,Municipality,2,56.4087,23.9643,natural-earth,222.488,23.836199,56.312404,24.155349,56.502546,8,Q2122124,7628317,rundales
LVA-5774,LV-riga,LV-085,True,LV,Latvia,Salacgrivas,Salacgrīva,Salacgrīva,Municipalidad de Salacgrīva,,Municipality,2,57.746,24.41,natural-earth,645.152,24.285981,57.400013,24.649193,57.94742,8,Q2251931,7628367,salacgrivas
LVA-5727,LV-zemgale,LV-086,True,LV,Latvia,Salas,Sala,Sala,Municipalidad de Sala,,Municipality,2,56.4905,25.7187,natural-earth,321.288,25.558626,56.35101,25.842999,56.617268,8,Q2375848,7628336,salas
LVA-5775,LV-riga,LV-087,True,LV,Latvia,Salaspils,Salaspils,Salaspils,Municipalidad de Salaspils,,Municipality,2,56.8708,24.365,natural-earth,130.793,24.176803,56.824632,24.45735,56.930401,8,Q2140753,7628323,salaspils
LVA-1068,LV-kurzeme,LV-088,True,LV,Latvia,Saldus,Saldus,Saldus,Municipalidad de Saldus,,Municipality,2,56.6408,22.4024,natural-earth,1644.216,21.945565,56.349094,22.859603,56.920092,8,Q2299261,455888,saldus
LVA-5776,LV-riga,LV-089,True,LV,Latvia,Saulkrastu,Saulkrasti,Saulkrasti,Municipalidad de Saulkrasti,,Municipality,2,57.2552,24.4305,natural-earth,56.543,24.330845,57.182437,24.487875,57.348079,8,Q371429,7628366,saulkrastu
LVA-5777,LV-riga,LV-090,True,LV,Latvia,Sejas,Sēja,Sēja,Municipalidad de Sēja,,Municipality,2,57.198,24.5327,natural-earth,217.493,24.372448,57.10595,24.681574,57.316347,8,Q2299447,7628365,sejas
LVA-5778,LV-riga,LV-091,True,LV,Latvia,Siguldas,Sigulda,Sigulda,Municipalidad de Sigulda,,Municipality,2,57.0998,24.8272,natural-earth,371.263,24.630122,56.984961,25.168851,57.218678,8,Q2299251,7628362,siguldas
LVA-5731,LV-zemgale,LV-092,True,LV,Latvia,Skriveru,Skrīveri,Skrīveri,Municipalidad de Skrīveri,,Municipality,2,56.6786,25.0971,natural-earth,106.207,25.014887,56.608121,25.181824,56.737157,8,Q2286864,7628332,skriveru
LVA-5712,LV-kurzeme,LV-093,True,LV,Latvia,Skrundas,Skrunda,Skrunda,Municipalidad de Skrunda,,Municipality,2,56.6446,21.9901,natural-earth,552.395,21.776738,56.504045,22.18922,56.823711,8,Q2299239,7628308,skrundas
LVA-5798,LV-vidzeme,LV-094,True,LV,Latvia,Smiltenes,Valmiera,Valmiera,Valmiera,,Municipality,2,57.4025,26.0091,natural-earth,949.371,25.657948,57.26529,26.32597,57.569215,8,Q108037,7628380,smiltenes
LVA-5780,LV-riga,LV-095,True,LV,Latvia,Stopinu,Stopiņi,Stopiņi,Municipalidad de Stopiņi,,Municipality,2,56.9362,24.3323,natural-earth,35.873,24.234676,56.896146,24.405646,56.969029,8,Q2299214,7628325,stopinu
LVA-5795,LV-vidzeme,LV-096,True,LV,Latvia,Strencu,Valmiera,Valmiera,Valmiera,,Municipality,2,57.6356,25.7924,natural-earth,397.575,25.509895,57.476423,25.989046,57.752358,8,Q108037,7628378,strencu
LVA-1091,LV-kurzeme,LV-097,True,LV,Latvia,Talsi,Talsi,Municipalité de Talsi,Municipalidad de Talsi,,Municipality,2,57.317,22.6192,natural-earth,1738.195,22.188134,57.008381,23.08038,57.50273,8,Q2302964,454968,talsi
LVA-5739,LV-zemgale,LV-098,True,LV,Latvia,Tervetes,Tērvete,Tērvete,Municipalidad de Tērvete,,Municipality,2,56.425,23.314,natural-earth,241.968,23.118402,56.35463,23.462372,56.545729,8,Q2269685,7628315,tervetes
LVA-1092,LV-riga,LV-099,True,LV,Latvia,Tukums,Tukums,Tukums,Municipalidad de Tukums,,Municipality,2,56.9505,23.0121,natural-earth,1166.573,22.818045,56.692406,23.506762,57.26529,8,Q369007,454771,tukums
LVA-5713,LV-kurzeme,LV-100,True,LV,Latvia,Vainodes,Vaiņode,Vaiņode,Municipalidad de Vaiņode,,Municipality,2,56.432,21.8331,natural-earth,320.455,21.66554,56.323732,21.995381,56.573343,8,Q511151,7628307,vainodes
LVA-1077,LV-vidzeme,LV-101,True,LV,Latvia,Valkas,Valka,Valka,Valkas,,Municipality,2,57.6587,26.0635,natural-earth,853.908,25.46633,57.499333,26.362867,57.923391,8,,454571,valkas
LVA-1093,LV-vidzeme,LV-VMR,True,LV,Latvia,Valmiera,Valmiera,Valmiera,Valmiera,,Republican City,2,57.5374,25.4161,natural-earth,23.219,25.372389,57.50595,25.456936,57.556052,8,Q108037,454564,valmiera
LVA-5800,LV-vidzeme,LV-102,True,LV,Latvia,Varaklanu,Valmiera,Valmiera,Valmiera,,Municipality,2,56.6336,26.643,natural-earth,288.403,26.375579,56.543112,26.792401,56.723112,8,Q108037,7628342,varaklanu
LVA-5751,LV-latgale,LV-103,True,LV,Latvia,Varkavas,Vārkava,Vārkava,Municipalidad de Vārkava,,Municipality,2,56.2165,26.5122,natural-earth,271.371,26.29311,56.121123,26.673582,56.313339,8,Q1023757,7628340,varkavas
LVA-5797,LV-vidzeme,LV-104,True,LV,Latvia,Vecpiebalgas,Valmiera,Valmiera,Valmiera,,Municipality,2,57.108,25.7024,natural-earth,511.135,25.492947,56.96257,25.923565,57.278712,8,Q108037,7628383,vecpiebalgas
LVA-5735,LV-zemgale,LV-105,True,LV,Latvia,Vecumnieku,Vecumnieki,Vecumnieki,Municipalidad de Vecumnieki,,Municipality,2,56.4823,24.6268,natural-earth,868.311,24.309103,56.309735,25.013512,56.713645,8,Q2299436,7628329,vecumnieku
LVA-934,LV-kurzeme,LV-VEN,True,LV,Latvia,Ventspils,Ventspils,Ventspils,Ventspils,,Municipality,2,57.3367,21.8185,natural-earth,2422.154,21.328187,56.942416,22.308851,57.65762,8,,454307,ventspils
LVA-4852,LV-kurzeme,LV-VEN,True,LV,Latvia,Ventspils,Ventspils,Ventspils,Ventspils,,Republican City,2,57.396,21.5869,natural-earth,69.471,21.511534,57.340964,21.674789,57.473236,8,Q104036,454311,ventspils
LVA-5733,LV-zemgale,LV-107,True,LV,Latvia,Viesites,Viesīte,Viesīte,Municipalidad de Viesīte,,Municipality,2,56.2901,25.5306,natural-earth,658.87,25.293578,56.141122,25.736142,56.467148,8,Q2093996,7628335,viesites
LVA-5742,LV-latgale,LV-108,True,LV,Latvia,Vilakas,Viļaka,Viļaka,Municipalidad de Viļaka,,Municipality,2,57.1775,27.6287,natural-earth,598.261,27.402946,57.018417,27.846134,57.356375,8,Q1869075,7628348,vilakas
LVA-5753,LV-latgale,LV-109,True,LV,Latvia,Vilanu,Viļāni,Viļānu,Vilanu,,Municipality,2,56.5518,26.8884,natural-earth,242.768,26.729253,56.447614,27.041296,56.681011,8,,7628343,vilanu
LVA-5746,LV-latgale,LV-110,True,LV,Latvia,Zilupes,Zilupe,Zilupes novads,Municipalidad de Zilupe,,Municipality,2,56.3391,28.1072,natural-earth,316.708,27.841223,56.140666,28.217275,56.437884,8,Q3274762,7628347,zilupes
LVA-5754,LV-riga,LV-011,True,LV,Latvia,Ādaži,Ādaži,Ādaži,Municipalidad de Ādaži,,Municipality,2,57.108,24.3855,natural-earth,158.893,24.247287,57.028072,24.508735,57.183828,8,Q3019837,7628327,adazi
MLT-5920,MT-malta-majjistral,MT-01,True,MT,Malta,Attard,Attard,Attard,Attard,,,2,35.8878,14.4318,natural-earth,6.509,14.411025,35.878605,14.45777,35.899611,20,Q44557,8299700,attard
MLT-5930,MT-malta-majjistral,MT-02,True,MT,Malta,Balzan,Balzan,Balzan,Balzan,,,2,35.8952,14.4524,natural-earth,0.967,14.445936,35.88896,14.458362,35.90109,20,Q789794,8299701,balzan
MLT-5951,MT-malta-xlokk,MT-03,True,MT,Malta,Birgu,Birgu,Birgu,Birgu,,,2,35.8871,14.526,natural-earth,0.718,14.515371,35.881563,14.529367,35.894254,20,Q752346,8299702,birgu
MLT-5939,MT-malta-majjistral,MT-04,True,MT,Malta,Birkirkara,Birkirkara,Birkirkara,Birkirkara,,,2,35.8934,14.4662,natural-earth,2.35,14.454516,35.884226,14.476801,35.90109,20,Q39583,8299703,birkirkara
MLT-5968,MT-malta-xlokk,MT-05,True,MT,Malta,Birżebbuġa,Birżebbuġa,Birżebbuġa,Birżebbuġa,,,2,35.8281,14.5236,natural-earth,8.247,14.497619,35.801215,14.54026,35.839848,20,Q258028,8299704,birzebbuga
MLT-5955,MT-malta-xlokk,MT-06,True,MT,Malta,Cospicua,Cospicua,Bormla,Bormla,,,2,35.88,14.5207,natural-earth,1.527,14.510728,35.873871,14.529367,35.887107,20,Q757225,8299705,cospicua
MLT-5947,MT-malta-majjistral,MT-07,True,MT,Malta,Dingli,Dingli,Dingli,Dingli,,,2,35.859,14.3868,natural-earth,5.526,14.36481,35.839525,14.398599,35.867954,20,Q905641,8299706,dingli
MLT-5959,MT-malta-xlokk,MT-08,True,MT,Malta,Fgura,Fgura,Fgura,Fgura,,,2,35.8694,14.5196,natural-earth,1.505,14.508361,35.860262,14.529071,35.874463,20,Q44388,8299707,fgura
MLT-5954,MT-malta-xlokk,MT-09,True,MT,Malta,Floriana,Floriana,Il-Furjana,Floriana,,,2,35.888,14.503,natural-earth,1.257,14.496161,35.879788,14.510728,35.895173,20,Q832807,8299708,floriana
MLT-5983,MT-gozo,MT-10,True,MT,Malta,"Fontana, Gozo",Fontana,Fontana,Fontana,,,2,36.0332,14.2398,natural-earth,0.621,14.235451,36.028474,14.24468,36.037941,20,Q1002742,8299709,fontana-gozo
MLT-5966,MT-malta-xlokk,MT-11,True,MT,Malta,Gudja,Gudja,Gudja,Gudja,,,2,35.8447,14.5019,natural-earth,1.36,14.494456,35.836593,14.509841,35.850794,20,Q1018153,8299715,gudja
MLT-5987,MT-gozo,MT-13,True,MT,Malta,Għajnsielem,Għajnsielem,Għajnsielem,Għajnsielem,,,2,36.0251,14.2853,natural-earth,2.593,14.27166,36.015953,14.30012,36.033444,20,Q761675,8299710,għajnsielem
MLT-5975,MT-gozo,MT-14,True,MT,Malta,Għarb,Għarb,Għarb,Għarb,,,2,36.0622,14.2058,natural-earth,3.642,14.183604,36.051431,14.218884,36.070238,20,Q1026487,8299711,għarb
MLT-5932,MT-malta-majjistral,MT-15,True,MT,Malta,Għargħur,Għargħur,Għargħur,Għargħur,,,2,35.9188,14.4553,natural-earth,1.955,14.447119,35.909374,14.463687,35.9289,20,Q1018111,8299712,għargħur
MLT-5976,MT-gozo,MT-16,True,MT,Malta,Għasri,Għasri,Għasri,Għasri,,,2,36.0625,14.2247,natural-earth,3.911,14.212495,36.047644,14.239474,36.072761,20,Q1017339,8299713,għasri
MLT-5967,MT-malta-xlokk,MT-17,True,MT,Malta,Għaxaq,Għaxaq,Għaxaq,Għaxaq,,,2,35.8418,14.515,natural-earth,3.414,14.503332,35.829789,14.525225,35.856711,20,Q426385,8299714,għaxaq
MLT-5938,MT-malta-majjistral,MT-12,True,MT,Malta,Gżira,Gżira,Gżira,Gżira,,,2,35.9025,14.4908,natural-earth,1.422,14.485885,35.895173,14.507478,35.906616,20,Q632097,8299716,gzira
MLT-5931,MT-malta-majjistral,MT-19,True,MT,Malta,Iklin,Iklin,Iklin,Iklin,,,2,35.9054,14.4549,natural-earth,1.631,14.446528,35.899019,14.462504,35.912924,20,Q304589,8299718,iklin
MLT-5953,MT-malta-xlokk,MT-20,True,MT,Malta,Isla,Senglea,Isla,Senglea,,,2,35.8864,14.5149,natural-earth,0.737,14.508361,35.88038,14.521256,35.891128,20,Q846593,8299724,isla
MLT-5950,MT-malta-xlokk,MT-21,True,MT,Malta,Kalkara,Kalkara,Kalkara,Kalkara,,,2,35.8871,14.5351,natural-earth,2.173,14.519453,35.881563,14.548025,35.898035,20,Q533257,8299725,kalkara
MLT-5981,MT-gozo,MT-22,True,MT,Malta,Kerċem,Kerċem,Kerċem,Kerċem,,,2,36.0361,14.2145,natural-earth,6.316,14.194844,36.023105,14.235687,36.051904,20,Q674679,8299726,kercem
MLT-5970,MT-malta-xlokk,MT-23,True,MT,Malta,Kirkop,Kirkop,Kirkop,Kirkop,,,2,35.8409,14.4836,natural-earth,1.13,14.476409,35.834226,14.490314,35.848428,20,Q597464,8299727,kirkop
MLT-5929,MT-malta-majjistral,MT-24,True,MT,Malta,Lija,Lija,Lija,Lija,,,2,35.8992,14.4412,natural-earth,1.288,14.433214,35.894581,14.448599,35.905824,20,Q782049,8299728,lija
MLT-5964,MT-malta-xlokk,MT-25,True,MT,Malta,Luqa,Luqa,Luqa,Luqa,,,2,35.8563,14.4831,natural-earth,6.467,14.457178,35.829197,14.508953,35.872096,20,Q475585,8299729,luqa
MLT-5957,MT-malta-xlokk,MT-26,True,MT,Malta,Marsa,Marsa,Marsa,Marsa,,,2,35.8716,14.4926,natural-earth,2.656,14.480255,35.862924,14.500669,35.884427,20,Q267431,8299730,marsa
MLT-5962,MT-malta-xlokk,MT-27,True,MT,Malta,Marsaskala,Marsaskala,Marsaskala,Marsaskala,,,2,35.8544,14.5538,natural-earth,4.85,14.542977,35.841697,14.567149,35.873031,20,Q534571,8299731,marsaskala
MLT-5963,MT-malta-xlokk,MT-28,True,MT,Malta,Marsaxlokk,Marsaxlokk,Marsaxlokk,Marsaxlokk,,,2,35.8393,14.5457,natural-earth,3.896,14.524634,35.828992,14.565819,35.846061,20,Q781921,8299732,marsaxlokk
MLT-5921,MT-malta-majjistral,MT-29,True,MT,Malta,Mdina,Mdina,Mdina,Mdina,,,2,35.8818,14.4085,natural-earth,0.36,14.402445,35.879492,14.4128,35.884226,20,Q207277,8299719,mdina
MLT-5925,MT-malta-majjistral,MT-30,True,MT,Malta,Mellieħa,Mellieħa,Mellieħa,Mellieħa,,,2,35.9558,14.3578,natural-earth,26.941,14.322032,35.92557,14.4058,35.993638,20,Q755979,8299733,mellieħa
MLT-5927,MT-malta-majjistral,MT-32,True,MT,Malta,Mosta,Mosta,Mosta,Mosta,,,2,35.9076,14.4209,natural-earth,6.297,14.394457,35.895173,14.435285,35.925646,20,Q39520,8299734,mosta
MLT-5969,MT-malta-xlokk,MT-33,True,MT,Malta,Mqabba,Mqabba,Mqabba,Mqabba,,,2,35.8426,14.4666,natural-earth,2.345,14.45067,35.836889,14.479663,35.849315,20,Q1017953,8299721,mqabba
MLT-5940,MT-malta-majjistral,MT-34,True,MT,Malta,Msida,Msida,Msida,Msida,,,2,35.8949,14.4825,natural-earth,1.494,14.472184,35.886363,14.489427,35.900361,20,Q585187,8299722,msida
MLT-5922,MT-malta-majjistral,MT-35,True,MT,Malta,Mtarfa,Mtarfa,Mtarfa,Mtarfa,,,2,35.8869,14.4049,natural-earth,1.08,14.39564,35.881563,14.411617,35.891327,20,Q656837,8299723,mtarfa
MLT-5984,MT-gozo,MT-36,True,MT,Malta,Munxar,Munxar,Munxar,Munxar,,,2,36.0251,14.2276,natural-earth,3.144,14.209669,36.016508,14.241131,36.033444,20,Q587462,8299735,munxar
MLT-5924,MT-malta-majjistral,MT-31,True,MT,Malta,Mġarr,Mġarr,Mġarr,Mġarr,,,2,35.9148,14.3658,natural-earth,15.308,14.340892,35.895173,14.40422,35.936297,20,Q691220,8299720,mgarr
MLT-5979,MT-gozo,MT-37,True,MT,Malta,Nadur,Nadur,Nadur,Nadur,,,2,36.0451,14.2978,natural-earth,7.91,14.280653,36.030368,14.320429,36.064467,20,Q929969,8299736,nadur
MLT-5928,MT-malta-majjistral,MT-38,True,MT,Malta,Naxxar,Naxxar,Naxxar,Naxxar,,,2,35.9289,14.4379,natural-earth,15.29,14.420196,35.903457,14.464896,35.962574,20,Q44397,8299737,naxxar
MLT-5958,MT-malta-xlokk,MT-39,True,MT,Malta,Paola,Paola,Paola,Paola,,,2,35.8727,14.505,natural-earth,2.385,14.493273,35.858487,14.513687,35.88541,20,Q846589,8299738,paola
MLT-5934,MT-malta-majjistral,MT-40,True,MT,Malta,Pembroke,Pembroke,Pembroke,Pembroke,,,2,35.9279,14.4756,natural-earth,5.013,14.462504,35.919433,14.501433,35.946559,20,Q775756,8299739,pembroke
MLT-5942,MT-malta-majjistral,MT-41,True,MT,Malta,Pietà,Pietà,Pietà,Pietà,,,2,35.8891,14.4927,natural-earth,0.418,14.48663,35.885916,14.498006,35.89251,20,Q744070,8299740,pieta
MLT-5980,MT-gozo,MT-42,True,MT,Malta,Qala,Qala,Qala,Qala,,,2,36.0332,14.3163,natural-earth,3.885,14.296982,36.024995,14.334239,36.046244,20,Q1088033,8299741,qala
MLT-5945,MT-malta-majjistral,MT-43,True,MT,Malta,Qormi,Qormi,Qormi,Qormi,,,2,35.8753,14.4684,natural-earth,4.928,14.451557,35.860262,14.484101,35.88896,20,Q39578,8299742,qormi
MLT-5972,MT-malta-xlokk,MT-44,True,MT,Malta,Qrendi,Qrendi,Qrendi,Qrendi,,,2,35.8312,14.4531,natural-earth,5.205,14.428818,35.81628,14.468125,35.839256,20,Q282203,8299743,qrendi
MLT-5923,MT-malta-majjistral,MT-46,True,MT,Malta,Rabat,Rabat,Rabat,Rabat,,,2,35.8833,14.3774,natural-earth,22.366,14.342621,35.859078,14.41635,35.905232,20,Q44381,,rabat
MLT-5971,MT-malta-xlokk,MT-47,True,MT,Malta,Safi,Safi,Safi,Safi,,,2,35.8323,14.4902,natural-earth,1.975,14.479368,35.825055,14.504219,35.839552,20,Q658903,8299746,safi
MLT-5935,MT-malta-majjistral,MT-48,True,MT,Malta,San Giljan,St. Julian's,San Ġiljan,San Julián,,,2,35.9126,14.4897,natural-earth,3.299,14.48203,35.90468,14.510391,35.930382,20,Q669979,8299748,san-giljan
MLT-5974,MT-gozo,MT-50,True,MT,Malta,San Lawrenz,Saint Lawrence,San Lawrenz,San Lawrenz,,,2,36.0471,14.1971,natural-earth,5.457,14.183604,36.029396,14.211785,36.064765,20,Q537308,8299749,san-lawrenz
MLT-5926,MT-malta-majjistral,MT-51,True,MT,Malta,San Pawl il-Bahar,St. Paul's Bay,San Pawl il-Baħar,San Pawl il-Baħar,,,2,35.9405,14.4042,natural-earth,20.513,14.371676,35.90819,14.438217,35.967848,20,Q39521,8299751,san-pawl-il-bahar
MLT-5937,MT-malta-majjistral,MT-49,True,MT,Malta,San Ġwann,San Ġwann,San Ġwann,San Ġwann,,,2,35.905,14.4756,natural-earth,2.697,14.462208,35.898872,14.488566,35.914108,20,Q39507,8299747,san-gwann
MLT-5985,MT-gozo,MT-52,True,MT,Malta,Sannat,Sannat,Sannat,Sannat,,,2,36.0201,14.2514,natural-earth,3.374,14.233002,36.013495,14.273635,36.026581,20,Q602037,8299753,sannat
MLT-5965,MT-malta-xlokk,MT-53,True,MT,Malta,Santa Luċija,Santa Luċija,Santa Luċija,Santa Luċija,,,2,35.8531,14.5028,natural-earth,0.889,14.494456,35.850203,14.510432,35.858487,20,Q1087776,8299750,santa-lucija
MLT-5943,MT-malta-majjistral,MT-54,True,MT,Malta,Santa Venera,Santa Venera,Santa Venera,Santa Venera,,,2,35.8865,14.4781,natural-earth,0.977,14.470196,35.881859,14.48663,35.891724,20,Q585420,8299752,santa-venera
MLT-5948,MT-malta-majjistral,MT-55,True,MT,Malta,Siġġiewi,Siġġiewi,Siġġiewi,Siġġiewi,,,2,35.8474,14.4252,natural-earth,19.942,14.38918,35.822576,14.470492,35.865291,20,Q919908,8299754,siggiewi
MLT-5936,MT-malta-majjistral,MT-56,True,MT,Malta,Sliema,Sliema,Sliema,Sliema,,,2,35.9083,14.4992,natural-earth,3.375,14.492884,35.898723,14.514008,35.924599,20,Q39526,8299755,sliema
MLT-5933,MT-malta-majjistral,MT-57,True,MT,Malta,Swieqi,Swieqi,Swieqi,Swieqi,,,2,35.917,14.4698,natural-earth,2.903,14.455107,35.910557,14.485876,35.929196,20,Q220667,8299756,swieqi
MLT-5941,MT-malta-majjistral,MT-58,True,MT,Malta,Ta' Xbiex,Ta' Xbiex,Ta' Xbiex,Ta' Xbiex,,,2,35.8945,14.4945,natural-earth,0.551,14.489161,35.891622,14.501557,35.897383,20,Q1017348,8299758,ta-xbiex
MLT-5960,MT-malta-xlokk,MT-59,True,MT,Malta,Tarxien,Tarxien,Tarxien,Tarxien,,,2,35.8616,14.5088,natural-earth,1.666,14.494752,35.854936,14.51635,35.869137,20,Q744001,8299757,tarxien
MLT-5949,MT-malta-xlokk,MT-60,True,MT,Malta,Valletta,Valletta,La Valette,La Valeta,,,2,35.8948,14.511,natural-earth,1.479,14.501557,35.88896,14.524896,35.900824,20,Q23800,8334638,valletta
MLT-5982,MT-gozo,MT-45,True,MT,Malta,Victoria,Victoria,Rabat,Victoria,,,2,36.0407,14.2444,natural-earth,2.797,14.228588,36.030604,14.255567,36.049537,20,Q752348,8299745,victoria
MLT-5978,MT-gozo,MT-61,True,MT,Malta,Xagħra,Xagħra,Xagħra,Xagħra,,,2,36.0506,14.272,natural-earth,8.693,14.250597,36.033444,14.289079,36.071004,20,Q605343,8299759,xagħra
MLT-5986,MT-gozo,MT-62,True,MT,Malta,Xewkija,Xewkija,Xewkija,Xewkija,,,2,36.03,14.2656,natural-earth,4.363,14.240421,36.019008,14.280653,36.038178,20,Q919921,8299760,xewkija
MLT-5952,MT-malta-xlokk,MT-63,True,MT,Malta,Xgħajra,Xgħajra,Xgħajra,Xgħajra,,,2,35.8816,14.5457,natural-earth,1.249,14.540018,35.876534,14.556176,35.890041,20,Q520962,8299761,xgħajra
MLT-5944,MT-malta-majjistral,MT-18,True,MT,Malta,Ħamrun,Ħamrun,Hamrun,Ħamrun,,,2,35.8818,14.4868,natural-earth,1.249,14.479072,35.875646,14.498096,35.888299,20,Q343001,8299717,ħamrun
MLT-5956,MT-malta-xlokk,MT-64,True,MT,Malta,Żabbar,Żabbar,Żabbar,Żabbar,,,2,35.8718,14.5397,natural-earth,4.933,14.525225,35.860853,14.560886,35.882747,20,Q39518,8299762,zabbar
MLT-5977,MT-gozo,MT-65,True,MT,Malta,Żebbuġ,Żebbuġ,Żebbuġ,Zebbug,,,2,36.0625,14.2488,natural-earth,7.679,14.230244,36.045751,14.271997,36.075588,20,,8299764,zebbug
MLT-5946,MT-malta-majjistral,MT-66,True,MT,Malta,Żebbuġ,Żebbuġ Gozo,Żebbuġ,Żebbuġ,,,2,35.8713,14.4365,natural-earth,8.124,14.412504,35.857895,14.463391,35.883043,20,Q179243,8299763,zebbug
MLT-5961,MT-malta-xlokk,MT-67,True,MT,Malta,Żejtun,Żejtun,Żejtun,Żejtun,,,2,35.8539,14.5324,natural-earth,5.129,14.511024,35.842806,14.548302,35.865587,20,Q44392,8299765,zejtun
MLT-5973,MT-malta-xlokk,MT-68,True,MT,Malta,Żurrieq,Żurrieq,Żurrieq,Żurrieq,,,2,35.823,14.4822,natural-earth,9.293,14.453583,35.809422,14.512503,35.838368,20,Q44417,8299766,zurrieq
PHL-2542,PH-cordillera-administrative-region-car,PH-ABR,True,PH,Philippines,Abra,Abra,Abra,Abra,,Province,2,17.5665,120.798,natural-earth,3965.87,120.4672,17.155697,121.128038,17.967069,7,Q13711,1732380,abra
PHL-2587,PH-dinagat-islands-region-xiii,PH-AGN,True,PH,Philippines,Agusan del Norte,Agusan del Norte,Agusan du Nord,Agusan del Norte,,Province,2,9.17346,125.56,natural-earth,2317.718,125.20362,8.588107,125.766992,9.464229,7,Q13714,1731819,agusan-del-norte
PHL-2588,PH-dinagat-islands-region-xiii,PH-AGS,True,PH,Philippines,Agusan del Sur,Agusan del Sur,Agusan du Sud,Agusan del Sur,,Province,2,8.57934,125.761,natural-earth,7699.942,125.304079,7.994965,126.291186,9.212771,7,Q13721,1731818,agusan-del-sur
PHL-2525,PH-western-visayas-region-vi,PH-AKL,True,PH,Philippines,Aklan,Aklan,Aklan,Aklan,,Province,2,11.5611,122.223,natural-earth,1853.367,121.853852,11.320601,122.592202,11.933905,7,Q13723,1731758,aklan
PHL-2536,PH-bicol-region-v,PH-ALB,True,PH,Philippines,Albay,Albay,Albay,Albay,,Province,2,13.2254,123.563,natural-earth,2420.534,123.278982,12.9744,124.209646,13.529975,7,Q13726,1731616,albay
PHL-5538,PH-central-luzon-region-iii,PH-PAM,True,PH,Philippines,Angeles,Angeles,Ángeles,Angeles,,Highly Urbanized City,2,15.1453,120.591,natural-earth,70.636,120.511655,15.103226,120.636958,15.178929,7,,,angeles
PHL-2526,PH-western-visayas-region-vi,PH-ANT,True,PH,Philippines,Antique,Antique,Antique,Antique,,Province,2,11.8476,121.469,natural-earth,2508.809,121.355642,10.430243,122.330859,12.114691,7,Q13727,1730491,antique
PHL-2546,PH-cordillera-administrative-region-car,PH-APA,True,PH,Philippines,Apayao,Apayao,Apayao,Apayao,,Province,2,18.1179,121.167,natural-earth,3773.677,120.90924,17.682426,121.486776,18.536233,7,Q13728,7115731,apayao
PHL-2549,PH-central-luzon-region-iii,PH-AUR,True,PH,Philippines,Aurora,Aurora,Aurora,Aurora,,Province,2,16.1271,121.756,natural-earth,3316.151,121.267255,15.028592,122.24464,16.510565,7,Q13730,1729926,aurora
PHL-5525,PH-western-visayas-region-vi,PH-BCD,True,PH,Philippines,Bacolod,Bacolod,Bacolod,Bacólod,,Highly Urbanized City,2,10.6592,122.986,natural-earth,151.881,122.919899,10.592609,123.067764,10.742418,7,,,bacolod
PHL-5539,PH-cordillera-administrative-region-car,PH-BEN,True,PH,Philippines,Baguio,Baguio,Baguio,Baguio,,Highly Urbanized City,2,16.4059,120.605,natural-earth,67.292,120.563865,16.353641,120.652621,16.434565,9,,1728929,baguio
PHL-2519,PH-autonomous-region-in-muslim-mindanao-armm,PH-BAS,True,PH,Philippines,Basilan,Basilan,Basilan,Basilán,,Province,2,6.49955,122.059,natural-earth,1075.717,121.58253,6.404853,122.335216,6.740709,7,Q13737,1726404,basilan
PHL-2555,PH-central-luzon-region-iii,PH-BAN,True,PH,Philippines,Bataan,Bataan,Bataan,Bataán,,Province,2,14.6561,120.42,natural-earth,1222.775,120.242361,14.421047,120.597911,14.941517,7,Q13739,1726347,bataan
PHL-2543,PH-cagayan-valley-region-ii,PH-BTN,True,PH,Philippines,Batanes,Batanes,Batanes,Batanes,,Province,2,21.1164,121.951,natural-earth,196.118,121.786388,20.273424,122.032725,21.122382,7,Q13740,1726302,batanes
PHL-2564,PH-calabarzon-region-iv-a,PH-BTG,True,PH,Philippines,Batangas,Batangas,Batangas,Batangas,,Province,2,13.9268,121.076,natural-earth,3270.227,120.573497,13.530341,121.464122,14.218797,9,Q13744,1726279,batangas
PHL-2559,PH-cordillera-administrative-region-car,PH-BEN,True,PH,Philippines,Benguet,Benguet,Benguet,Benguet,,Province,2,16.545,120.689,natural-earth,2548.338,120.471954,16.186919,120.90645,16.920983,9,Q13750,1725582,benguet
PHL-2581,PH-eastern-visayas-region-viii,PH-BIL,True,PH,Philippines,Biliran,Biliran,Biliran,Bilirán,,Province,2,11.5911,124.487,natural-earth,465.651,124.349132,11.473944,124.625011,11.695054,7,Q13751,1725260,biliran
PHL-2513,PH-central-visayas-region-vii,PH-BOH,True,PH,Philippines,Bohol,Bohol,Bohol,Bohol,,Province,2,9.84875,124.248,natural-earth,3903.349,123.726329,9.549954,124.624034,10.161526,7,Q13752,1724395,bohol
PHL-2589,PH-northern-mindanao-region-x,PH-BUK,True,PH,Philippines,Bukidnon,Bukidnon,Bukidnon,Bukidnon,,Province,2,7.99493,125.002,natural-earth,8924.293,124.559767,7.389885,125.444106,8.596375,7,Q13753,1723105,bukidnon
PHL-2565,PH-central-luzon-region-iii,PH-BUL,True,PH,Philippines,Bulacan,Bulacan,Bulacan,Bulacán,,Province,2,14.9603,121.003,natural-earth,2626.228,120.663829,14.679156,121.342082,15.260051,7,Q13755,1723064,bulacan
PHL-5532,PH-dinagat-islands-region-xiii,PH-AGN,True,PH,Philippines,Butuan,Butuan,Butuan,Butuán,,Highly Urbanized City,2,8.94346,125.542,natural-earth,559.052,125.441173,8.79702,125.70962,9.015937,7,,1722183,butuan
PHL-2545,PH-cagayan-valley-region-ii,PH-CAG,True,PH,Philippines,Cagayan,Cagayan,Cagayan,Cagayán,,Province,2,17.9242,121.641,natural-earth,8849.31,120.957093,17.518156,122.324962,19.577379,7,Q13759,1721086,cagayan
PHL-5531,PH-northern-mindanao-region-x,PH-MSR,True,PH,Philippines,Cagayan de Oro,Cagayan de Oro,Cagayán de Oro,Cagayán de Oro,,Highly Urbanized City,2,8.45874,124.693,natural-earth,589.65,124.436648,8.237224,124.828691,8.561713,7,,6569685,cagayan-de-oro
PHL-5545,PH-national-capital-region,PH-MNL,True,PH,Philippines,Caloocan,Caloocan,Caloocan,Caloocan,,Highly Urbanized City,2,14.6402,120.99,natural-earth,54.041,120.968655,14.627418,121.115849,14.766693,9,,1720148,caloocan
PHL-2537,PH-bicol-region-v,PH-CAN,True,PH,Philippines,Camarines Norte,Camarines Norte,Camarines Norte,Camarines Norte,,Province,2,14.1942,122.699,natural-earth,2058.202,122.309465,13.821967,123.08839,14.350531,7,Q13763,1719846,camarines-norte
PHL-2538,PH-bicol-region-v,PH-CAS,True,PH,Philippines,Camarines Sur,Camarines Sur,Camarines Sur,Camarines Sur,,Province,2,13.6733,123.365,natural-earth,5127.242,122.558003,13.244725,123.972667,14.099514,7,Q13767,1719845,camarines-sur
PHL-2590,PH-northern-mindanao-region-x,PH-CAM,True,PH,Philippines,Camiguin,Camiguin,Camiguin,Camiguín,,Province,2,9.17353,124.722,natural-earth,242.332,124.636485,9.077379,124.80836,9.25019,7,Q13769,1719694,camiguin
PHL-2528,PH-western-visayas-region-vi,PH-CAP,True,PH,Philippines,Capiz,Capiz,Cápiz,Cápiz,,Province,2,11.3673,122.633,natural-earth,2640.542,122.17986,11.156787,123.08961,11.613837,7,Q13772,1718641,capiz
PHL-2539,PH-bicol-region-v,PH-CAT,True,PH,Philippines,Catanduanes,Catanduanes,Catanduanes,Catanduanes,,Province,2,13.8305,124.222,natural-earth,1492.582,124.026052,13.522895,124.417979,14.092231,7,Q13778,1717952,catanduanes
PHL-2563,PH-calabarzon-region-iv-a,PH-CAV,True,PH,Philippines,Cavite,Cavite,Cavite,Cavite,,Province,2,14.2563,120.836,natural-earth,1310.191,120.59668,14.076092,121.074708,14.49523,7,Q13785,1717639,cavite
PHL-5522,PH-central-visayas-region-vii,PH-CEB,True,PH,Philippines,Cebu,Cebu,Cebu,Cebú,,Highly Urbanized City,2,10.3024,123.899,natural-earth,126.718,123.837164,10.248196,123.935157,10.435973,9,Q13786,1717506,cebu
PHL-2514,PH-central-visayas-region-vii,PH-CEB,True,PH,Philippines,Cebu,Cebu,Cebu,Cebú,,Province,2,10.269,123.695,natural-earth,4463.712,123.31422,9.406806,124.074718,11.292467,9,,1717511,cebu
PHL-2592,PH-davao-region-xi,PH-COM,True,PH,Philippines,Compostela Valley,Davao de Oro,Davao de Oro,Davao de Oro,,Province,2,7.52967,125.984,natural-earth,4212.988,125.675441,7.047406,126.293615,7.996716,7,Q13789,1717055,compostela-valley
PHL-5527,PH-autonomous-region-in-muslim-mindanao-armm,PH-NCO,True,PH,Philippines,Cotabato,Cotabato,Cotabato,Cotabato,,Independent Component City,2,7.22504,124.246,natural-earth,133.564,124.183767,7.165261,124.305451,7.32095,7,Q13791,1716770,cotabato
PHL-2579,PH-soccsksargen-region-xii,PH-NCO,True,PH,Philippines,Cotabato,Cotabato,Cotabato,Cotabato,,Province,2,7.27167,124.82,natural-earth,6466.576,124.325673,6.728892,125.315018,7.690797,7,Q13791,1697559,cotabato
PHL-5541,PH-ilocos-region-i,PH-PAN,True,PH,Philippines,Dagupan,Dagupan,Dagupan,Dagupán,,Independent Component City,2,16.0325,120.341,natural-earth,96.907,120.25766,15.982704,120.402284,16.10871,7,,1716190,dagupan
PHL-5528,PH-davao-region-xi,PH-DAV,True,PH,Philippines,Davao,Davao,Davao,Davao,,Highly Urbanized City,2,7.07729,125.587,natural-earth,2055.993,125.222517,7.01557,125.676768,7.595816,7,Q13694,1715346,davao
PHL-2597,PH-davao-region-xi,PH-DAO,True,PH,Philippines,Davao Oriental,Davao Oriental,Davao oriental,Davao Oriental,,Province,2,7.06305,126.286,natural-earth,5416.605,125.954275,6.283189,126.617686,7.995843,7,Q13806,1715342,davao-oriental
PHL-2591,PH-davao-region-xi,PH-DAV,True,PH,Philippines,Davao del Norte,Davao del Norte,Davao du Nord,Davao del Norte,,Province,2,7.45436,125.651,natural-earth,3503.968,125.288921,6.894029,125.943868,7.997755,7,Q13792,1715347,davao-del-norte
PHL-2596,PH-davao-region-xi,PH-DAS,True,PH,Philippines,Davao del Sur,Davao del Sur,Davao du Sud,Davao del Sur,,Province,2,6.34808,125.511,natural-earth,3893.868,125.139783,5.367174,125.710623,7.01735,7,Q13794,1715345,davao-del-sur
PHL-2582,PH-eastern-visayas-region-viii,PH-EAS,True,PH,Philippines,Eastern Samar,Eastern Samar,Samar oriental,Sámar Oriental,,Province,2,10.7291,125.755,natural-earth,4140.94,125.1064,10.699164,125.831798,12.376454,7,Q13809,1713986,eastern-samar
PHL-5529,PH-soccsksargen-region-xii,PH-SCO,True,PH,Philippines,General Santos,General Santos,General Santos,General Santos,,Highly Urbanized City,2,6.13644,125.139,natural-earth,594.36,125.036049,5.953355,125.271868,6.32071,7,,1713021,general-santos
PHL-2530,PH-western-visayas-region-vi,PH-GUI,True,PH,Philippines,Guimaras,Guimaras,Guimaras,Guimarás,,Province,2,10.5577,122.61,natural-earth,574.699,122.482432,10.41942,122.737966,10.76203,7,Q13810,7602867,guimaras
PHL-2551,PH-cordillera-administrative-region-car,PH-IFU,True,PH,Philippines,Ifugao,Ifugao,Ifugao,Ifugao,,Province,2,16.8291,121.214,natural-earth,2561.246,120.850949,16.597385,121.576486,17.08981,7,Q13812,1711331,ifugao
PHL-5530,PH-northern-mindanao-region-x,PH-LAN,True,PH,Philippines,Iligan,Iligan,Iligan,Iligan,,Highly Urbanized City,2,8.26296,124.396,natural-earth,676.171,124.23227,8.00747,124.629737,8.375613,7,,,iligan
PHL-2547,PH-ilocos-region-i,PH-ILN,True,PH,Philippines,Ilocos Norte,Ilocos Norte,Ilocos Norte,Ilocos Norte,,Province,2,18.1995,120.71,natural-earth,3509.712,120.425304,17.703726,120.99511,18.645941,7,Q13813,1711034,ilocos-norte
PHL-2548,PH-ilocos-region-i,PH-ILS,True,PH,Philippines,Ilocos Sur,Ilocos Sur,Ilocos Sur,Ilocos Sur,,Province,2,16.9849,120.604,natural-earth,2720.446,120.333832,16.652627,120.87379,17.898133,7,Q12741,1711032,ilocos-sur
PHL-2529,PH-western-visayas-region-vi,PH-ILI,True,PH,Philippines,Iloilo,Iloilo,Iloilo,Iloílo,,Province,2,10.9681,122.59,natural-earth,4576.956,122.006021,10.460924,123.174815,11.59809,7,,1711004,iloilo
PHL-5526,PH-western-visayas-region-vi,PH-ILI,True,PH,Philippines,Iloilo,Iloilo,Iloilo,Iloílo,,Highly Urbanized City,2,10.7447,122.541,natural-earth,134.083,122.472105,10.687134,122.614757,10.799528,7,Q13825,1711003,iloilo
PHL-2550,PH-cagayan-valley-region-ii,PH-ISA,True,PH,Philippines,Isabela,Isabela,Isabela,Isabela,,Province,2,17.0036,121.932,natural-earth,10016.079,121.390072,16.395744,122.529145,17.54265,7,Q13826,1710515,isabela
PHL-4931,PH-cordillera-administrative-region-car,PH-KAL,True,PH,Philippines,Kalinga,Kalinga,Kalinga,Kalinga,,Province,2,17.4884,121.322,natural-earth,3083.57,120.914821,17.1681,121.670124,17.717627,7,Q13827,7115730,kalinga
PHL-2561,PH-ilocos-region-i,PH-LUN,True,PH,Philippines,La Union,La Union,La Union,La Unión,,Province,2,16.5569,120.436,natural-earth,1599.748,120.276134,16.203611,120.595048,16.919186,7,Q13829,1707052,la-union
PHL-2566,PH-calabarzon-region-iv-a,PH-LAG,True,PH,Philippines,Laguna,Laguna,Laguna,La Laguna,,Province,2,14.146,121.307,natural-earth,2452.779,121.014247,13.961525,121.600464,14.571514,7,Q13840,1708026,laguna
PHL-2573,PH-northern-mindanao-region-x,PH-LAN,True,PH,Philippines,Lanao del Norte,Lanao del Norte,Lanao du Nord,Lanao del Norte,,Province,2,8.0566,124.122,natural-earth,2214.63,123.614682,7.701856,124.29911,8.215566,7,Q13841,1707668,lanao-del-norte
PHL-2574,PH-autonomous-region-in-muslim-mindanao-armm,PH-LAS,True,PH,Philippines,Lanao del Sur,Lanao del Sur,Lanao du Sud,Lanao del Sur,,Province,2,7.90221,124.335,natural-earth,3894.541,123.861819,7.431846,124.808641,8.226165,7,Q13843,1707667,lanao-del-sur
PHL-5524,PH-central-visayas-region-vii,PH-LAP,True,PH,Philippines,Lapu-Lapu,Lapu-Lapu,Lapu-Lapu,Lapu-Lapu,,Highly Urbanized City,2,10.2992,123.959,natural-earth,53.358,123.933196,10.245997,124.04384,10.329503,9,,1707266,lapu-lapu
PHL-5556,PH-national-capital-region,PH-MNL,True,PH,Philippines,Las Pinas,Las Pinas,Las Piñas,Las Piñas,,Highly Urbanized City,2,14.4591,120.995,natural-earth,35.915,120.960804,14.39706,121.032972,14.505999,9,,,las-pinas
PHL-2583,PH-eastern-visayas-region-viii,PH-LEY,True,PH,Philippines,Leyte,Leyte,Leyte,Leyte,,Province,2,10.9926,124.883,natural-earth,5340.025,124.284353,10.185444,125.167784,11.557115,7,Q13844,1706800,leyte
PHL-5560,PH-calabarzon-region-iv-a,PH-QUE,True,PH,Philippines,Lucena,Lucena,Lucena,Lucena,,Highly Urbanized City,2,13.9241,121.576,natural-earth,109.703,121.498413,13.87816,121.636892,13.996386,7,,,lucena
PHL-2576,PH-autonomous-region-in-muslim-mindanao-armm,PH-MAG,True,PH,Philippines,Maguindanao,Maguindanao,Maguindanao,Maguindanao,,Province,2,6.98075,124.437,natural-earth,4758.529,123.96518,6.636288,124.908583,7.669558,7,Q13845,1703701,maguindanao
PHL-5553,PH-national-capital-region,PH-MNL,True,PH,Philippines,Makati,Makati,Makati,Macati,,Highly Urbanized City,2,14.5519,121.035,natural-earth,22.343,121.006209,14.527489,121.080454,14.574972,9,,1703415,makati
PHL-5546,PH-national-capital-region,PH-MNL,True,PH,Philippines,Malabon,Malabon,Malabon,Malabón,,Highly Urbanized City,2,14.6593,120.964,natural-earth,16.708,120.928942,14.636483,121.008367,14.693431,9,,1720148,malabon
PHL-5542,PH-national-capital-region,PH-MNL,True,PH,Philippines,Mandaluyong City,Mandaluyong,Mandaluyong,Ciudad de Mandaluyong,,Province,2,14.5766,121.052,natural-earth,11.201,121.026497,14.562453,121.072684,14.594396,9,,1701968,mandaluyong-city
PHL-5523,PH-central-visayas-region-vii,PH-MDE,True,PH,Philippines,Mandaue,Mandaue,Mandaue,Mandaue,,Highly Urbanized City,2,10.3358,123.933,natural-earth,44.563,123.914407,10.309299,123.979666,10.401066,9,,1701946,mandaue
PHL-5543,PH-national-capital-region,PH-MNL,True,PH,Philippines,Manila,Metro Manila,Grand Manille,Gran Manila,,Highly Urbanized City,2,14.5931,120.989,natural-earth,49.343,120.947584,14.55744,121.037288,14.63044,9,Q13580,1701667,manila
PHL-5550,PH-national-capital-region,PH-MNL,True,PH,Philippines,Marikina,Marikina,Marikina,Mariquina,,Highly Urbanized City,2,14.6291,121.116,natural-earth,24.82,121.088656,14.608641,121.15211,14.663462,9,,1700926,marikina
PHL-2569,PH-mimaropa-region-iv-b,PH-MAD,True,PH,Philippines,Marinduque,Marinduque,Marinduque,Marinduque,,Province,2,13.3717,121.971,natural-earth,893.844,121.813731,13.201606,122.128917,13.568508,7,Q13846,1700902,marinduque
PHL-2540,PH-bicol-region-v,PH-MAS,True,PH,Philippines,Masbate,Masbate,Masbate,Masbate,,Province,2,12.2276,123.611,natural-earth,3943.613,122.944102,11.725572,124.07252,13.153551,7,Q13847,1700711,masbate
PHL-2570,PH-mimaropa-region-iv-b,PH-MDC,True,PH,Philippines,Mindoro Occidental,Occidental Mindoro,Mindoro occidental,Mindoro Occidental,,Province,2,12.6588,121.085,natural-earth,5960.072,120.079926,12.158108,121.247813,13.866278,7,Q13867,1699585,mindoro-occidental
PHL-2571,PH-mimaropa-region-iv-b,PH-MDR,True,PH,Philippines,Mindoro Oriental,Oriental Mindoro,Mindoro oriental,Mindoro Oriental,,Province,2,12.8526,121.36,natural-earth,4207.593,120.779222,12.219916,121.552989,13.530341,7,Q13868,1699585,mindoro-oriental
PHL-2523,PH-northern-mindanao-region-x,PH-MSC,True,PH,Philippines,Misamis Occidental,Misamis Occidental,Misamis occidental,Misamis Occidental,,Province,2,8.33846,123.717,natural-earth,2043.519,123.549001,8.008039,123.884776,8.670722,7,Q13857,1699493,misamis-occidental
PHL-2595,PH-northern-mindanao-region-x,PH-MSR,True,PH,Philippines,Misamis Oriental,Misamis Oriental,Misamis oriental,Misamis Oriental,,Province,2,8.74226,124.992,natural-earth,2955.806,124.261693,8.324176,125.32333,9.081947,7,Q13860,1699492,misamis-oriental
PHL-2552,PH-cordillera-administrative-region-car,PH-MOU,True,PH,Philippines,Mountain Province,Mountain,Mountain,La Montaña,,Province,2,17.0908,121.172,natural-earth,2046.793,120.773538,16.843417,121.570595,17.298324,7,Q13861,1699175,mountain-province
PHL-5557,PH-national-capital-region,PH-MNL,True,PH,Philippines,Muntinlupa,Muntinlupa,Muntinlupa,Muntinlupa,,Highly Urbanized City,2,14.4253,121.053,natural-earth,106.703,121.014196,14.359142,121.143438,14.47051,9,,,muntinlupa
PHL-5536,PH-bicol-region-v,PH-CAS,True,PH,Philippines,Naga,Naga,Naga,Naga,,Independent Component City,2,13.6153,123.197,natural-earth,132.921,123.139619,13.568648,123.368306,13.663277,7,,1698822,naga
PHL-5544,PH-national-capital-region,PH-MNL,True,PH,Philippines,Navotas,Navotas,Navotas,Navotas,,Highly Urbanized City,2,14.6394,120.952,natural-earth,12.101,120.916214,14.627864,120.976856,14.701879,9,,,navotas
PHL-2518,PH-western-visayas-region-vi,PH-NEC,True,PH,Philippines,Negros Occidental,Negros Occidental,Negros occidental,Negros Occidental,,Province,2,10.4137,122.985,natural-earth,7433.37,122.395193,9.437649,123.575531,10.996405,7,Q13862,1697808,negros-occidental
PHL-2516,PH-central-visayas-region-vii,PH-NER,True,PH,Philippines,Negros Oriental,Negros Oriental,Negros oriental,Negros Oriental,,Province,2,9.75662,123.032,natural-earth,5358.048,122.597097,9.035305,123.365728,10.445099,7,Q13863,1697806,negros-oriental
PHL-2586,PH-eastern-visayas-region-viii,PH-NSA,True,PH,Philippines,Northern Samar,Northern Samar,Samar du Nord,Sámar del Norte,,Province,2,12.3786,124.812,natural-earth,3124.825,124.133556,12.226231,125.34962,12.591254,7,Q13864,1697549,northern-samar
PHL-2557,PH-central-luzon-region-iii,PH-NUE,True,PH,Philippines,Nueva Ecija,Nueva Ecija,Nueva Ecija,Nueva Écija,,Province,2,15.6863,120.998,natural-earth,5426.919,120.627294,15.165069,121.368437,16.136948,7,Q13865,1697473,nueva-ecija
PHL-2553,PH-cagayan-valley-region-ii,PH-NUV,True,PH,Philippines,Nueva Vizcaya,Nueva Vizcaya,Nueva Vizcaya,Nueva Vizcaya,,Province,2,16.3729,121.101,natural-earth,3788.199,120.754521,15.77759,121.447709,16.7643,7,Q13866,1697456,nueva-vizcaya
PHL-5540,PH-central-luzon-region-iii,PH-ZMB,True,PH,Philippines,Olongapo,Olongapo,Olongapo,Olóngapo,,Highly Urbanized City,2,14.8618,120.282,natural-earth,190.681,120.209321,14.802353,120.454901,14.933545,7,,1697172,olongapo
PHL-5534,PH-eastern-visayas-region-viii,PH-LEY,True,PH,Philippines,Ormoc,Ormoc,Ormoc,Ormoc,,Independent Component City,2,11.0197,124.572,natural-earth,218.414,124.48765,10.983303,124.670121,11.156765,7,,1697014,ormoc
PHL-2534,PH-mimaropa-region-iv-b,PH-PLW,True,PH,Philippines,Palawan,Palawan,Palawan,Palawan,,Province,2,9.02764,117.912,natural-earth,11914.989,116.954926,6.970933,121.258637,12.323676,7,Q13869,1696177,palawan
PHL-2558,PH-central-luzon-region-iii,PH-PAM,True,PH,Philippines,Pampanga,Pampanga,La Pampangue,Pampanga,,Province,2,15.0215,120.651,natural-earth,2018.451,120.35992,14.778957,120.9419,15.273745,7,Q13870,1695848,pampanga
PHL-2562,PH-ilocos-region-i,PH-PAN,True,PH,Philippines,Pangasinan,Pangasinan,Pangasinan,Pangasinán,,Province,2,15.8696,120.341,natural-earth,5211.938,119.755707,15.614034,120.925984,16.387356,7,Q13871,1690202,pangasinan
PHL-5555,PH-national-capital-region,PH-MNL,True,PH,Philippines,Paranaque,Parañaque,Parañaque,Parañaque,,Highly Urbanized City,2,14.49,121.016,natural-earth,50.618,120.973393,14.438567,121.057145,14.534003,9,,,paranaque
PHL-5554,PH-national-capital-region,PH-MNL,True,PH,Philippines,Pasay,Pasay,Pasay,Pásay,,Highly Urbanized City,2,14.5449,120.999,natural-earth,17.804,120.980154,14.505906,121.044627,14.557705,9,,1694608,pasay
PHL-5552,PH-national-capital-region,PH-MNL,True,PH,Philippines,Pasig,Pasig,Pasig,Pásig,,Highly Urbanized City,2,14.568,121.1,natural-earth,34.081,121.064483,14.524899,121.125778,14.615116,9,,1694584,pasig
PHL-5559,PH-national-capital-region,PH-MNL,True,PH,Philippines,Pateros,Pateros,Pateros,Pateros,,Independent Municipality,2,14.543,121.083,natural-earth,1.708,121.076569,14.534827,121.091677,14.549504,9,,,pateros
PHL-5533,PH-mimaropa-region-iv-b,PH-PLW,True,PH,Philippines,Puerto Princesa,Puerto Princesa,Puerto Princesa,Puerto Princesa,,Highly Urbanized City,2,9.89211,118.673,natural-earth,2187.329,118.382335,9.521117,119.1963,10.300279,7,,1692682,puerto-princesa
PHL-2572,PH-calabarzon-region-iv-a,PH-QUE,True,PH,Philippines,Quezon,Quezon,Quezon,Quezon,,Province,2,13.8708,122.037,natural-earth,8348.612,121.264464,13.174018,122.815894,15.208064,7,Q13872,1692194,quezon
PHL-5549,PH-national-capital-region,PH-MNL,True,PH,Philippines,Quezon City,Quezon City,Quezon City,Ciudad Quezon,,Highly Urbanized City,2,14.6711,121.067,natural-earth,164.673,120.999302,14.583605,121.154268,14.76123,9,,1692193,quezon-city
PHL-2554,PH-cagayan-valley-region-ii,PH-QUI,True,PH,Philippines,Quirino,Quirino,Quirino,Quirino,,Province,2,16.2982,121.663,natural-earth,2959.426,121.287615,15.9243,122.037544,16.651232,7,Q13873,1691975,quirino
PHL-2567,PH-calabarzon-region-iv-a,PH-RIZ,True,PH,Philippines,Rizal,Rizal,Rizal,Rizal,,Province,2,14.6809,121.284,natural-earth,1197.939,121.11837,14.290549,121.460525,14.890461,7,Q13874,1691591,rizal
PHL-2535,PH-mimaropa-region-iv-b,PH-ROM,True,PH,Philippines,Romblon,Romblon,Romblon,Romblón,,Province,2,12.4045,122.555,natural-earth,1241.768,121.681814,12.10456,122.687511,12.950141,7,Q13875,1691537,romblon
PHL-2584,PH-eastern-visayas-region-viii,PH-WSA,True,PH,Philippines,Samar,Samar,Samar,Sámar,,Province,2,11.8292,124.999,natural-earth,5601.494,124.146251,11.094387,125.349176,12.330927,7,Q13876,1690649,samar
PHL-5551,PH-national-capital-region,PH-MNL,True,PH,Philippines,San Juan,San Juan,San Juan,San Juan,,Highly Urbanized City,2,14.5975,121.044,natural-earth,6.072,121.02995,14.5849,121.071389,14.606914,9,,1689358,san-juan
PHL-5537,PH-cagayan-valley-region-ii,PH-ISA,True,PH,Philippines,Santiago,Santiago,Santiago,Santiago,,Independent Component City,2,16.7428,121.511,natural-earth,358.092,121.335364,16.610614,121.608053,16.832668,7,,,santiago
PHL-2598,PH-soccsksargen-region-xii,PH-SAR,True,PH,Philippines,Sarangani,Sarangani,Sarangani,Sarangani,,Province,2,5.95631,125.303,natural-earth,3025.519,124.370282,5.583576,125.529734,6.434871,7,Q13877,7671047,sarangani
PHL-2517,PH-central-visayas-region-vii,PH-SIG,True,PH,Philippines,Siquijor,Siquijor,Siquijor,Siquijor,,Province,2,9.17807,123.597,natural-earth,327.641,123.471202,9.098334,123.722423,9.293931,7,Q13879,1686065,siquijor
PHL-2541,PH-bicol-region-v,PH-SOR,True,PH,Philippines,Sorsogon,Sorsogon,Sorsogon,Sorsogón,,Province,2,12.7377,124.001,natural-earth,2028.076,123.49616,12.535834,124.188243,13.118511,7,Q13881,1685754,sorsogon
PHL-2599,PH-soccsksargen-region-xii,PH-SCO,True,PH,Philippines,South Cotabato,South Cotabato,Cotabato du Sud,Cotabato del Sur,,Province,2,6.30746,124.808,natural-earth,3728.786,124.249295,6.001029,125.176501,6.63944,7,Q13882,1685731,south-cotabato
PHL-2585,PH-eastern-visayas-region-viii,PH-SLE,True,PH,Philippines,Southern Leyte,Southern Leyte,Leyte du Sud,Leyte del Sur,,Province,2,10.0694,125.215,natural-earth,1740.247,124.766012,9.916938,125.306163,10.622137,7,Q13884,1685725,southern-leyte
PHL-2580,PH-soccsksargen-region-xii,PH-SUK,True,PH,Philippines,Sultan Kudarat,Sultan Kudarat,Sultan Kudarat,Sultán Kudarat,,Province,2,6.52568,124.382,natural-earth,4500.556,124.03297,6.13265,125.193578,6.860305,7,Q13885,1685377,sultan-kudarat
PHL-2524,PH-autonomous-region-in-muslim-mindanao-armm,PH-SLU,True,PH,Philippines,Sulu,Sulu,Sulu,Sulú,,Province,2,5.53722,120.865,natural-earth,1184.975,120.488617,5.495754,121.943207,6.380764,7,Q13887,1685370,sulu
PHL-2593,PH-dinagat-islands-region-xiii,PH-SUN,True,PH,Philippines,Surigao del Norte,Dinagat Islands,des Îles Dinagat,Islas Dinagat,,Province,2,9.66326,125.959,natural-earth,2578.703,125.397472,9.313282,126.180186,10.4619,7,Q13807,1685215,surigao-del-norte
PHL-2594,PH-dinagat-islands-region-xiii,PH-SUR,True,PH,Philippines,Surigao del Sur,Surigao del Sur,Surigao du Sud,Surigao del Sur,,Province,2,8.80931,126.097,natural-earth,5175.827,125.727034,7.899563,126.466156,9.492336,7,Q13891,1685214,surigao-del-sur
PHL-5535,PH-eastern-visayas-region-viii,PH-LEY,True,PH,Philippines,Tacloban,Tacloban,Tacloban,Tacloban,,Highly Urbanized City,2,11.2439,124.98,natural-earth,107.565,124.919825,11.192094,125.042735,11.334418,7,,1684711,tacloban
PHL-5558,PH-national-capital-region,PH-MNL,True,PH,Philippines,Taguig,Taguig City,Taguig,Taguig,,Highly Urbanized City,2,14.518,121.062,natural-earth,72.941,121.032108,14.454146,121.134708,14.557274,9,,,taguig
PHL-2556,PH-central-luzon-region-iii,PH-TAR,True,PH,Philippines,Tarlac,Tarlac,Tarlac,Tarlac,,Province,2,15.4733,120.463,natural-earth,3036.586,120.143809,15.168997,120.78222,15.869833,9,Q13892,1682811,tarlac
PHL-2511,PH-autonomous-region-in-muslim-mindanao-armm,PH-TAW,True,PH,Philippines,Tawi-Tawi,Tawi-Tawi,Tawi-Tawi,Tawi-Tawi,,Province,2,4.80751,119.835,natural-earth,783.799,119.435395,4.655707,120.25294,5.349595,7,Q13893,1682671,tawi-tawi
PHL-5547,PH-national-capital-region,PH-MNL,True,PH,Philippines,Valenzuela,Valenzuela City,Valenzuela,Valenzuela,,Highly Urbanized City,2,14.6939,120.991,natural-earth,44.961,120.931884,14.660224,121.037288,14.739478,9,,,valenzuela
PHL-2560,PH-central-luzon-region-iii,PH-ZMB,True,PH,Philippines,Zambales,Zambales,Zambales,Zambales,,Province,2,15.0499,120.164,natural-earth,3499.76,119.867198,14.756415,120.460069,15.852521,7,Q13895,1679435,zambales
PHL-4932,PH-zamboanga-peninsula-region-ix,PH-ZAN,True,PH,Philippines,Zamboanga,Zamboanga Peninsula,péninsule de Zamboanga,Península de Zamboanga,,Highly Urbanized City,2,7.03966,122.055,natural-earth,1274.039,121.897797,6.89643,122.37908,7.472846,7,Q13682,1679430,zamboanga
PHL-2521,PH-zamboanga-peninsula-region-ix,PH-ZSI,True,PH,Philippines,Zamboanga Sibugay,Zamboanga Sibugay,Zamboanga Sibugay,Zamboanga Sibugay,,Province,2,7.7136,122.926,natural-earth,2413.879,122.260682,7.291327,123.096446,7.945355,7,Q13902,7115981,zamboanga-sibugay
PHL-2520,PH-zamboanga-peninsula-region-ix,PH-ZAN,True,PH,Philippines,Zamboanga del Norte,Zamboanga del Norte,Zamboanga du Nord,Zamboanga del Norte,,Province,2,8.02743,122.73,natural-earth,6709.763,121.904276,7.139823,123.556107,8.726955,7,Q13899,1679429,zamboanga-del-norte
PHL-2522,PH-zamboanga-peninsula-region-ix,PH-ZAS,True,PH,Philippines,Zamboanga del Sur,Zamboanga del Sur,Zamboanga du Sud,Zamboanga del Sur,,Province,2,7.84487,123.309,natural-earth,4010.496,122.913873,7.36872,123.704212,8.231953,7,Q13900,1679428,zamboanga-del-sur
SVN-1022,SI-goriska,SI-001,True,SI,Slovenia,Ajdovščina,Ajdovščina,Ajdovščina,Municipio de Ajdovščina,,Commune|Municipality,2,45.9043,13.9294,natural-earth,250.024,13.732785,45.826195,14.125991,46.00205,10,Q331701,3204853,ajdovscina
SVN-5884,SI-pomurska,SI-195,True,SI,Slovenia,Apace,Apače,Apace,Municipio de Apače,,Commune|Municipality,2,46.6914,15.8873,natural-earth,54.478,15.78461,46.662785,15.9676,46.724488,10,Q3278915,8133579,apace
SVN-1039,SI-pomurska,SI-002,True,SI,Slovenia,Beltinci,Beltinci,Municipalité de Beltinci,Municipio de Beltinci,,Commune|Municipality,2,46.6086,16.2307,natural-earth,58.7,16.160802,46.553851,16.300535,46.657307,10,Q778542,3239282,beltinci
SVN-199,SI-podravska,SI-148,True,SI,Slovenia,Benedikt,Benedikt,Benedikt,Benedikt,,Commune|Municipality,2,46.6136,15.8981,natural-earth,22.663,15.862836,46.583462,15.933271,46.645887,10,Q779018,3344930,benedikt
SVN-213,SI-savinjska,SI-149,True,SI,Slovenia,Bistrica ob Sotli,Bistrica ob Sotli,Municipalité de Bistrica ob Sotli,Municipio de Bistrica ob Sotli,,Commune|Municipality,2,46.1454,15.5811,natural-earth,34.472,15.536034,46.065871,15.626571,46.20426,10,Q13377731,3239241,bistrica-ob-sotli
SVN-1008,SI-gorenjska,SI-003,True,SI,Slovenia,Bled,Bled,Bled,Municipalidad del Bled,,Commune|Municipality,2,46.3898,14.0001,natural-earth,183.73,13.84792,46.298931,14.152191,46.444814,10,Q647572,3239103,bled
SVN-254,SI-notranjsko-kraska,SI-150,True,SI,Slovenia,Bloke,Bloke,Bloke,Municipalidad del Bloke,,Commune|Municipality,2,45.7836,14.5092,natural-earth,73.777,14.442199,45.728914,14.576144,45.840768,10,Q164123,3344899,bloke
SVN-1009,SI-gorenjska,SI-004,True,SI,Slovenia,Bohinj,Bohinj,Municipalité de Bohinj,Municipalidad del Cayo,,Commune|Municipality,2,46.2961,13.9538,natural-earth,337.943,13.727359,46.229995,14.180148,46.382182,10,Q3661628,3239101,bohinj
SVN-937,SI-osrednjeslovenska,SI-005,True,SI,Slovenia,Borovnica,Borovnica,Municipalité de Borovnica,Municipalidad del Borovnica,,Commune|Municipality,2,45.9095,14.3756,natural-earth,43.643,14.33373,45.860405,14.417549,45.965463,10,Q13377747,3239073,borovnica
SVN-1023,SI-goriska,SI-006,True,SI,Slovenia,Bovec,Bovec,Municipalité de Bovec,Municipalidad del Bovec,,Commune|Municipality,2,46.3725,13.6184,natural-earth,377.88,13.395638,46.277227,13.841719,46.464047,10,Q3259688,3239100,bovec
SVN-247,SI-savinjska,SI-151,True,SI,Slovenia,Braslovce,Braslovče,Municipalité de Braslovče,Braslovče,,Commune|Municipality,2,46.2889,15.0327,natural-earth,60.334,14.97028,46.226093,15.095027,46.337198,10,Q1034410,3344905,braslovce
SVN-1024,SI-goriska,SI-007,True,SI,Slovenia,Brda,Brda,Brda,Brda,,Commune|Municipality,2,46.0189,13.5437,natural-earth,83.319,13.461793,45.967428,13.626176,46.075298,10,Q763400,3239083,brda
SVN-940,SI-osrednjeslovenska,SI-008,True,SI,Slovenia,Brezovica,Brezovica,Brezovica,Municipalidad del Brezovica,,Commune|Municipality,2,45.9479,14.4279,natural-earth,92.58,14.365563,45.862937,14.490155,46.035769,10,Q849320,3239071,brezovica
SVN-938,SI-spodnjeposavska,SI-009,True,SI,Slovenia,Brežice,Brežice,Brežice,Brežice,,Commune|Municipality,2,45.9082,15.6036,natural-earth,197.404,15.509782,45.81922,15.697987,46.041636,10,Q906879,3203411,brezice
SVN-926,SI-pomurska,SI-152,True,SI,Slovenia,Cankova,Cankova,Cankova,Municipalidad del Cankova,,Commune|Municipality,2,46.7083,16.0462,natural-earth,84.925,15.969702,46.623873,16.123027,46.775827,10,Q13377751,3344938,cankova
SVN-941,SI-savinjska,SI-011,True,SI,Slovenia,Celje,Celje,Celje,Ciudad del Celje,,Commune|Municipality,2,46.2398,15.2874,natural-earth,96.304,15.216364,46.188912,15.358525,46.320532,10,Q3441823,3202780,celje
SVN-942,SI-gorenjska,SI-012,True,SI,Slovenia,Cerklje na Gorenjskem,Cerklje na Gorenjskem,Cerklje na Gorenjskem,Cerklje na Gorenjskem,,Commune|Municipality,2,46.2524,14.5061,natural-earth,78.057,14.442199,46.202865,14.569943,46.31198,10,Q859679,3239110,cerklje-na-gorenjskem
SVN-943,SI-notranjsko-kraska,SI-013,True,SI,Slovenia,Cerknica,Cerknica,Cerknica,Municipalidad del Cerknica,,Commune|Municipality,2,45.7886,14.3817,natural-earth,245.213,14.258334,45.707495,14.505089,45.89123,10,Q13107298,3202707,cerknica
SVN-1010,SI-goriska,SI-014,True,SI,Slovenia,Cerkno,Cerkno,Commune de Cerkno,Municipalidad del Cerkno,,Commune|Municipality,2,46.1335,13.9799,natural-earth,133.262,13.886109,46.06091,14.073694,46.194597,10,Q13220435,3239091,cerkno
SVN-198,SI-podravska,SI-153,True,SI,Slovenia,Cerkvenjak,Cerkvenjak,Municipalité de Cerkvenjak,Municipalidad del Cerkvenjak,,Commune|Municipality,2,46.5598,15.9531,natural-earth,20.306,15.919628,46.532974,15.986652,46.588216,10,Q1252438,3344929,cerkvenjak
SVN-945,SI-jugovzhodna-slovenija,SI-017,True,SI,Slovenia,Crnomelj,Črnomelj,Municipalité de Črnomelj,Črnomelj,,Commune|Municipality,2,45.5229,15.2135,natural-earth,313.147,15.066128,45.4256,15.361367,45.617423,10,Q3482211,3202332,crnomelj
SVN-203,SI-podravska,SI-018,True,SI,Slovenia,Destrnik,Destrnik,Destrnik,Municipalidad del Destrnik,,Commune|Municipality,2,46.4767,15.8853,natural-earth,32.242,15.823407,46.452255,15.947223,46.506309,10,Q570618,3344926,destrnik
SVN-1025,SI-obalno-kraska,SI-019,True,SI,Slovenia,Divaca,Divača,Municipalité de Divača,Divača,,Commune|Municipality,2,45.6927,14.0149,natural-earth,152.553,13.936493,45.599594,14.093383,45.771367,10,Q557216,3239051,divaca
SVN-252,SI-savinjska,SI-154,True,SI,Slovenia,Dobje,Dobje,Dobje,Dobje,,Commune|Municipality,2,46.1339,15.4056,natural-earth,15.459,15.370928,46.10747,15.440278,46.152687,10,Q1008179,3344913,dobje
SVN-253,SI-osrednjeslovenska,SI-020,True,SI,Slovenia,Dobrepolje,Dobrepolje,Dobrepolje,Minicipalidad Dobrepolje,,Commune|Municipality,2,45.8342,14.7253,natural-earth,98.021,14.636967,45.7431,14.813701,45.890119,10,Q1009409,3239193,dobrepolje
SVN-239,SI-savinjska,SI-155,True,SI,Slovenia,Dobrna,Dobrna,Dobrna,Občina Dobrna,,Commune|Municipality,2,46.3552,15.2299,natural-earth,33.596,15.190319,46.31738,15.269435,46.392517,10,Q999579,3344914,dobrna
SVN-204,SI-osrednjeslovenska,SI-021,True,SI,Slovenia,Dobrova-Polhov Gradec,Dobrova–Polhov Gradec,Dobrova-Polhov Gradec,Dobrova-Polhov Gradec,,Commune|Municipality,2,46.0716,14.3138,natural-earth,120.637,14.186814,46.014013,14.440804,46.106488,10,Q1005208,3239096,dobrova-polhov-gradec
SVN-271,SI-pomurska,SI-156,True,SI,Slovenia,Dobrovnik,Dobrovnik,Dobrovnik,Dobrovnik,,Commune|Municipality,2,46.6539,16.3581,natural-earth,26.572,16.314384,46.615346,16.402607,46.688882,10,Q13365892,3344936,dobrovnik
SVN-946,SI-osrednjeslovenska,SI-022,True,SI,Slovenia,Dol pri Ljubljani,Dol pri Ljubljani,Dol pri Ljubljani,Dol pri Ljubljani,,Commune|Municipality,2,46.0996,14.6741,natural-earth,34.464,14.594283,46.076878,14.753963,46.117625,10,Q998557,3239115,dol-pri-ljubljani
SVN-249,SI-jugovzhodna-slovenija,SI-157,True,SI,Slovenia,Dolenjske Toplice,Dolenjske Toplice,Dolenjske Toplice,Municipalidad Dolenjske Toplice,,Statistical Region,2,45.7205,15.048,natural-earth,107.054,14.971986,45.631324,15.124069,45.784777,10,Q1016840,3344910,dolenjske-toplice
SVN-205,SI-osrednjeslovenska,SI-023,True,SI,Slovenia,Domžale,Domžale,Domžale,Municipio de Domžale,,Commune|Municipality,2,46.1493,14.6294,natural-earth,69.62,14.569323,46.096618,14.689419,46.206637,10,Q13377763,3201729,domzale
SVN-1040,SI-podravska,SI-024,True,SI,Slovenia,Dornava,Dornava,Dornava,Municipalidad del Dornava,,Commune|Municipality,2,46.4406,15.9915,natural-earth,27.742,15.943038,46.41665,16.040034,46.490703,10,Q1003969,3239248,dornava
SVN-947,SI-koroska,SI-025,True,SI,Slovenia,Dravograd,Dravograd,Dravograd,Dravograd,,Commune|Municipality,2,46.5906,15.0226,natural-earth,95.424,14.919507,46.53809,15.125775,46.649557,10,Q3503123,3201252,dravograd
SVN-948,SI-podravska,SI-026,True,SI,Slovenia,Duplek,Duplek,Duplek,Duplek,,Commune|Municipality,2,46.512,15.7689,natural-earth,40.799,15.720054,46.467732,15.817671,46.54796,10,Q999589,3239216,duplek
SVN-1011,SI-gorenjska,SI-027,True,SI,Slovenia,Gorenja vas-Poljane,Občina Gorenja vas-Poljane,Gorenja vas-Poljane,Gorenja vas-Poljane,,Commune|Municipality,2,46.1241,14.1223,natural-earth,146.388,14.021863,46.037914,14.222832,46.180851,10,Q1005224,3239095,gorenja-vas-poljane
SVN-1041,SI-podravska,SI-028,True,SI,Slovenia,Gorišnica,Gorišnica,Gorišnica,Municipalidad del Gorišnica,,Commune|Municipality,2,46.3668,16.0215,natural-earth,72.776,15.967274,46.290613,16.075743,46.434944,10,Q632998,3239245,gorisnica
SVN-927,SI-pomurska,SI-029,True,SI,Slovenia,Gornja Radgona,Gornja Radgona,Gornja Radgona,Gornja Radgona,,Commune|Municipality,2,46.6256,15.9663,natural-earth,79.532,15.888106,46.585968,16.04174,46.694555,10,Q570397,3200196,gornja-radgona
SVN-949,SI-savinjska,SI-030,True,SI,Slovenia,Gornji Grad,Gornji Grad,Gornji Grad,Municipalidad del Gornji Grad,,Commune|Municipality,2,46.2972,14.7905,natural-earth,92.377,14.703992,46.252862,14.877004,46.343373,10,Q726548,3239133,gornji-grad
SVN-928,SI-pomurska,SI-031,True,SI,Slovenia,Gornji Petrovci,Gornji Petrovci,Gornji Petrovci,Municipalidad del Gornji Petrovci,,Commune|Municipality,2,46.8091,16.2128,natural-earth,66.429,16.122872,46.744382,16.266429,46.858468,10,Q3435689,3239275,gornji-petrovci
SVN-202,SI-pomurska,SI-158,True,SI,Slovenia,Grad,Grad,Grad,Grad,,Commune|Municipality,2,46.7969,16.094,natural-earth,38.552,16.051661,46.762107,16.136411,46.833007,10,Q1019067,3344939,grad
SVN-950,SI-osrednjeslovenska,SI-032,True,SI,Slovenia,Grosuplje,Grosuplje,Municipalité de Grosuplje,Municipalidad del Grosuplje,,Commune|Municipality,2,45.9421,14.6714,natural-earth,135.457,14.591027,45.874771,14.751792,46.011145,10,Q13377778,3199522,grosuplje
SVN-227,SI-podravska,SI-159,True,SI,Slovenia,Hajdina,Hajdina,Hajdina,Municipalidade del Hajdina,,Commune|Municipality,2,46.4161,15.8358,natural-earth,20.707,15.800462,46.381872,15.871207,46.454788,10,Q995065,3344922,hajdina
SVN-229,SI-podravska,SI-160,True,SI,Slovenia,Hoce-Slivnica,Hoče-Slivnica,Hoče-Slivnica,Hoče-Slivnica,,Commune|Municipality,2,46.4943,15.6245,natural-earth,55.128,15.539445,46.459852,15.709512,46.516644,10,Q1008102,3344920,hoce-slivnica
SVN-201,SI-pomurska,SI-161,True,SI,Slovenia,Hodoš,Hodoš,Hodos,Municipalidad Hodoš,,Commune|Municipality,2,46.8202,16.3126,natural-earth,7.935,16.295884,46.797519,16.329783,46.847033,10,Q13365904,3344940,hodos
SVN-250,SI-osrednjeslovenska,SI-162,True,SI,Slovenia,Horjul,Horjul,Horjul,Horjul,,Commune|Municipality,2,46.0249,14.2917,natural-earth,32.067,14.238956,45.993937,14.344479,46.045562,10,Q1005185,3344897,horjul
SVN-951,SI-zasavska,SI-034,True,SI,Slovenia,Hrastnik,Hrastnik,Municipalité de Hrastnik,Municipalidad del Hrastnik,,Commune|Municipality,2,46.1289,15.1268,natural-earth,57.899,15.065055,46.085973,15.188458,46.183383,10,Q13377780,3199296,hrastnik
SVN-1026,SI-obalno-kraska,SI-035,True,SI,Slovenia,Hrpelje-Kozina,Hrpelje-Kozina,Hrpelje-Kozina,Municipalidad del Hrpelje-Kozina,,Commune|Municipality,2,45.5679,13.9929,natural-earth,201.016,13.867926,45.472998,14.118239,45.643778,10,Q556206,3239050,hrpelje-kozina
SVN-1012,SI-goriska,SI-036,True,SI,Slovenia,Idrija,Idrija,Idrija,Idrija,,Commune|Municipality,2,45.9922,13.9955,natural-earth,299.312,13.852261,45.87875,14.138703,46.087316,10,Q3441842,3199169,idrija
SVN-953,SI-osrednjeslovenska,SI-037,True,SI,Slovenia,Ig,Ig,Ig,Municipalidad del Ig,,Commune|Municipality,2,45.9398,14.5158,natural-earth,97.992,14.445144,45.867278,14.586531,45.99802,10,Q917397,3239069,ig
SVN-954,SI-notranjsko-kraska,SI-038,True,SI,Slovenia,Ilirska Bistrica,Ilirska Bistrica,Ilirska Bistrica,Municipio de Ilirska Bistrica,,Commune|Municipality,2,45.5678,14.2891,natural-earth,488.634,14.087182,45.472884,14.491502,45.6722,10,Q13377784,3199130,ilirska-bistrica
SVN-955,SI-osrednjeslovenska,SI-039,True,SI,Slovenia,Ivancna Gorica,Ivančna Gorica,Ivančna Gorica,Municipalidad del Ivančna Gorica,,Commune|Municipality,2,45.9017,14.8211,natural-earth,227.05,14.714844,45.796016,14.927286,46.008536,10,Q1008048,3239191,ivancna-gorica
SVN-1027,SI-obalno-kraska,SI-040,True,SI,Slovenia,Izola,Izola,Izola,Izola,,Commune|Municipality,2,45.5153,13.643,natural-earth,20.652,13.610929,45.48818,13.675141,45.544745,10,Q15877,3199016,izola
SVN-258,SI-gorenjska,SI-041,True,SI,Slovenia,Jesenice,Jesenice,Jesenice,Jesenice,,Commune|Municipality,2,46.4477,14.0702,natural-earth,60.191,13.992356,46.403576,14.147933,46.484709,10,Q15881,3198646,jesenice
SVN-237,SI-gorenjska,SI-163,True,SI,Slovenia,Jezersko,Jezersko,Jezersko,Municipalidad del Jezersko,,Commune|Municipality,2,46.3897,14.4871,natural-earth,55.003,14.405457,46.350504,14.568703,46.418884,10,Q1688771,3344894,jezersko
SVN-1042,SI-podravska,SI-042,True,SI,Slovenia,Juršinci,Juršinci,Juršinci,Juršinci,,Commune|Municipality,2,46.4841,15.9822,natural-earth,35.95,15.943503,46.446313,16.020966,46.524396,10,Q1003984,3239251,jursinci
SVN-206,SI-osrednjeslovenska,SI-043,True,SI,Slovenia,Kamnik,Kamnik,Kamnik,Municipalidad Kamnik,,Commune|Municipality,2,46.2285,14.733,natural-earth,269.718,14.53594,46.188499,14.930076,46.368798,10,Q3503153,3198364,kamnik
SVN-1028,SI-goriska,SI-044,True,SI,Slovenia,Kanal,Kanal ob Soči,Kanal,Kanal ob Soči,,Commune|Municipality,2,46.1084,13.6455,natural-earth,154.787,13.522585,46.00112,13.768907,46.175166,10,Q1012996,3239086,kanal
SVN-956,SI-podravska,SI-045,True,SI,Slovenia,Kidricevo,Kidričevo,Kidričevo,Municipalidad del Kidričevo,,Commune|Municipality,2,46.3982,15.7544,natural-earth,74.877,15.677369,46.354949,15.831468,46.434789,10,Q776770,3239227,kidricevo
SVN-1029,SI-goriska,SI-046,True,SI,Slovenia,Kobarid,Kobarid,Kobarid,Kobarid,,Commune|Municipality,2,46.2459,13.5507,natural-earth,230.12,13.365261,46.181317,13.736661,46.306728,10,Q688287,3239098,kobarid
SVN-1043,SI-pomurska,SI-047,True,SI,Slovenia,Kobilje,Kobilje,Kobilje,Kobilje,,Commune|Municipality,2,46.6809,16.3831,natural-earth,10.256,16.356242,46.663109,16.410502,46.696712,10,Q927718,3239280,kobilje
SVN-207,SI-jugovzhodna-slovenija,SI-048,True,SI,Slovenia,Kocevje,Kočevje,Kočevje,Kočevje,,Commune|Municipality,2,45.6418,14.9161,natural-earth,589.272,14.710968,45.473934,15.121279,45.771548,10,Q15884,3197942,kocevje
SVN-1030,SI-obalno-kraska,SI-049,True,SI,Slovenia,Komen,Komen,Komen,Komen,,Commune|Municipality,2,45.8225,13.7382,natural-earth,109.54,13.574172,45.770524,13.902542,45.865004,10,Q556210,3239078,komen
SVN-225,SI-osrednjeslovenska,SI-164,True,SI,Slovenia,Komenda,Komenda,Komenda,Komenda,,Commune|Municipality,2,46.2055,14.5417,natural-earth,25.812,14.500697,46.174184,14.582655,46.243198,10,Q963986,3344896,komenda
SVN-1031,SI-obalno-kraska,SI-050,True,SI,Slovenia,Koper,Koper,Koper,Municipio de Koper,,Commune|Municipality,2,45.5076,13.8237,natural-earth,311.682,13.65997,45.423637,13.987476,45.602169,10,Q556203,3197752,koper
SVN-245,SI-jugovzhodna-slovenija,SI-165,True,SI,Slovenia,Kostel,Kostel,municipalité de Kostel,Municipalidad del Kostel,,Commune|Municipality,2,45.4814,14.8204,natural-earth,114.281,14.663675,45.458983,14.977341,45.596985,10,Q3434092,3344908,kostel
SVN-957,SI-savinjska,SI-051,True,SI,Slovenia,Kozje,Kozje,Kozje,Kozje,,Commune|Municipality,2,46.0666,15.5721,natural-earth,90.864,15.476451,45.993989,15.667757,46.130363,10,Q1009421,3239243,kozje
SVN-1013,SI-gorenjska,SI-052,True,SI,Slovenia,Kranj,Kranj,Kranj,Kranj,,Commune|Municipality,2,46.2382,14.2919,natural-earth,147.59,14.166505,46.160335,14.417239,46.351641,10,Q1021,3197377,kranj
SVN-1014,SI-gorenjska,SI-053,True,SI,Slovenia,Kranjska Gora,Kranjska Gora,Kranjska Gora,Kranjska Gora,,Commune|Municipality,2,46.4482,13.8502,natural-earth,235.306,13.685853,46.381226,14.014922,46.519746,10,Q507051,3239105,kranjska-gora
SVN-266,SI-pomurska,SI-166,True,SI,Slovenia,Križevci,Križevci,Križevci,Municipalidad del Križevci,,Commune|Municipality,2,46.5723,16.1282,natural-earth,52.362,16.077758,46.525429,16.178734,46.623873,10,Q999563,3344932,krizevci
SVN-939,SI-savinjska,SI-054,True,SI,Slovenia,Krsko,Krsko,Krško,Krško,,Commune|Municipality,2,46.0073,15.5816,natural-earth,6.636,15.559443,45.993989,15.603678,46.022307,10,,,krsko
SVN-958,SI-spodnjeposavska,SI-054,True,SI,Slovenia,Krško,Krško,Krško,Municipalidad del Krško,,Statistical Region,2,45.9397,15.4671,natural-earth,343.294,15.350619,45.775691,15.58368,46.067679,10,Q3484655,3197146,krsko
SVN-959,SI-podravska,SI-055,True,SI,Slovenia,Kungota,Kungota,Kungota,Kungota,,Commune|Municipality,2,46.6527,15.5921,natural-earth,50.048,15.520308,46.594081,15.664347,46.678175,10,Q998566,3239213,kungota
SVN-197,SI-pomurska,SI-056,True,SI,Slovenia,Kuzma,Kuzma,Kuzma,Municipalidad del Kuzma,,Commune|Municipality,2,46.8461,16.0916,natural-earth,18.453,16.052936,46.816057,16.130246,46.862774,10,Q906636,3239272,kuzma
SVN-960,SI-savinjska,SI-057,True,SI,Slovenia,Laško,Laško,Laško,Laško,,Commune|Municipality,2,46.1404,15.248,natural-earth,203.449,15.113321,46.059049,15.38271,46.19824,10,Q15887,3196759,lasko
SVN-208,SI-podravska,SI-058,True,SI,Slovenia,Lenart,Lenart,Municipalité de Lenart,Municipalidad del Lenart,,Commune|Municipality,2,46.5575,15.8548,natural-earth,127.861,15.753747,46.49494,15.955905,46.648161,10,Q13365883,3196684,lenart
SVN-264,SI-pomurska,SI-059,True,SI,Slovenia,Lendava,Lendava,Lendava,Lendava,,Commune|Municipality,2,46.5693,16.4217,natural-earth,77.497,16.328647,46.501711,16.515302,46.636341,10,Q15890,3344935,lendava
SVN-961,SI-osrednjeslovenska,SI-060,True,SI,Slovenia,Litija,Litija,Litija,Litija,,Commune|Municipality,2,46.0752,14.9182,natural-earth,220.289,14.712363,45.96443,15.116111,46.136977,10,Q15891,3196424,litija
SVN-962,SI-osrednjeslovenska,SI-061,True,SI,Slovenia,Ljubljana,Ljubljana,municipalité de Ljubljana,Municipalidad de la Liubliana,,Statistical Region,2,46.0616,14.5799,natural-earth,275.744,14.408558,45.974093,14.751327,46.145556,10,Q3434113,3239318,ljubljana
SVN-963,SI-savinjska,SI-062,True,SI,Slovenia,Ljubno,Ljubno,Ljubno,Ljubno,,Commune|Municipality,2,46.3721,14.8415,natural-earth,77.342,14.780783,46.315545,14.902171,46.425125,10,Q773659,3239184,ljubno
SVN-265,SI-pomurska,SI-063,True,SI,Slovenia,Ljutomer,Ljutomer,Ljutomer,Ljutomer,,Commune|Municipality,2,46.5112,16.1653,natural-earth,107.616,16.020345,46.472926,16.310663,46.584134,10,Q15892,3196306,ljutomer
SVN-964,SI-osrednjeslovenska,SI-064,True,SI,Slovenia,Logatec,Logatec,Logatec,Logatec,,Commune|Municipality,2,45.9399,14.1998,natural-earth,173.23,14.100359,45.846117,14.299159,46.037914,10,Q15893,3196288,logatec
SVN-235,SI-podravska,SI-167,True,SI,Slovenia,Lovrenc na Pohorju,Lovrenc na Pohorju,Lovrenc na Pohorju,Lovrenc na Pohorju,,Commune|Municipality,2,46.5291,15.3869,natural-earth,93.284,15.31212,46.468843,15.461723,46.588733,10,Q25110,3344918,lovrenc-na-pohorju
SVN-209,SI-notranjsko-kraska,SI-065,True,SI,Slovenia,Loška dolina,Loška Dolina,Loška Dolina,Loška Dolina,,Commune|Municipality,2,45.6638,14.4776,natural-earth,157.781,14.386182,45.578924,14.569095,45.747854,10,Q999525,3239056,loska-dolina
SVN-965,SI-jugovzhodna-slovenija,SI-066,True,SI,Slovenia,Loški Potok,Loški Potok,Loški Potok,Loški Potok,,Commune|Municipality,2,45.6506,14.6363,natural-earth,153.805,14.53749,45.570187,14.735204,45.738268,10,Q999553,3239059,loski-potok
SVN-210,SI-savinjska,SI-067,True,SI,Slovenia,Luce,Luče,Luče,Municipalidad del Luce,,Commune|Municipality,2,46.3436,14.7245,natural-earth,104.597,14.639913,46.286426,14.80905,46.431895,10,Q669648,3239134,luce
SVN-966,SI-osrednjeslovenska,SI-068,True,SI,Slovenia,Lukovica,Lukovica,Lukovica,Lukovica,,Commune|Municipality,2,46.1827,14.7761,natural-earth,74.766,14.650455,46.143954,14.901706,46.208678,10,Q946766,3239188,lukovica
SVN-211,SI-podravska,SI-069,True,SI,Slovenia,Majšperk,Majšperk,Majšperk,Municipalidad del Majšperk,,Commune|Municipality,2,46.3148,15.7455,natural-earth,69.419,15.677679,46.262034,15.81333,46.367687,10,Q1002371,3239229,majsperk
SVN-256,SI-podravska,SI-070,True,SI,Slovenia,Maribor,Maribor,Maribor,Ciudad Maribor,,Commune|Municipality,2,46.556,15.6414,natural-earth,154.658,15.513939,46.504759,15.76925,46.64772,10,Q3435104,3195505,maribor
SVN-272,SI-podravska,SI-168,True,SI,Slovenia,Markovci,Markovci,Markovci,Municipalidad del Markovci,,Commune|Municipality,2,46.3928,15.9513,natural-earth,27.352,15.904074,46.361899,15.998435,46.420526,10,Q1008095,3344925,markovci
SVN-967,SI-osrednjeslovenska,SI-071,True,SI,Slovenia,Medvode,Medvode,Medvode,Medvode,,Commune|Municipality,2,46.1236,14.3971,natural-earth,78.959,14.325048,46.082872,14.469226,46.193253,10,Q15894,3239113,medvode
SVN-968,SI-osrednjeslovenska,SI-072,True,SI,Slovenia,Mengeš,Mengeš,Mengeš,Mengeš,,Commune|Municipality,2,46.1605,14.552,natural-earth,22.527,14.513926,46.132378,14.590097,46.198059,10,Q15895,3239114,menges
SVN-969,SI-jugovzhodna-slovenija,SI-073,True,SI,Slovenia,Metlika,Metlika,Metlika,Metlika,,Commune|Municipality,2,45.6501,15.2985,natural-earth,55.975,15.22365,45.571494,15.373769,45.713732,10,Q15896,3195213,metlika
SVN-970,SI-koroska,SI-074,True,SI,Slovenia,Mežica,Mežica,Mežica,Mežica,,Commune|Municipality,2,46.5281,14.8493,natural-earth,31.957,14.796663,46.49649,14.902636,46.553464,10,Q678147,3239177,mezica
SVN-228,SI-podravska,SI-169,True,SI,Slovenia,Miklavž na Dravskem polju,Miklavž na Dravskem Polju,Miklavž na Dravskem polju,Miklavž na Dravskem Polju,,Commune|Municipality,2,46.4853,15.7138,natural-earth,10.937,15.694474,46.460007,15.733076,46.512148,10,Q1005165,3344921,miklavz-na-dravskem-polju
SVN-1032,SI-goriska,SI-075,True,SI,Slovenia,Miren-Kostanjevica,Miren–Kostanjevica,Miren-Kostanjevica,Miren-Kostanjevica,,Commune|Municipality,2,45.8477,13.6373,natural-earth,68.659,13.565973,45.819028,13.709169,45.912327,10,Q658076,3239080,miren-kostanjevica
SVN-242,SI-jugovzhodna-slovenija,SI-170,True,SI,Slovenia,Mirna Pec,Mirna Peč,Mirna Peč,Mirna Peč,,Commune|Municipality,2,45.8487,15.0911,natural-earth,50.525,15.037305,45.806145,15.144843,45.894796,10,Q1016805,3344911,mirna-pec
SVN-971,SI-koroska,SI-076,True,SI,Slovenia,Mislinja,Mislinja,Mislinja,Mislinja,,Commune|Municipality,2,46.4442,15.2253,natural-earth,114.888,15.123604,46.388435,15.327003,46.510908,10,Q1917707,3239207,mislinja
SVN-972,SI-osrednjeslovenska,SI-077,True,SI,Slovenia,Moravce,Moravče,Moravče,Municipalidad del Moravče,,Commune|Municipality,2,46.1337,14.7576,natural-earth,65.513,14.674536,46.099047,14.840573,46.168371,10,Q1012761,3239132,moravce
SVN-1044,SI-pomurska,SI-078,True,SI,Slovenia,Moravske Toplice,Moravske Toplice,Moravske Toplice,Municipalidad del Moravske Toplice,,Commune|Municipality,2,46.7159,16.2705,natural-earth,132.561,16.175633,46.645138,16.365383,46.780039,10,Q3494723,3239279,moravske-toplice
SVN-973,SI-savinjska,SI-079,True,SI,Slovenia,Mozirje,Mozirje,Mozirje,Mozirje,,Commune|Municipality,2,46.3593,14.9377,natural-earth,82.66,14.866928,46.300998,15.008418,46.401302,10,Q670975,3194791,mozirje
SVN-1045,SI-pomurska,SI-080,True,SI,Slovenia,Murska Sobota,Murska Sobota,Murska Sobota,Ciudad Municipalidad Murska Sobota,,Statistical Region,2,46.6532,16.1719,natural-earth,61.93,16.103028,46.605889,16.240797,46.697563,10,Q9273677,3194647,murska-sobota
SVN-974,SI-koroska,SI-081,True,SI,Slovenia,Muta,Muta,Muta,Muta,,Commune|Municipality,2,46.6223,15.1348,natural-earth,27.635,15.085723,46.599792,15.183962,46.647795,10,Q6309297,3239179,muta
SVN-1015,SI-gorenjska,SI-082,True,SI,Slovenia,Naklo,Naklo,Naklo,Municipalidad del Naklo,,Commune|Municipality,2,46.2932,14.3004,natural-earth,26.216,14.266086,46.254748,14.33466,46.326139,10,Q1569014,3239104,naklo
SVN-975,SI-savinjska,SI-083,True,SI,Slovenia,Nazarje,Nazarje,Nazarje,Municipalidad del Nazarje,,Commune|Municipality,2,46.2864,14.9127,natural-earth,42.631,14.854835,46.240537,14.97059,46.325803,10,Q954987,3239294,nazarje
SVN-260,SI-goriska,SI-084,True,SI,Slovenia,Nova Goriška,Nova Gorica,Nova Gorica,Nova Gorica,,Statistical Region,2,45.8796,13.7337,natural-earth,306.462,13.600735,45.835497,13.865903,46.108969,10,Q1018,3194451,nova-goriska
SVN-212,SI-jugovzhodna-slovenija,SI-085,True,SI,Slovenia,Novo Mesto,Novo Mesto,Novo Mesto,Novo Mesto,,Commune|Municipality,2,45.7779,15.1945,natural-earth,319.324,15.058079,45.681915,15.331031,45.924355,10,Q398116,3194350,novo-mesto
SVN-1046,SI-pomurska,SI-086,True,SI,Slovenia,Odranci,Odranci,Odranci,Odranci,,Commune|Municipality,2,46.5874,16.28,natural-earth,6.338,16.259452,46.569147,16.300535,46.598448,10,Q966592,3239285,odranci
SVN-226,SI-podravska,SI-171,True,SI,Slovenia,Oplotnica,Oplotnica,Oplotnica,Oplotnica,,Commune|Municipality,2,46.381,15.456,natural-earth,31.277,15.409117,46.358153,15.502961,46.424608,10,Q1587261,3344915,oplotnica
SVN-1047,SI-pomurska,SI-087,True,SI,Slovenia,Ormož,Ormož,Ormož,Ormož,,Commune|Municipality,2,46.4411,16.1469,natural-earth,201.733,16.014093,46.367093,16.280277,46.511296,10,Q1944509,3193964,ormoz
SVN-976,SI-podravska,SI-089,True,SI,Slovenia,Pesnica,Pesnica,Pesnica,Pesnica,,Commune|Municipality,2,46.6254,15.7082,natural-earth,75.504,15.645743,46.568527,15.770645,46.676867,10,Q995048,3239215,pesnica
SVN-1033,SI-obalno-kraska,SI-090,True,SI,Slovenia,Piran,Piran,Piran,Piran,,Commune|Municipality,2,45.4801,13.6309,natural-earth,35.224,13.568614,45.45943,13.693201,45.539252,10,Q1382,3193340,piran
SVN-977,SI-notranjsko-kraska,SI-091,True,SI,Slovenia,Pivka,Pivka,Pivka,Municipalidad del Pivka,,Statistical Region,2,45.6834,14.2444,natural-earth,223.001,14.062532,45.622797,14.426231,45.754107,10,Q252154,3239054,pivka
SVN-255,SI-savinjska,SI-092,True,SI,Slovenia,Podcetrtek,Podčetrtek,Podčetrtek,Podčetrtek,,Commune|Municipality,2,46.048,15.6501,natural-earth,18.936,15.607554,46.02639,15.69288,46.076415,10,Q999540,3344912,podcetrtek
SVN-232,SI-podravska,SI-172,True,SI,Slovenia,Podlehnik,Podlehnik,Podlehnik,Municipalidad del Podlehnik,,Commune|Municipality,2,46.3116,15.8719,natural-earth,50.459,15.825112,46.259341,15.918903,46.35159,10,Q1002247,3344924,podlehnik
SVN-214,SI-koroska,SI-093,True,SI,Slovenia,Podvelka,Podvelka,Podvelka,Podvelka,,Commune|Municipality,2,46.6021,15.3569,natural-earth,93.273,15.270365,46.51065,15.443378,46.645578,10,Q1016800,3344916,podvelka
SVN-244,SI-savinjska,SI-173,True,SI,Slovenia,Polzela,Polzela,Polzela,Municipalidad del Polzela,,Commune|Municipality,2,46.3034,15.087,natural-earth,33.88,15.051257,46.255006,15.122829,46.351693,10,Q938443,3344906,polzela
SVN-978,SI-notranjsko-kraska,SI-094,True,SI,Slovenia,Postojna,Postojna,Municipalité de Postojna,Municipalidad del Postojina,,Commune|Municipality,2,45.7924,14.1802,natural-earth,276.069,14.037211,45.703619,14.323188,45.875495,10,Q2242799,3192672,postojna
SVN-243,SI-savinjska,SI-174,True,SI,Slovenia,Prebold,Prebold,Prebold,Prebold,,Commune|Municipality,2,46.2214,15.0943,natural-earth,39.809,15.045056,46.184365,15.143603,46.257668,10,Q1016698,3344907,prebold
SVN-215,SI-gorenjska,SI-095,True,SI,Slovenia,Preddvor,Preddvor,Preddvor,Preddvor,,Commune|Municipality,2,46.3286,14.46,natural-earth,86.608,14.366803,46.288906,14.553148,46.367093,10,Q539864,3239107,preddvor
SVN-233,SI-koroska,SI-175,True,SI,Slovenia,Prevalje,Prevalje,Prevalje,Prevalje,,Commune|Municipality,2,46.5675,14.8823,natural-earth,64.119,14.814519,46.504449,14.950695,46.605215,10,Q650009,3344902,prevalje
SVN-216,SI-podravska,SI-096,True,SI,Slovenia,Ptuj,Ptuj,Ptuj,Ptuj,,Commune|Municipality,2,46.4273,15.8673,natural-earth,71.495,15.781497,46.384017,15.953114,46.497317,10,Q15906,3192240,ptuj
SVN-929,SI-pomurska,SI-097,True,SI,Slovenia,Puconci,Puconci,Puconci,Puconci,,Commune|Municipality,2,46.7506,16.132,natural-earth,108.328,16.053367,46.689967,16.210566,46.829442,10,Q921092,3239268,puconci
SVN-979,SI-podravska,SI-098,True,SI,Slovenia,Race-Fram,Rače–Fram,Rače-Fram,Rače-Fram,,Commune|Municipality,2,46.4507,15.6401,natural-earth,48.698,15.545801,46.408615,15.734471,46.48321,10,Q731093,3239224,race-fram
SVN-980,SI-savinjska,SI-099,True,SI,Slovenia,Radece,Radeče,Radeče,Radeče,,Commune|Municipality,2,46.0658,15.1559,natural-earth,50.537,15.071463,46.02949,15.24029,46.093518,10,Q15908,3239189,radece
SVN-930,SI-pomurska,SI-100,True,SI,Slovenia,Radenci,Radenci,Radenci,Radenci,,Commune|Municipality,2,46.6266,16.0594,natural-earth,38.544,16.006806,46.587286,16.112019,46.662733,10,Q338743,3239262,radenci
SVN-981,SI-koroska,SI-101,True,SI,Slovenia,Radlje ob Dravi,Radlje ob Dravi,Radlje ob Dravi,Municipalidad de Radjle del Dravi,,Commune|Municipality,2,46.6029,15.2526,natural-earth,80.378,15.172557,46.529202,15.332784,46.64358,10,Q1005364,3192120,radlje-ob-dravi
SVN-1016,SI-gorenjska,SI-102,True,SI,Slovenia,Radovljica,Radovljica,Radovljica,Radovljica,,Statistical Region,2,46.3361,14.1929,natural-earth,118.78,14.111108,46.273197,14.274612,46.425254,10,Q15910,3192062,radovljica
SVN-217,SI-koroska,SI-103,True,SI,Slovenia,Ravne na Koroškem,Ravne na Koroškem,Ravne na Koroškem,Ravne na Koroškem,,Commune|Municipality,2,46.5451,14.9541,natural-earth,61.112,14.894063,46.489462,15.014205,46.615017,10,Q15911,3239175,ravne-na-koroskem
SVN-269,SI-pomurska,SI-176,True,SI,Slovenia,Razkrižje,Razkrižje,Municipalité de Razkrižje,Municipalidad del Razkrižje,,Commune|Municipality,2,46.5269,16.2803,natural-earth,2.967,16.259607,46.513576,16.301527,46.533878,10,Q3435117,3344941,razkrizje
SVN-218,SI-jugovzhodna-slovenija,SI-104,True,SI,Slovenia,Ribnica,Ribnica,Ribnica,Ribnica,,Commune|Municipality,2,45.7413,14.7047,natural-earth,157.821,14.586996,45.63954,14.822382,45.817979,10,Q15912,3191679,ribnica
SVN-257,SI-koroska,SI-177,True,SI,Slovenia,Ribnica na Pohorju,Ribnica na Pohorju,Ribnica na Pohorju,Municipalidad Ribnica na Pohorju,,Commune|Municipality,2,46.5309,15.2558,natural-earth,60.993,15.188768,46.49246,15.322817,46.572584,10,Q1009413,3344917,ribnica-na-pohorju
SVN-983,SI-savinjska,SI-107,True,SI,Slovenia,Rogatec,Rogatec,Rogatec,Municipalidad del Rogatec,,Commune|Municipality,2,46.2383,15.7385,natural-earth,35.35,15.677975,46.210772,15.799526,46.266065,10,Q1027245,3239237,rogatec
SVN-982,SI-savinjska,SI-106,True,SI,Slovenia,Rogaška Slatina,Rogaška Slatina,Rogaska Slatina,Rogaška Slatina,,Commune|Municipality,2,46.2433,15.6536,natural-earth,66.638,15.5658,46.19521,15.741344,46.284049,10,Q3502521,3239234,rogaska-slatina
SVN-931,SI-pomurska,SI-105,True,SI,Slovenia,Rogašovci,Rogašovci,Rogašovci,Rogašovci,,Commune|Municipality,2,46.799,16.017,natural-earth,46.705,15.970985,46.755958,16.063599,46.84606,10,Q599480,3239270,rogasovci
SVN-219,SI-podravska,SI-108,True,SI,Slovenia,Ruše,Ruše,Municipalité de Ruše,Ruše,,Commune|Municipality,2,46.5156,15.486,natural-earth,52.583,15.408186,46.477706,15.563784,46.562119,10,Q3346841,3239211,ruse
SVN-234,SI-podravska,SI-178,True,SI,Slovenia,Selnica ob Dravi,Selnica ob Dravi,Selnica ob Dravi,Selnica ob Dravi,,Commune|Municipality,2,46.5799,15.4976,natural-earth,61.026,15.434852,46.534498,15.560374,46.632545,10,Q919934,3344919,selnica-ob-dravi
SVN-984,SI-jugovzhodna-slovenija,SI-109,True,SI,Slovenia,Semic,Semič,Municipalité de Semič,Municipalidad Semič,,Commune|Municipality,2,45.6477,15.161,natural-earth,151.37,15.037615,45.594504,15.284318,45.70274,10,Q1587704,3239195,semic
SVN-988,SI-spodnjeposavska,SI-110,True,SI,Slovenia,Sevnica,Sevnica,Municipalité de Sevnica,Municipalidad del Sevnica,,Commune|Municipality,2,46.0132,15.2616,natural-earth,278.404,15.093322,45.924355,15.429891,46.083699,10,Q11214302,3190949,sevnica
SVN-1034,SI-obalno-kraska,SI-111,True,SI,Slovenia,Sežana,Sežana,Municipalité de Sežana,Municipalidad del Sežana,,Commune|Municipality,2,45.7319,13.8449,natural-earth,229.619,13.699908,45.633758,13.989875,45.810227,10,Q554854,3190944,sezana
SVN-991,SI-koroska,SI-112,True,SI,Slovenia,Slovenj Gradec,Slovenj Gradec,Slovenj Gradec,Slovenj Gradec,,Statistical Region,2,46.4914,15.076,natural-earth,174.069,14.956328,46.421999,15.195745,46.570026,10,Q3441817,3190535,slovenj-gradec
SVN-221,SI-podravska,SI-113,True,SI,Slovenia,Slovenska Bistrica,Slovenska Bistrica,Slovenska Bistrica,Slovenska Bistrica,,Commune|Municipality,2,46.4241,15.5283,natural-earth,346.169,15.335064,46.273662,15.721449,46.499281,10,Q15917,3190533,slovenska-bistrica
SVN-992,SI-savinjska,SI-114,True,SI,Slovenia,Slovenske Konjice,Slovenske Konjice,Slovenske Konjice,Slovenske Konjice,,Commune|Municipality,2,46.3232,15.4612,natural-earth,104.064,15.364417,46.276633,15.557893,46.371253,10,Q15919,3190529,slovenske-konjice
SVN-248,SI-jugovzhodna-slovenija,SI-179,True,SI,Slovenia,Sodražica,Sodražica,Sodražica,Municipalidad del Sodražica,,Commune|Municipality,2,45.7548,14.6157,natural-earth,51.708,14.553303,45.707495,14.678102,45.793433,10,Q1008079,3344900,sodrazica
SVN-251,SI-savinjska,SI-180,True,SI,Slovenia,Solcava,Solčava,Solčava,Solcava,,Commune|Municipality,2,46.4114,14.6582,natural-earth,111.49,14.562108,46.361408,14.754583,46.460524,10,Q1313614,3344895,solcava
SVN-996,SI-podravska,SI-115,True,SI,Slovenia,Starše,Starše,Starše,Starše,,Statistical Region,2,46.4544,15.7678,natural-earth,34.051,15.716953,46.428329,15.818601,46.503234,10,Q1016826,3239226,starse
SVN-200,SI-podravska,SI-181,True,SI,Slovenia,Sveta Ana,Sveta Ana,Sveta Ana,Sveta Ana,,Commune|Municipality,2,46.6459,15.8405,natural-earth,39.581,15.792504,46.607336,15.888571,46.69976,10,Q990063,3344931,sveta-ana
SVN-268,SI-podravska,SI-182,True,SI,Slovenia,Sveti Andraž v Slovenskih Goricah,Sveti Andraž v Slovenskih Goricah,Sveti Andraž v Slovenskih goricah,Sveti Andraž v Slovenskih Goricah,,Commune|Municipality,2,46.5244,15.9658,natural-earth,17.505,15.924124,46.487163,16.007426,46.546668,10,Q925149,3344928,sveti-andraz-v-slovenskih-goricah
SVN-1048,SI-pomurska,SI-116,True,SI,Slovenia,Sveti Jurij,Sveti Jurij ob Ščavnici,Sveti Jurij,Sveti Jurij,,Commune|Municipality,2,46.5629,16.0294,natural-earth,52.772,15.968514,46.511296,16.090315,46.606251,10,Q920353,3239259,sveti-jurij
SVN-240,SI-savinjska,SI-184,True,SI,Slovenia,Tabor,Tabor,Tabor,Tabor,,Commune|Municipality,2,46.2258,15.0116,natural-earth,32.13,14.970745,46.191212,15.052498,46.257978,10,Q2672913,3344904,tabor
SVN-1018,SI-goriska,SI-128,True,SI,Slovenia,Tolmin,Tolmin,Tolmin,Tolmin,,Commune|Municipality,2,46.1456,13.8136,natural-earth,388.659,13.621991,46.006985,14.00512,46.286116,10,Q15924,3189037,tolmin
SVN-952,SI-zasavska,SI-129,True,SI,Slovenia,Trbovlje,Trbovlje,Trbovlje,Trbovlje,,Statistical Region,2,46.078,15.041,natural-earth,89.433,14.985938,46.053468,15.113321,46.198989,10,Q15925,3188914,trbovlje
SVN-999,SI-jugovzhodna-slovenija,SI-130,True,SI,Slovenia,Trebnje,Trebnje,Municipalité de Trebnje,Municipalidad del Trebnje,,Commune|Municipality,2,45.9382,15.0537,natural-earth,319.749,14.868788,45.837978,15.238584,46.006908,10,Q13378243,3188885,trebnje
SVN-230,SI-podravska,SI-185,True,SI,Slovenia,Trnovska vas,Trnovska Vas,Trnovska vas,Trnovska vas,,Commune|Municipality,2,46.523,15.8943,natural-earth,22.934,15.854464,46.499849,15.934201,46.54641,10,Q999559,3344927,trnovska-vas
SVN-236,SI-osrednjeslovenska,SI-186,True,SI,Slovenia,Trzin,Trzin,Trzin,Trzin,,Commune|Municipality,2,46.1259,14.5552,natural-earth,10.351,14.520592,46.10778,14.589787,46.147674,10,Q14468504,3344901,trzin
SVN-1019,SI-gorenjska,SI-131,True,SI,Slovenia,Tržič,Tržič,Tržič,Tržič,,Commune|Municipality,2,46.3883,14.3377,natural-earth,143.294,14.23818,46.318982,14.437145,46.440991,10,Q15927,3188687,trzic
SVN-1049,SI-pomurska,SI-132,True,SI,Slovenia,Turnišče,Turnišče,Turnišče,Turnišče,,Commune|Municipality,2,46.6089,16.3308,natural-earth,22.505,16.283172,46.583824,16.378463,46.647851,10,Q201074,3239283,turnisce
SVN-1001,SI-savinjska,SI-133,True,SI,Slovenia,Velenje,Velenje,Velenje,Velenje,,Commune|Municipality,2,46.3749,15.1364,natural-earth,87.052,15.066605,46.316966,15.206287,46.434169,10,Q3441849,3189074,velenje
SVN-270,SI-pomurska,SI-187,True,SI,Slovenia,Velika Polana,Velika Polana,Velika Polana,Municipalidad de Vekila Polana,,Commune|Municipality,2,46.5796,16.363,natural-earth,17.026,16.328492,46.556487,16.397532,46.600567,10,Q995101,3344934,velika-polana
SVN-1000,SI-osrednjeslovenska,SI-134,True,SI,Slovenia,Velike Lašče,Velike Lašče,Velike Lašče,Velike Lašče,,Commune|Municipality,2,45.8446,14.5889,natural-earth,107.383,14.490155,45.790074,14.687714,45.908878,10,Q13378281,3239062,velike-lasce
SVN-267,SI-pomurska,SI-188,True,SI,Slovenia,Veržej,Veržej,Veržej,Veržej,,Commune|Municipality,2,46.5804,16.1766,natural-earth,18.161,16.136411,46.560052,16.216768,46.605889,10,Q1008086,3344933,verzej
SVN-222,SI-podravska,SI-135,True,SI,Slovenia,Videm,Videm,Videm,Videm,,Commune|Municipality,2,46.3704,15.8973,natural-earth,89.974,15.801082,46.272827,15.993668,46.396858,10,Q1002863,3239231,videm
SVN-1035,SI-goriska,SI-136,True,SI,Slovenia,Vipava,Vipava,Municipalité de Vipava,Municipalidad del Vipava,,Commune|Municipality,2,45.8271,13.9723,natural-earth,108.73,13.885902,45.761006,14.058656,45.877717,10,Q1002229,3239075,vipava
SVN-1002,SI-savinjska,SI-137,True,SI,Slovenia,Vitanje,Vitanje,Vitanje,Vitanje,,Commune|Municipality,2,46.4073,15.2954,natural-earth,62.232,15.232487,46.365026,15.35837,46.451248,10,Q1809612,3239204,vitanje
SVN-1003,SI-osrednjeslovenska,SI-138,True,SI,Slovenia,Vodice,Vodice,Vodice,Vodice,,Commune|Municipality,2,46.1726,14.4982,natural-earth,30.927,14.458684,46.138786,14.5378,46.206146,10,Q2068600,3239112,vodice
SVN-223,SI-savinjska,SI-139,True,SI,Slovenia,Vojnik,Vojnik,Municipalité deVojnik,Municipalidad del Vojnik,,Commune|Municipality,2,46.3188,15.31,natural-earth,75.754,15.240135,46.260536,15.379919,46.365206,10,Q2134561,3239202,vojnik
SVN-241,SI-savinjska,SI-189,True,SI,Slovenia,Vransko,Vransko,Vransko,Vransko,,Commune|Municipality,2,46.2348,14.9474,natural-earth,55.546,14.884911,46.191858,15.009968,46.283842,10,Q510040,3344903,vransko
SVN-1004,SI-osrednjeslovenska,SI-140,True,SI,Slovenia,Vrhnika,Vrhnika,Municipalité de Vrhnika,Municipalidad del Vrhnika,,Commune|Municipality,2,45.9491,14.2947,natural-earth,128.272,14.19038,45.867485,14.399101,46.032229,10,Q9014817,3187213,vrhnika
SVN-1005,SI-koroska,SI-141,True,SI,Slovenia,Vuzenica,Vuzenica,Vuzenica,Vuzenica,,Commune|Municipality,2,46.5669,15.1575,natural-earth,50.536,15.103399,46.517213,15.211558,46.619454,10,Q370390,3239180,vuzenica
SVN-1006,SI-zasavska,SI-05,True,SI,Slovenia,Zasavska,Zagorje ob Savi,Zagorje ob Savi,Zasavska,,Statistical Region,2,46.1454,14.924,natural-earth,120.39,14.816801,46.092872,15.031259,46.210539,10,Q13378328,3186905,zasavska
SVN-1050,SI-podravska,SI-143,True,SI,Slovenia,Zavrc,Zavrč,Zavrč,Zavrč,,Commune|Municipality,2,46.3824,16.0599,natural-earth,12.463,16.031353,46.316735,16.088654,46.388073,10,Q167001,3239247,zavrc
SVN-1007,SI-savinjska,SI-144,True,SI,Slovenia,Zrece,Zreče,Zreče,Municipalidad del Zreče,,Commune|Municipality,2,46.3914,15.3705,natural-earth,66.619,15.315686,46.333968,15.42524,46.482176,10,Q227163,3239205,zrece
SVN-263,SI-pomurska,SI-015,True,SI,Slovenia,Črenšovci,Črenšovci,Črenšovci,Municipalidad del Črenšovci,,Commune|Municipality,2,46.5592,16.2936,natural-earth,29.683,16.247515,46.530985,16.340276,46.597337,10,Q341658,3239286,crensovci
SVN-944,SI-koroska,SI-016,True,SI,Slovenia,Črna na Koroškem,Črna na Koroškem,Črna na Koroškem,Črna na Koroškem,,Commune|Municipality,2,46.4704,14.819,natural-earth,157.934,14.672546,46.421456,14.96563,46.519401,10,Q279072,3239181,crna-na-koroskem
SVN-196,SI-pomurska,SI-033,True,SI,Slovenia,Šalovci,Šalovci,Šalovci,Šalovci,,Commune|Municipality,2,46.8451,16.2448,natural-earth,42.339,16.179486,46.777093,16.311097,46.863962,10,Q241462,3344943,salovci
SVN-261,SI-goriska,SI-183,True,SI,Slovenia,Šempeter-Vrtojba,Šempeter–Vrtojba,Šempeter-Vrtojba,Šempeter-Vrtojba,,Commune|Municipality,2,45.9187,13.6431,natural-earth,21.552,13.599306,45.897199,13.68731,45.945912,10,Q391428,3344898,sempeter-vrtojba
SVN-986,SI-podravska,SI-118,True,SI,Slovenia,Šentilj,Šentilj,Šentilj,Šentilj,,Commune|Municipality,2,46.6904,15.713,natural-earth,73.71,15.621745,46.63426,15.804338,46.717563,10,Q391446,3239214,sentilj
SVN-987,SI-jugovzhodna-slovenija,SI-119,True,SI,Slovenia,Šentjernej,Šentjernej,Šentjernej,Municipalidad del Šentjernej,,Commune|Municipality,2,45.8143,15.3503,natural-earth,103.888,15.271296,45.752486,15.429755,45.883737,10,Q1016812,3239197,sentjernej
SVN-220,SI-savinjska,SI-120,True,SI,Slovenia,Šentjur pri Celju,Šentjur,Municipalité de Šentjur,Šentjur,,Commune|Municipality,2,46.1784,15.4424,natural-earth,227.907,15.339405,46.063313,15.545491,46.311334,10,Q13378384,3191028,sentjur-pri-celju
SVN-985,SI-gorenjska,SI-117,True,SI,Slovenia,Šenčur,Šenčur,Šenčur,Municipalidad del Šenčur,,Commune|Municipality,2,46.2408,14.4252,natural-earth,43.439,14.383081,46.191754,14.467365,46.291645,10,Q2346638,3239111,sencur
SVN-989,SI-jugovzhodna-slovenija,SI-121,True,SI,Slovenia,Škocjan,Škocjan,Škocjan,Škocjan,,Commune|Municipality,2,45.9221,15.3006,natural-earth,57.813,15.238119,45.864462,15.363021,45.957143,10,Q391800,3239199,skocjan
SVN-1017,SI-gorenjska,SI-122,True,SI,Slovenia,Škofja Loka,Škofja Loka,Škofja Loka,Škofja Loka,,Commune|Municipality,2,46.1576,14.2779,natural-earth,147.038,14.161958,46.088143,14.39383,46.242966,10,Q2318898,3190716,skofja-loka
SVN-990,SI-osrednjeslovenska,SI-123,True,SI,Slovenia,Škofljica,Škofljica,Škofljica,Škofljica,,Commune|Municipality,2,45.9583,14.5747,natural-earth,45.263,14.533304,45.894951,14.616193,46.018845,10,Q392103,3239066,skofljica
SVN-993,SI-savinjska,SI-124,True,SI,Slovenia,Šmarje pri Jelšah,Šmarje pri Jelšah,Šmarje pri Jelšah,Municipalidad del Šmarje pri Jelšah,,Commune|Municipality,2,46.2188,15.5302,natural-earth,110.408,15.447099,46.155168,15.61329,46.277744,10,Q392173,3190509,smarje-pri-jelsah
SVN-5885,SI-osrednjeslovenska,SI-194,True,SI,Slovenia,Šmartno in Litiji,Šmartno pri Litiji,Šmartno pri Litiji,Šmartno pri Litiji,,Commune|Municipality,2,46.0231,14.8692,natural-earth,107.098,14.731329,45.962983,14.954467,46.072995,10,Q392192,3344942,smartno-in-litiji
SVN-994,SI-savinjska,SI-125,True,SI,Slovenia,Šmartno ob Paki,Šmartno ob Paki,Šmartno ob Paki,Municipalidad Šmartno ob Paki,,Commune|Municipality,2,46.3421,15.0326,natural-earth,17.939,14.998651,46.307251,15.066605,46.377221,10,Q392188,3239187,smartno-ob-paki
SVN-995,SI-savinjska,SI-126,True,SI,Slovenia,Šoštanj,Šoštanj,Šoštanj,Šoštanj,,Commune|Municipality,2,46.4223,14.9905,natural-earth,94.461,14.891732,46.351693,15.089291,46.459852,10,Q15923,3239185,sostanj
SVN-997,SI-savinjska,SI-127,True,SI,Slovenia,Štore,Štore,Štore,Štore,,Commune|Municipality,2,46.1996,15.3276,natural-earth,27.278,15.288711,46.165451,15.366432,46.229659,10,Q392468,3239200,store
SVN-224,SI-savinjska,SI-190,True,SI,Slovenia,Žalec,Žalec,Žalec,Žalec,,Statistical Region,2,46.2587,15.1651,natural-earth,120.616,15.104019,46.183383,15.22613,46.336087,10,Q15931,3186843,zalec
SVN-1020,SI-gorenjska,SI-146,True,SI,Slovenia,Železniki,Železniki,Železniki,Železniki,,Commune|Municipality,2,46.2279,14.1184,natural-earth,166.698,13.98817,46.158061,14.248567,46.283842,10,Q15932,3239093,zelezniki
SVN-231,SI-podravska,SI-191,True,SI,Slovenia,Žetale,Žetale,Žetale,Minicipalidad del Žetale,,Commune|Municipality,2,46.2837,15.8193,natural-earth,43.724,15.757933,46.248607,15.880895,46.320584,10,Q393910,3344923,zetale
SVN-1021,SI-gorenjska,SI-147,True,SI,Slovenia,Žiri,Žiri,Žiri,Žiri,,Commune|Municipality,2,46.0459,14.1084,natural-earth,53.618,14.030079,46.005771,14.186814,46.085094,10,Q394087,3239087,ziri
SVN-259,SI-gorenjska,SI-192,True,SI,Slovenia,Žirovnica,Žirovnica,Žirovnica,Žirovnica,,Commune|Municipality,2,46.4111,14.1816,natural-earth,42.132,14.120875,46.372157,14.242323,46.440425,10,Q394103,3344893,zirovnica
SVN-238,SI-jugovzhodna-slovenija,SI-193,True,SI,Slovenia,Žužemberk,Žužemberk,Žužemberk,Žužemberk,,Commune|Municipality,2,45.8184,14.9443,natural-earth,172.564,14.802539,45.743927,15.086036,45.870585,10,Q394340,3344909,zuzemberk
UGA-3126,UG-northern,UG-317,True,UG,Uganda,Abim,Abim,Abim,Abim,,County,2,2.70787,33.7723,natural-earth,2224.622,33.524703,2.45644,34.01997,3.195722,9,Q1375780,7056273,abim
UGA-3079,UG-northern,UG-301,True,UG,Uganda,Adjumani,Adjumani,Adjumani,Adjumani,,District,2,3.21788,31.7282,natural-earth,3084.238,31.402249,2.868637,32.054226,3.58642,7,Q1229734,443782,adjumani
UGA-5608,UG-northern,UG-322,True,UG,Uganda,Agago,Agago,Agago,Agago,,District,2,2.89176,33.3941,natural-earth,3112.075,33.056017,2.588602,33.603872,3.299489,9,Q3536053,8030566,agago
UGA-5606,UG-northern,UG-323,True,UG,Uganda,Alebtong,Alebtong,Alebtong,Alebtong,,District,2,2.27138,33.2107,natural-earth,1804.23,32.889384,2.019309,33.548475,2.459291,9,Q3536082,8030568,alebtong
UGA-3070,UG-northern,UG-314,True,UG,Uganda,Amolatar,Amolatar,Amolatar,Amolatar,,County,2,1.57677,32.6461,natural-earth,1642.469,32.302866,1.462719,32.989336,1.808159,9,Q1318822,7056275,amolatar
UGA-5616,UG-northern,UG-324,True,UG,Uganda,Amudat,Amudat,Amudat,Amudat,,District,2,1.67258,34.883,natural-earth,1537.439,34.637275,1.371789,35.006473,2.210719,9,Q3536116,8030560,amudat
UGA-3124,UG-eastern,UG-216,True,UG,Uganda,Amuria,Amuria,Amuria,Amuria,,District,2,2.141,33.6359,natural-earth,2647.503,33.36461,1.70832,33.907109,2.412876,9,Q1375762,7056276,amuria
UGA-5601,UG-northern,UG-319,True,UG,Uganda,Amuru,Amuru,Amuru,Amuru,,District,2,2.9511,32.0347,natural-earth,3762.549,31.367626,2.617308,32.357445,3.559572,9,Q1375771,7056278,amuru
UGA-5604,UG-northern,UG-302,True,UG,Uganda,Apac,Apac,Apac,Apac,,District,2,1.89554,32.5241,natural-earth,3320.204,32.101534,1.647807,33.02472,2.180344,9,Q1229750,443327,apac
UGA-3080,UG-northern,UG-303,True,UG,Uganda,Arua,Arua,Arua,Arua,,County,2,2.7887,31.1339,natural-earth,4252.083,30.743839,2.588893,31.512423,3.348065,9,Q1229758,443328,arua
UGA-5594,UG-eastern,UG-217,True,UG,Uganda,Budaka,Budaka,Budaka,Budaka,,County,2,1.09635,33.9867,natural-earth,519.921,33.84365,0.927231,34.129834,1.170787,9,Q1362085,7056279,budaka
UGA-5626,UG-eastern,UG-223,True,UG,Uganda,Bududa,Bududa,Bududa,Bududa,,District,2,1.03321,34.3979,natural-earth,204.09,34.263573,0.986375,34.507485,1.105514,9,Q1365449,7056280,bududa
UGA-3117,UG-eastern,UG-201,True,UG,Uganda,Bugiri,Bugiri,Bugiri,Bugiri,,District,2,0.536737,33.7627,natural-earth,1028.693,33.596978,0.321686,33.957132,0.732927,9,Q1229798,443783,bugiri
UGA-5624,UG-western,UG-325,True,UG,Uganda,Buhweju,Buhweju,Buhweju,Buhweju,,District,2,-0.351995,30.3282,natural-earth,839.113,30.137809,-0.49201,30.503596,-0.211648,9,Q3537661,8030585,buhweju
UGA-5597,UG-central,UG-117,True,UG,Uganda,Buikwe,Buikwe,Buikwe,Buikwe,,District,2,0.187461,33.0039,natural-earth,2589.416,32.605022,-0.462103,33.272855,0.586999,9,Q3321631,8030577,buikwe
UGA-5591,UG-eastern,UG-224,True,UG,Uganda,Bukedea,Bukedea,Bukedea,Bukedea,,District,2,1.34244,34.1286,natural-earth,983.519,33.926643,1.163185,34.268121,1.555719,7,Q1375812,234411,bukedea
UGA-5619,UG-central,UG-118,True,UG,Uganda,Bukomansimbi,Bukomansimbi,Bukomansimbi,Bukomansimbi,,District,2,-0.114634,31.6487,natural-earth,520.326,31.550354,-0.262178,31.755246,0.049351,7,Q3321599,8030579,bukomansimbi
UGA-3113,UG-eastern,UG-218,True,UG,Uganda,Bukwa,Bukwo,Bukwa,Bukwo,,County,2,1.26283,34.6781,natural-earth,428.381,34.546036,1.093149,34.810516,1.419449,9,Q1375868,7056296,bukwa
UGA-5613,UG-eastern,UG-225,True,UG,Uganda,Bulambuli,Bulambuli,Bulambuli,Bulambuli,,County,2,1.29497,34.2883,natural-earth,675.079,34.21417,1.162255,34.524436,1.562799,9,Q1114868,8030573,bulambuli
UGA-3082,UG-western,UG-419,True,UG,Uganda,Buliisa,Buliisa,Buliisa,Buliisa,,County,2,1.95839,31.4315,natural-earth,2011.423,31.075539,1.724258,31.645203,2.277794,9,Q1229793,7056281,buliisa
UGA-3104,UG-western,UG-401,True,UG,Uganda,Bundibugyo,Bundibugyo,Bundibugyo,Bundibugyo,,District,2,0.738092,30.0508,natural-earth,1158.96,29.903909,0.405764,30.252035,0.954602,9,Q1362129,443329,bundibugyo
UGA-3366,UG-western,UG-402,True,UG,Uganda,Bushenyi,Bushenyi,Bushenyi,Bushenyi,,District,2,-0.471119,30.1245,natural-earth,814.682,29.914101,-0.633299,30.326195,-0.35072,9,Q1229797,443330,bushenyi
UGA-3118,UG-eastern,UG-202,True,UG,Uganda,Busia,Busia,Busia,Busia,,District,2,0.412014,34.0041,natural-earth,731.327,33.877033,0.198677,34.131588,0.576864,9,Q1229800,443784,busia
UGA-3119,UG-eastern,UG-219,True,UG,Uganda,Butaleja,Butaleja,Butaleja,Butaleja,,County,2,0.881707,33.9295,natural-earth,639.776,33.742881,0.684558,34.116088,1.034046,9,Q1375755,7056282,butaleja
UGA-5599,UG-central,UG-119,True,UG,Uganda,Butambala,Butambala,Butambala,Butambala,,District,2,0.135674,32.0026,natural-earth,466.984,31.793479,-0.007351,32.26759,0.267244,7,Q3321622,7910136,butambala
UGA-5598,UG-central,UG-120,True,UG,Uganda,Buvuma,Buvuma,Buvuma,Buvuma,,District,2,0.096833,33.2585,natural-earth,7693.715,32.847225,-1.002573,33.426415,0.350246,9,Q3321608,8030576,buvuma
UGA-5593,UG-eastern,UG-226,True,UG,Uganda,Buyende,Buyende,Buyende,Buyende,,District,2,1.24749,33.1662,natural-earth,2031.509,32.811362,0.943715,33.442538,1.475207,7,Q1114938,8030571,buyende
UGA-3100,UG-northern,UG-318,True,UG,Uganda,Dokolo,Dokolo,Dokolo,Dokolo,,County,2,1.88125,33.0778,natural-earth,1165.654,32.864279,1.700103,33.291229,2.111499,9,Q1318872,7056283,dokolo
UGA-5600,UG-central,UG-121,True,UG,Uganda,Gomba,Gomba,Gomba,Gomba,,District,2,0.196093,31.6617,natural-earth,1544.652,31.33476,0.04315,32.141281,0.337551,7,Q3321637,8030578,gomba
UGA-3098,UG-northern,UG-304,True,UG,Uganda,Gulu,Gulu,Gulu,Gulu,,County,2,2.87081,32.463,natural-earth,3352.772,32.162327,2.468661,32.7324,3.286692,9,Q1028215,443331,gulu
UGA-3105,UG-western,UG-403,True,UG,Uganda,Hoima,Hoima,Hoima,Hoima,,District,2,1.47115,31.0319,natural-earth,5805.501,30.548141,1.042551,31.513767,1.840649,9,Q1186535,443332,hoima
UGA-3369,UG-western,UG-416,True,UG,Uganda,Ibanda,Ibanda,Ibanda,Ibanda,,County,2,-0.075077,30.4693,natural-earth,1161.51,30.249658,-0.290266,30.734365,0.163417,9,Q1318877,7056284,ibanda
UGA-3068,UG-eastern,UG-203,True,UG,Uganda,Iganga,Iganga,Iganga,Iganga,,District,2,0.699847,33.5689,natural-earth,691.269,33.420425,0.442247,33.668571,0.880928,7,Q1229869,443334,iganga
UGA-3370,UG-western,UG-417,True,UG,Uganda,Isingiro,Isingiro,Isingiro,Isingiro,,County,2,-0.848191,30.8706,natural-earth,2765.059,30.460829,-1.07337,31.280493,-0.604562,9,Q1318887,7056285,isingiro
UGA-3064,UG-eastern,UG-204,True,UG,Uganda,Jinja,Jinja,Jinja,Jinja,,District,2,0.492867,33.3074,natural-earth,1412.052,33.04897,0.302617,33.565734,0.68492,9,Q983748,443335,jinja
UGA-3125,UG-northern,UG-315,True,UG,Uganda,Kaabong,Kaabong,Kaabong,Kaabong,,District,2,3.70606,34.0364,natural-earth,7180.178,33.527716,3.076169,34.545556,4.219692,9,Q1229881,7056286,kaabong
UGA-3375,UG-western,UG-404,True,UG,Uganda,Kabale,Kabale,Kabale,Kabale,,District,2,-1.23122,30.0088,natural-earth,1658.831,29.727416,-1.475206,30.29095,-1.025002,7,Q3526470,443336,kabale
UGA-3106,UG-western,UG-405,True,UG,Uganda,Kabarole,Kabarole,Kabarole,Kabarole,,District,2,0.596926,30.2731,natural-earth,2288.63,29.832628,0.227635,30.54535,0.985935,9,Q1229910,443337,kabarole
UGA-3066,UG-eastern,UG-213,True,UG,Uganda,Kaberamaido,Kaberamaido,Kaberamaido,Kaberamaido,,District,2,1.66885,33.2,natural-earth,1836.959,32.943344,1.368871,33.456594,2.039462,7,Q1229906,448215,kaberamaido
UGA-2631,UG-central,UG-101,True,UG,Uganda,Kalangala,Kalangala,Kalangala,Kalangala,,District,2,-0.355954,32.2457,natural-earth,8897.142,31.91984,-1.002573,32.847225,-0.126762,7,Q867219,443338,kalangala
UGA-3071,UG-eastern,UG-220,True,UG,Uganda,Kaliro,Kaliro,Kaliro,Kaliro,,County,2,1.05681,33.4858,natural-earth,865.616,33.338772,0.861188,33.632914,1.28757,9,Q1375859,7056287,kaliro
UGA-5620,UG-central,UG-122,True,UG,Uganda,Kalungu,Kalungu,Kalungu,Kalungu,,District,2,-0.15779,31.8386,natural-earth,777.454,31.648849,-0.265025,31.980508,0.0755,7,Q3321614,7910134,kalungu
UGA-3088,UG-central,UG-102,True,UG,Uganda,Kampala,Kampala,Kampala,Kampala,,District,2,0.360019,32.6048,natural-earth,310.184,32.523524,0.27373,32.686098,0.50369,9,Q926417,443339,kampala
UGA-3069,UG-eastern,UG-205,True,UG,Uganda,Kamuli,Kamuli,Kamuli,Kamuli,,District,2,0.888959,33.1226,natural-earth,1438.618,32.936109,0.652002,33.297224,1.181685,7,Q164474,443340,kamuli
UGA-3368,UG-western,UG-413,True,UG,Uganda,Kamwenge,Kamwenge,Kamwenge,Kamwenge,,District,2,0.212247,30.5053,natural-earth,2499.42,30.197981,-0.172754,30.919795,0.541208,9,Q1318806,448216,kamwenge
UGA-3377,UG-western,UG-414,True,UG,Uganda,Kanungu,Kanungu,Kanungu,Kanungu,,District,2,-0.835254,29.7256,natural-earth,1400.517,29.551518,-1.075645,29.900118,-0.432325,9,Q1032245,448217,kanungu
UGA-3112,UG-eastern,UG-206,True,UG,Uganda,Kapchorwa,Kapchorwa,Kapchorwa,Kapchorwa,,District,2,1.35008,34.4652,natural-earth,513.447,34.309048,1.089392,34.569469,1.445623,9,Q1229921,443341,kapchorwa
UGA-3367,UG-western,UG-406,True,UG,Uganda,Kasese,Kasese,Kasese,Kasese,,District,2,0.138279,29.9844,natural-earth,2862.761,29.681262,-0.174718,30.26871,0.367501,7,Q1229919,443342,kasese
UGA-3122,UG-eastern,UG-207,True,UG,Uganda,Katakwi,Katakwi,Katakwi,Katakwi,,County,2,1.93889,34.0087,natural-earth,2392.066,33.80541,1.623286,34.211897,2.304304,9,Q1229930,443785,katakwi
UGA-3067,UG-central,UG-112,True,UG,Uganda,Kayunga,Kayunga,Kayunga,Kayunga,,District,2,0.984795,32.8933,natural-earth,1696.736,32.687959,0.544205,33.09858,1.475207,7,Q1207391,448218,kayunga
UGA-3108,UG-western,UG-407,True,UG,Uganda,Kibale,Kibaale,Kibaale,Kibaale,,District,2,0.903428,31.0242,natural-earth,4286.854,30.52716,0.622391,31.521311,1.220133,7,Q604966,443343,kibale
UGA-3089,UG-central,UG-103,True,UG,Uganda,Kiboga,Kiboga,Kiboga,Kiboga,,District,2,0.841246,31.9587,natural-earth,1581.002,31.674665,0.634425,32.222049,1.103925,7,Q892064,443344,kiboga
UGA-5595,UG-eastern,UG-227,True,UG,Uganda,Kibuku,Kibuku,Kibuku,Kibuku,,County,2,1.03603,33.7704,natural-earth,388.871,33.632914,0.936119,33.915353,1.167893,9,Q1114885,8030572,kibuku
UGA-5609,UG-western,UG-420,True,UG,Uganda,Kiryandongo,Kiryandongo,Kiryandongo,Kiryandongo,,District,2,2.02863,32.0563,natural-earth,3573.376,31.745991,1.637869,32.365498,2.367168,7,Q3539116,8030564,kiryandongo
UGA-3376,UG-western,UG-408,True,UG,Uganda,Kisoro,Kisoro,Kisoro,Kisoro,,District,2,-1.21098,29.6865,natural-earth,842.673,29.54846,-1.39056,29.825024,-0.990305,9,Q580538,443345,kisoro
UGA-3096,UG-northern,UG-305,True,UG,Uganda,Kitgum,Kitgum,Kitgum,Kitgum,,District,2,3.36108,33.3078,natural-earth,4274.72,32.757832,3.017656,33.743398,3.771431,9,Q500162,443346,kitgum
UGA-3081,UG-northern,UG-316,True,UG,Uganda,Koboko,Koboko,Koboko,Koboko,,County,2,3.51005,30.9725,natural-earth,640.973,30.839543,3.312976,31.068677,3.731737,9,Q1318857,7056289,koboko
UGA-5605,UG-northern,UG-326,True,UG,Uganda,Kole,Kole,Kole,Kole,,District,2,2.28756,32.6929,natural-earth,735.05,32.549731,2.106745,32.827692,2.474862,9,Q3539151,8030565,kole
UGA-3123,UG-northern,UG-306,True,UG,Uganda,Kotido,Kotido,Kotido,Kotido,,County,2,2.9427,33.9681,natural-earth,3540.497,33.550025,2.616895,34.386253,3.353129,9,Q1318843,443347,kotido
UGA-3065,UG-eastern,UG-208,True,UG,Uganda,Kumi,Kumi,Kumi,Kumi,,District,2,1.44461,33.9137,natural-earth,1145.959,33.782215,1.246177,34.234531,1.642329,7,Q1151062,443348,kumi
UGA-5612,UG-eastern,UG-228,True,UG,Uganda,Kween,Kween,Kween,Kween,,District,2,1.45896,34.599,natural-earth,746.755,34.377675,1.200392,34.7422,1.591841,9,Q3321998,8030574,kween
UGA-5602,UG-central,UG-123,True,UG,Uganda,Kyankwanzi,Kyankwanzi,Kyankwanzi,Kyankwanzi,,District,2,1.14122,31.6487,natural-earth,2522.744,31.290525,0.845168,31.952989,1.361313,7,Q534203,8030582,kyankwanzi
UGA-5611,UG-western,UG-421,True,UG,Uganda,Kyegegwa,Kyegegwa,Kyegegwa,Kyegegwa,,District,2,0.463663,31.023,natural-earth,1354.217,30.852787,0.185778,31.253524,0.697839,9,Q3539256,8030581,kyegegwa
UGA-3107,UG-western,UG-415,True,UG,Uganda,Kyenjojo,Kyenjojo,Kyenjojo,Kyenjojo,,District,2,0.599223,30.6742,natural-earth,2772.283,30.396936,0.297457,30.95244,0.929504,9,Q1318815,226116,kyenjojo
UGA-5603,UG-northern,UG-327,True,UG,Uganda,Lamwo,Lamwo,Lamwo,Lamwo,,District,2,3.56903,32.7269,natural-earth,5757.385,32.174863,3.135804,33.28404,3.885526,9,Q3539277,8030562,lamwo
UGA-3099,UG-northern,UG-307,True,UG,Uganda,Lira,Lira,Lira,Lira,,District,2,2.23366,32.9139,natural-earth,1398.572,32.760756,2.025226,33.085867,2.638056,9,Q206519,443349,lira
UGA-5592,UG-eastern,UG-229,True,UG,Uganda,Luuka,Luuka,Luuka,Luuka,,District,2,0.738246,33.3432,natural-earth,905.376,33.218986,0.525498,33.517055,1.079263,7,Q1114977,8030588,luuka
UGA-3092,UG-central,UG-104,True,UG,Uganda,Luweero,Luwero,Luweero,Luwero,,County,2,0.796763,32.5615,natural-earth,2125.799,32.330358,0.54312,32.792655,1.144568,9,Q1364817,443350,luweero
UGA-5617,UG-central,UG-124,True,UG,Uganda,Lwengo,Lwengo,Lwengo,Lwengo,,District,2,-0.421045,31.433,natural-earth,1249.869,31.222977,-0.603741,31.721089,-0.260862,7,Q1114954,8030580,lwengo
UGA-5618,UG-central,UG-116,True,UG,Uganda,Lyantonde,Lyantonde,Lyantonde,Lyantonde,,District,2,-0.269997,31.1783,natural-earth,1007.182,31.064388,-0.532582,31.310988,-0.02744,7,Q1375878,7056290,lyantonde
UGA-3116,UG-eastern,UG-221,True,UG,Uganda,Manafwa,Manafwa,Manafwa,Manafwa,,District,2,0.886597,34.312,natural-earth,592.35,34.163734,0.746746,34.463346,1.007839,9,Q1375789,7056291,manafwa
UGA-3087,UG-northern,UG-320,True,UG,Uganda,Maracha,Maracha,Maracha,Nyadri,,District,2,3.2292,30.9101,natural-earth,555.817,30.763416,3.117226,31.053743,3.386035,9,Q588927,7056292,maracha
UGA-3362,UG-central,UG-105,True,UG,Uganda,Masaka,Masaka,Masaka,Masaka,,District,2,-0.43198,31.8532,natural-earth,2002.837,31.612928,-0.773906,32.067841,-0.230425,7,Q1032233,226230,masaka
UGA-3102,UG-western,UG-409,True,UG,Uganda,Masindi,Masindi,Masindi,Masindi,,District,2,1.66477,31.735,natural-earth,4265.49,31.361425,1.323589,32.104222,2.298284,7,Q1032238,443351,masindi
UGA-3120,UG-eastern,UG-214,True,UG,Uganda,Mayuge,Mayuge,Mayuge,Mayuge,,District,2,0.277049,33.5556,natural-earth,3828.887,33.387037,-1.002573,33.740691,0.45067,9,Q1364824,448220,mayuge
UGA-3115,UG-eastern,UG-209,True,UG,Uganda,Mbale,Mbale,Mbale,Mbale,,County,2,1.03446,34.2131,natural-earth,542.111,34.069166,0.828063,34.357107,1.177861,9,Q581822,443353,mbale
UGA-3374,UG-western,UG-410,True,UG,Uganda,Mbarara,Mbarara,Mbarara,Mbarara,,County,2,-0.534736,30.5341,natural-earth,1853.703,30.258546,-0.828993,30.809727,-0.227221,9,Q1091595,443355,mbarara
UGA-3371,UG-western,UG-410,True,UG,Uganda,Mbarara,Mbarara,Mbarara,Mbarara,,District,2,-0.242298,30.8704,natural-earth,4191.402,30.585226,-0.695099,31.147898,0.202314,9,Q1091595,7056288,mbarara
UGA-5622,UG-western,UG-422,True,UG,Uganda,Mitooma,Mitooma,Mitooma,Mitooma,,District,2,-0.636828,30.0476,natural-earth,507.485,29.897431,-0.760005,30.19668,-0.505033,9,Q3539414,8030586,mitooma
UGA-3094,UG-central,UG-114,True,UG,Uganda,Mityana,Mityana,Mityana,Mityana,,County,2,0.42844,32.0449,natural-earth,1576.333,31.821448,0.220969,32.268449,0.702438,9,Q1230005,7056293,mityana
UGA-3127,UG-northern,UG-308,True,UG,Uganda,Moroto,Moroto,Moroto,Moroto,,District,2,2.67,34.712,natural-earth,2315.883,34.251687,2.113011,34.923584,3.097501,7,Q1375850,443356,moroto
UGA-3085,UG-northern,UG-309,True,UG,Uganda,Moyo,Moyo,Moyo,Moyo,,District,2,3.62202,31.7226,natural-earth,1682.193,31.455974,3.144666,32.022236,3.816435,9,Q2183668,443357,moyo
UGA-3078,UG-central,UG-106,True,UG,Uganda,Mpigi,Mpigi,Mpigi,Mpigi,,District,2,-0.008257,32.0899,natural-earth,1694.722,31.855785,-0.158388,32.439577,0.434573,7,Q1362109,233709,mpigi
UGA-3093,UG-central,UG-107,True,UG,Uganda,Mubende,Mubende,Mubende,Mubende,,District,2,0.58882,31.4889,natural-earth,4999.538,31.008785,0.169137,31.969036,0.866061,9,Q891962,443358,mubende
UGA-3075,UG-central,UG-108,True,UG,Uganda,Mukono,Mukono,Mukono,Mukono,,District,2,0.304604,32.8051,natural-earth,2597.318,32.493138,-0.163091,33.031641,0.845272,9,Q1151066,443359,mukono
UGA-3128,UG-northern,UG-311,True,UG,Uganda,Nakapiripirit,Nakapiripirit,Nakapiripirit,Nakapiripirit,,District,2,1.76261,34.6179,natural-earth,4352.556,34.21169,1.540857,34.860812,2.484144,9,Q1375853,448221,nakapiripirit
UGA-3095,UG-central,UG-115,True,UG,Uganda,Nakaseke,Nakaseke,Nakaseke,Nakaseke,,District,2,1.10855,32.1561,natural-earth,3482.212,31.822275,0.539244,32.489831,1.475931,9,Q432438,7056294,nakaseke
UGA-3090,UG-central,UG-109,True,UG,Uganda,Nakasongola,Nakasongola,Nakasongola,Nakasongola,,District,2,1.36245,32.3765,natural-earth,3662.993,31.959528,0.96805,32.793379,1.677521,7,Q976859,443786,nakasongola
UGA-5614,UG-eastern,UG-230,True,UG,Uganda,Namayingo,Namayingo,Namayingo,Namayingo,,District,2,0.246262,33.8049,natural-earth,4608.174,33.631777,-1.002573,33.960266,0.473925,9,Q1114915,8030575,namayingo
UGA-3073,UG-eastern,UG-222,True,UG,Uganda,Namutumba,Namutumba,Namutumba,Busiki,,County,2,0.877569,33.6846,natural-earth,806.373,33.531835,0.678822,33.837449,1.087634,9,Q1375819,234069,namutumba
UGA-5615,UG-northern,UG-328,True,UG,Uganda,Napak,Napak,Napak,Napak,,District,2,2.42782,34.3004,natural-earth,6073.044,33.637771,1.95463,34.754633,2.832773,7,Q3539495,8030561,napak
UGA-3084,UG-northern,UG-310,True,UG,Uganda,Nebbi,Nebbi,Nebbi,Nebbi,,District,2,2.44381,31.2582,natural-earth,2214.753,30.968011,2.151441,31.528856,2.785515,7,Q1375825,443360,nebbi
UGA-5590,UG-eastern,UG-231,True,UG,Uganda,Ngora,Ngora,Ngora,Ngora,,District,2,1.51075,33.7704,natural-earth,647.185,33.559327,1.308086,33.895844,1.668271,7,Q1114903,8030570,ngora
UGA-5610,UG-western,UG-423,True,UG,Uganda,Ntoroko,Ntoroko,Ntoroko,Ntoroko,,District,2,1.02038,30.3756,natural-earth,1416.809,30.170386,0.714685,30.553704,1.335632,9,Q3539547,8030583,ntoroko
UGA-3372,UG-western,UG-411,True,UG,Uganda,Ntungamo,Ntungamo,Ntungamo,Ntungamo,,District,2,-0.976405,30.3139,natural-earth,1935.842,30.037888,-1.193519,30.589999,-0.716338,7,Q204642,443361,ntungamo
UGA-5625,UG-northern,UG-329,True,UG,Uganda,Nwoya,Nwoya,Nwoya,Nwoya,,District,2,2.57094,31.8584,natural-earth,4569.552,31.331964,2.179558,32.362397,2.800338,9,Q3539572,7869939,nwoya
UGA-5607,UG-northern,UG-330,True,UG,Uganda,Otuke,Otuke,Otuke,Otuke,,District,2,2.47637,33.3294,natural-earth,1626.324,32.965392,2.332106,33.656788,2.629349,9,Q3539602,8030567,otuke
UGA-3103,UG-northern,UG-321,True,UG,Uganda,Oyam,Oyam,Oyam,Oyam,,County,2,2.37882,32.5298,natural-earth,2129.604,32.236617,2.04102,32.822937,2.621959,9,Q1318833,7056295,oyam
UGA-3101,UG-northern,UG-312,True,UG,Uganda,Pader,Pader,Pader,Pader,,District,2,2.87543,32.8933,natural-earth,3679.741,32.474018,2.524161,33.24896,3.179935,9,Q1230035,448222,pader
UGA-3076,UG-eastern,UG-210,True,UG,Uganda,Pallisa,Pallisa,Pallisa,Pallisa,,District,2,1.18799,33.688,natural-earth,1121.5,33.405021,1.086852,34.129834,1.340513,9,Q1375843,443362,pallisa
UGA-3361,UG-central,UG-110,True,UG,Uganda,Rakai,Rakai,Rakai,Rakai,,District,2,-0.753019,31.5253,natural-earth,3934.191,31.07493,-1.002573,31.986193,-0.464106,9,Q976873,443363,rakai
UGA-5621,UG-western,UG-424,True,UG,Uganda,Rubirizi,Rubirizi,Rubirizi,Rubirizi,,District,2,-0.269997,29.9095,natural-earth,1650.082,29.643858,-0.41744,30.323373,-0.075499,9,Q3539648,8030584,rubirizi
UGA-3373,UG-western,UG-412,True,UG,Uganda,Rukungiri,Rukungiri,Rukungiri,Rukungiri,,District,2,-0.710038,29.9095,natural-earth,1831.18,29.629385,-1.086703,30.077782,-0.357993,9,Q289419,443364,rukungiri
UGA-3077,UG-central,UG-111,True,UG,Uganda,Sembabule,Sembabule,Sembabule,Sembabule,,District,2,0.02467,31.3783,natural-earth,2399.95,31.000723,-0.314916,31.607235,0.231149,9,Q976883,443787,sembabule
UGA-5596,UG-eastern,UG-232,True,UG,Uganda,Serere,Serere,Serere,Serere,,District,2,1.50212,33.4424,natural-earth,1619.113,33.207203,1.315527,33.715394,1.716753,9,Q1114927,8030569,serere
UGA-5623,UG-western,UG-425,True,UG,Uganda,Sheema,Sheema,Sheema,Sheema,,District,2,-0.636828,30.3454,natural-earth,548.922,30.165282,-0.755819,30.470006,-0.445967,9,Q3539711,8030587,sheema
UGA-3114,UG-eastern,UG-215,True,UG,Uganda,Sironko,Sironko,Sironko,Sironko,,County,2,1.15945,34.3234,natural-earth,406.028,34.156913,1.086446,34.524229,1.24163,9,Q1375835,448223,sironko
UGA-3074,UG-eastern,UG-211,True,UG,Uganda,Soroti,Soroti,Soroti,Soroti,,District,2,1.73376,33.5911,natural-earth,1426.338,33.354202,1.567661,33.810577,2.021427,9,Q1091337,443365,soroti
UGA-3121,UG-eastern,UG-212,True,UG,Uganda,Tororo,Tororo,Tororo,Tororo,,District,2,0.737709,34.0805,natural-earth,1190.427,33.865148,0.561413,34.296252,0.902322,9,Q1186541,443366,tororo
UGA-3091,UG-central,UG-113,True,UG,Uganda,Wakiso,Wakiso,Wakiso,Wakiso,,District,2,0.197333,32.4268,natural-earth,2499.452,32.219202,-0.163091,32.670699,0.574125,9,Q976848,448224,wakiso
UGA-3086,UG-northern,UG-313,True,UG,Uganda,Yumbe,Yumbe,Yumbe,Yumbe,,District,2,3.52312,31.2996,natural-earth,2717.153,31.037108,3.118595,31.613945,3.792405,9,Q1362587,448225,yumbe
UGA-5589,UG-northern,UG-331,True,UG,Uganda,Zombo,Zombo,Zombo,Zombo,,District,2,2.54111,30.9019,natural-earth,1088.921,30.707665,2.332055,31.069273,2.737264,7,Q3539730,8030563,zombo
