adm1_code,iso_3166_2,iso_3166_2_is_official,country_code,country_name,name,name_en,name_fr,name_es,name_local,type,child_count,admin_level,label_lat,label_lng,label_source,area_km2,bbox_min_lng,bbox_min_lat,bbox_max_lng,bbox_max_lat,labelrank,wikidata_id,geonames_id,slug
AND-4876,AD-07,True,AD,Andorra,Andorra la Vella,Andorra la Vella,Andorre-la-Vieille,Andorra la Vella,,,0,1,42.5128,1.51066,natural-earth,14.473,1.487191,42.489032,1.556351,42.538114,20,Q2522163,3041566,andorra-la-vella
AND-4879,AD-02,True,AD,Andorra,Canillo,Canillo,Canillo,Canillo,,,0,1,42.5842,1.60543,natural-earth,74.071,1.555607,42.53989,1.765091,42.621921,20,Q24260,3041203,canillo
AND-4880,AD-03,True,AD,Andorra,Encamp,Encamp,Encamp,Encamp,,,0,1,42.5381,1.6441,natural-earth,71.336,1.555607,42.490508,1.717091,42.574553,20,Q24269,3040684,encamp
AND-4881,AD-08,True,AD,Andorra,Escaldes-Engordany,Escaldes-Engordany,Escaldes-Engordany,Escaldes-Engordany,,,0,1,42.495,1.59428,natural-earth,66.114,1.499089,42.453075,1.656984,42.538857,20,Q24286,3338529,escaldes-engordany
AND-4877,AD-04,True,AD,Andorra,La Massana,La Massana,La Massana,La Massana,,,0,1,42.55,1.47083,natural-earth,72.378,1.406456,42.504073,1.556351,42.602052,20,Q24276,3040131,la-massana
AND-4878,AD-05,True,AD,Andorra,Ordino,Ordino,Ordino,Ordino,,,0,1,42.6036,1.52437,natural-earth,76.327,1.451415,42.562654,1.598739,42.649362,20,Q24272,3039676,ordino
AND-4882,AD-06,True,AD,Andorra,Sant Julià de Lòria,Sant Julià de Lòria,Sant Julià de Lòria,San Julián de Loria,,,0,1,42.4511,1.47975,natural-earth,76.796,1.407593,42.428677,1.574942,42.518035,20,Q24282,3039162,sant-julia-de-loria
ARE-349,AE-AZ,True,AE,United Arab Emirates,Abu Dhabi,Emirate of Abu Dhabi,Abou Dabi,Abu Dabi,,Emirate,0,1,23.5238,54.0817,natural-earth,59492.515,51.569347,22.620946,55.997853,25.249416,6,Q187712,292969,abu-dhabi
ARE-346,AE-AJ,True,AE,United Arab Emirates,Ajman,Emirate of Ajman,Ajman,Ajman,,Emirate,0,1,25.3971,55.5411,natural-earth,150.567,55.424496,25.282049,56.007,25.460159,9,Q159477,292933,ajman
ARE-350,AE-DU,True,AE,United Arab Emirates,Dubay,Emirate of Dubai,Dubaï,Dubái,,Emirate,0,1,24.9508,55.3436,natural-earth,3878.506,55.005859,24.595088,56.171366,25.307088,7,Q613,292224,dubay
ARE-341,AE-FU,True,AE,United Arab Emirates,Fujayrah,Emirate of Fujairah,Fujaïrah,Fuyaira,,Emirate,0,1,25.4752,56.2221,natural-earth,1708.829,55.965711,24.871949,56.383637,25.657961,9,Q4091,292879,fujayrah
ARE-344,AE-X01,False,AE,United Arab Emirates,Neutral Zone,Fujairah,Zone neutre,Zona neutral,,Emirate,0,1,24.925,56.2932,natural-earth,13.3,56.270498,24.908506,56.316053,24.951449,9,,,neutral-zone
ARE-347,AE-X02,False,AE,United Arab Emirates,Neutral Zone,Sayh Mudayrah,Zone neutre,Zona neutral,,Emirate,0,1,24.8164,56.0315,natural-earth,124.47,55.957649,24.729972,56.105702,24.886105,9,,,neutral-zone
ARE-338,AE-RK,True,AE,United Arab Emirates,Ras Al Khaymah,Emirate of Ras Al Khaimah,Ras el Khaïmah,Ras al-Jaima,,Emirate,0,1,25.6964,55.9791,natural-earth,2572.577,55.745984,24.820372,56.274683,26.074792,9,Q170024,291075,ras-al-khaymah
ARE-348,AE-SH,True,AE,United Arab Emirates,Sharjah,Emirate of Sharjah,Charjah,Sharjah,,Emirate,0,1,25.172,55.7788,natural-earth,2588.994,55.32482,24.690845,56.383311,25.513254,7,Q188810,292673,sharjah
ARE-339,AE-UQ,True,AE,United Arab Emirates,Umm Al Qaywayn,Emirate of Umm Al Quwain,Oumm al Qaïwaïn,Umm al-Qaywayn,,Emirate,0,1,25.5218,55.7217,natural-earth,752.063,55.515163,25.277036,55.928142,25.662297,9,Q175021,290595,umm-al-qaywayn
AFG-1760,AF-BDS,True,AF,Afghanistan,Badakhshan,Badakhshan,Badakhchan,Badajshán,,Province,0,1,36.781,70.8036,natural-earth,43659.838,69.998549,35.442411,74.892307,38.473673,5,Q165376,1147745,badakhshan
AFG-1741,AF-BDG,True,AF,Afghanistan,Badghis,Badghis,Bâdghîs,Bādgīs,,Province,0,1,35.2699,63.8495,natural-earth,20596.973,62.651763,34.509367,65.047327,36.031732,5,Q172052,1147707,badghis
AFG-1766,AF-BGL,True,AF,Afghanistan,Baghlan,Baghlan,Baghlân,Baghlan,,Province,0,1,35.8588,68.9831,natural-earth,17857.82,68.005234,35.006701,69.961032,36.571205,7,Q170309,1147537,baghlan
AFG-1744,AF-BAL,True,AF,Afghanistan,Balkh,Balkh,Balkh,Balj,,Province,0,1,36.6851,67.2185,natural-earth,16017.757,66.247874,35.667255,68.189099,37.385213,5,Q121104,1147288,balkh
AFG-1743,AF-BAM,True,AF,Afghanistan,Bamyan,Bamyan,Bâmiyân,Bamiyán,,Province,0,1,34.9693,67.2365,natural-earth,17730.083,66.330608,33.937929,68.282685,35.469618,9,Q171382,1147239,bamyan
AFG-1749,AF-FRA,True,AF,Afghanistan,Farah,Farah,Farâh,Farāh,,Province,0,1,32.5314,62.6498,natural-earth,49423.892,60.561502,31.388741,64.738405,33.516688,7,Q180330,1142263,farah
AFG-1745,AF-FYB,True,AF,Afghanistan,Faryab,Faryab,Fâryâb,Fāryāb,,Province,0,1,35.8043,64.7678,natural-earth,20725.544,63.887398,35.187,65.816686,37.241997,5,Q173830,1142226,faryab
AFG-1757,AF-GHA,True,AF,Afghanistan,Ghazni,Ghazni,Ghazni,Gazni,,Province,0,1,33.4079,67.8006,natural-earth,22063.19,66.829182,32.071841,68.800173,34.209333,7,Q180415,1141268,ghazni
AFG-1747,AF-GHO,True,AF,Afghanistan,Ghor,Ghōr,Ghôr,Ġawr,,Province,0,1,34.002,64.9224,natural-earth,36127.981,63.070755,33.122578,66.774095,35.269734,5,Q186392,1141103,ghor
AFG-1750,AF-HEL,True,AF,Afghanistan,Hilmand,Helmand,Helmand,Helmand,,Province,0,1,30.9278,63.9824,natural-earth,57352.474,62.602581,29.386605,65.362192,33.365897,5,Q173821,1140043,hilmand
AFG-1742,AF-HER,True,AF,Afghanistan,Hirat,Herat,Hérât,Herāt,,Province,0,1,34.1551,62.4845,natural-earth,55445.003,60.486778,32.782056,64.482504,35.630901,7,Q182844,1140025,hirat
AFG-1746,AF-JOW,True,AF,Afghanistan,Jawzjan,Jowzjan,Djôzdjân,Jawzjān,,Province,0,1,36.8971,65.9617,natural-earth,11264.345,65.101794,35.90954,66.56894,37.578379,5,Q183036,1139049,jawzjan
AFG-1767,AF-KAB,True,AF,Afghanistan,Kabul,Kabul,Kaboul,Kabul,,Province,0,1,34.4949,69.3846,natural-earth,4420.318,68.840067,34.143136,69.929045,34.89539,7,Q188933,1138957,kabul
AFG-1754,AF-KAN,True,AF,Afghanistan,Kandahar,Kandahar,Kandahâr,Kandahar,,Province,0,1,31.135,65.7163,natural-earth,53531.911,64.499477,29.540162,67.775067,32.575221,6,Q173808,1138335,kandahar
AFG-1768,AF-KAP,True,AF,Afghanistan,Kapisa,Kapisa,Kâpîssâ,Kāpīsā,,Province,0,1,34.9748,69.6626,natural-earth,1860.457,69.278387,34.639281,69.916177,35.181884,5,Q173816,1138255,kapisa
AFG-1758,AF-KHO,True,AF,Afghanistan,Khost,Khost,Khôst,Jost,,Province,0,1,33.363,69.8211,natural-earth,4035.402,69.340812,33.01135,70.301579,33.742091,5,Q185752,1444362,khost
AFG-1762,AF-KNR,True,AF,Afghanistan,Kunar,Kunar,Kounar,Kunar,,Province,0,1,34.9013,71.1061,natural-earth,4657.652,70.574432,34.531045,71.637932,35.464194,5,Q188147,1135702,kunar
AFG-1763,AF-KDZ,True,AF,Afghanistan,Kunduz,Kunduz,Kondôz,Qundūz,,Province,0,1,36.9043,68.682,natural-earth,8002.188,68.024613,36.296958,69.339365,37.338135,5,Q186418,1135690,kunduz
AFG-1770,AF-LAG,True,AF,Afghanistan,Laghman,Laghman,Laghmân,Laġmān,,Province,0,1,34.7273,70.2085,natural-earth,3894.631,69.796856,34.402758,70.620165,35.235782,5,Q185442,1135022,laghman
AFG-1771,AF-LOG,True,AF,Afghanistan,Logar,Logar,Lôgar,Lawgar,,Province,0,1,34.0857,69.3047,natural-earth,4459.294,68.711858,33.60242,69.897574,34.364078,5,Q6667298,1134561,logar
AFG-1764,AF-NAN,True,AF,Afghanistan,Nangarhar,Nangarhar,Nangarhâr,Nangarhar,,Province,0,1,34.2153,70.3027,natural-earth,7340.093,69.479201,33.938705,71.126387,34.800202,5,Q178471,1132366,nangarhar
AFG-1751,AF-NIM,True,AF,Afghanistan,Nimroz,Nimruz,Nimrôz,Nimruz,,Province,0,1,30.7528,62.2069,natural-earth,42130.475,60.844379,29.407819,63.56964,32.253148,5,Q183021,1131821,nimroz
AFG-1761,AF-NUR,True,AF,Afghanistan,Nuristan,Nuristan,Nourestân,Nūristān,,Province,0,1,35.2898,70.7567,natural-earth,8879.768,69.919898,34.903684,71.59349,36.030802,5,Q167485,1444363,nuristan
AFG-1759,AF-PIA,True,AF,Afghanistan,Paktika,Paktika,Paktîkâ,Paktīkā,,Province,0,1,32.5106,68.651,natural-earth,18831.486,67.815117,31.602568,69.48721,33.419511,5,Q185575,1131256,paktika
AFG-3413,AF-PKA,True,AF,Afghanistan,Paktya,Paktia,Paktiyâ,Paktiyā,,Province,0,1,33.575,69.3826,natural-earth,5411.286,68.768805,33.153145,69.996478,34.078489,5,Q182493,1131257,paktya
AFG-1769,AF-PAR,True,AF,Afghanistan,Parwan,Parwan,Parwân,Parwān,,Province,0,1,35.3368,69.7587,natural-earth,3688.29,69.244125,35.080856,70.273365,35.892254,5,Q188157,6957555,parwan
AFG-1772,AF-PAR,True,AF,Afghanistan,Parwan,Parwan,Parwân,Parwān,,Province,0,1,34.9984,68.8995,natural-earth,5612.155,68.183983,34.588303,69.61511,35.420112,5,Q188157,1131054,parwan
AFG-1773,AF-SAM,True,AF,Afghanistan,Samangan,Samangan,Samangân,Samangān,,Province,0,1,36.0506,67.683,natural-earth,13205.6,66.834608,35.352468,68.531404,36.647944,5,Q183015,1127766,samangan
AFG-1748,AF-SAR,True,AF,Afghanistan,Sari Pul,Sar-e Pol,Sar-é Pol,Sar-e Pul,,Province,0,1,35.7062,66.2158,natural-earth,16126.981,65.4056,34.784363,67.026069,36.58769,5,Q182487,1127106,sari-pul
AFG-1765,AF-TAK,True,AF,Afghanistan,Takhar,Takhar,Takhâr,Tahār,,Province,0,1,36.8335,69.8124,natural-earth,12210.655,69.147129,35.791407,70.47759,37.61817,5,Q186395,1123230,takhar
AFG-1752,AF-URU,True,AF,Afghanistan,Uruzgan,Urozgan,Orozgân,Urūzgān,,Province,0,1,32.807,66.0947,natural-earth,11305.442,65.17781,32.274051,67.011497,33.319646,5,Q183028,1131461,uruzgan
AFG-1753,AF-URU,True,AF,Afghanistan,Uruzgan,Urozgan,Orozgân,Urūzgān,,Province,0,1,33.8446,66.3011,natural-earth,17222.603,65.2191,33.06023,67.383154,34.406944,5,Q183028,6957553,uruzgan
AFG-1774,AF-WAR,True,AF,Afghanistan,Wardak,Maidan Wardak,Wardak,Vardak,,Province,0,1,34.4269,68.1087,natural-earth,10159.959,67.248278,33.676394,68.969155,34.800305,5,Q183056,1121863,wardak
AFG-1755,AF-ZAB,True,AF,Afghanistan,Zabul,Zabul,Zabol,Zābul,,Province,0,1,32.4033,67.1401,natural-earth,17140.968,66.18209,31.544328,68.09834,33.065166,5,Q139126,1121143,zabul
ATG-5091,AG-10,True,AG,Antigua and Barbuda,Barbuda,Barbuda,Barbuda,Barbuda,,Dependency,0,1,17.6155,-61.792,natural-earth,170.091,-61.87385,17.545559,-61.727773,17.727688,20,Q238752,3576390,barbuda
ATG-5092,AG-11,True,AG,Antigua and Barbuda,Redonda,Redonda,Redonda,Isla Redonda,,Dependency,0,1,16.9335,-62.3467,natural-earth,0.37,-62.34826,16.93197,-62.342918,16.940897,20,Q457261,3576037,redonda
ATG-5093,AG-03,True,AG,Antigua and Barbuda,Saint George,Saint George,Saint-George,Parroquia de Saint George,,Parish,0,1,17.1084,-61.7804,natural-earth,27.965,-61.805843,17.071428,-61.755841,17.164944,20,Q1770796,3576024,saint-george
ATG-5098,AG-04,True,AG,Antigua and Barbuda,Saint John,Saint John,Saint-John,Parroquia de Saint John,,Parish,0,1,17.1101,-61.8237,natural-earth,76.014,-61.894154,17.042856,-61.774209,17.168769,20,Q548816,3576023,saint-john
ATG-5097,AG-05,True,AG,Antigua and Barbuda,Saint Mary,Saint Mary,Saint-Mary,Parroquia de Saint Mary,,Parish,0,1,17.0368,-61.857,natural-earth,58.186,-61.89037,17.004828,-61.804067,17.094898,20,Q1999872,3576018,saint-mary
ATG-5096,AG-06,True,AG,Antigua and Barbuda,Saint Paul,Saint Paul,Saint-Paul,Parroquia de Saint Paul,,Parish,0,1,17.0352,-61.7671,natural-earth,50.899,-61.815027,16.989244,-61.726226,17.064285,20,Q386093,3576017,saint-paul
ATG-5094,AG-07,True,AG,Antigua and Barbuda,Saint Peter,Saint Peter,Saint-Peter,Parroquia de Saint Peter,,Parish,0,1,17.0935,-61.7404,natural-earth,31.748,-61.774209,17.060203,-61.708608,17.141506,20,Q1952603,3576016,saint-peter
ATG-5095,AG-08,True,AG,Antigua and Barbuda,Saint Philip,Saint Philip,Saint-Philip,Parroquia de Saint Philip,,Parish,0,1,17.0601,-61.7021,natural-earth,38.07,-61.733392,17.027818,-61.667592,17.100531,20,Q1996895,3576015,saint-philip
AIA+99?,AI-X00,True,AI,Anguilla,AIA+99?,,,,,,0,1,18.5982,-63.4262,natural-earth,3.032,-63.428822,18.261495,-63.168316,18.601264,20,,0,aia-99
AIA-5114,AI-X01,False,AI,Anguilla,Blowing Point,Blowing Point,Blowing Point,Blowing Point,,District,0,1,18.1889,-63.0943,natural-earth,10.299,-63.113872,18.176174,-63.061334,18.212485,20,,,blowing-point
AIA-5115,AI-X02,False,AI,Anguilla,East End,East End,Extrémité Est,Extremo Este,,District,0,1,18.2622,-62.9852,natural-earth,12.938,-63.013522,18.234525,-62.925682,18.297251,20,,,east-end
AIA-5116,AI-X03,False,AI,Anguilla,George Hill,George Hill,George Hill,George Hill,,District,0,1,18.2089,-63.066,natural-earth,1.252,-63.072629,18.20276,-63.061308,18.219152,20,,,george-hill
AIA-5117,AI-X04,False,AI,Anguilla,Island Harbour,Island Harbour,Island Harbour,Island Harbour,,District,0,1,18.2705,-63.0028,natural-earth,0.763,-63.007548,18.267336,-62.994523,18.274897,20,,,island-harbour
AIA-5118,AI-X05,False,AI,Anguilla,North Hill,North Hill,North Hill,North Hill,,District,0,1,18.2243,-63.074,natural-earth,2.89,-63.077902,18.216271,-63.046972,18.231349,20,,,north-hill
AIA-5119,AI-X06,False,AI,Anguilla,North Side,North Side,North Side,Lado norte,,District,0,1,18.2606,-63.033,natural-earth,7.049,-63.061165,18.235441,-63.022282,18.27035,20,,,north-side
AIA-5120,AI-X07,False,AI,Anguilla,Sandy Ground,Sandy Ground,Sandy-Ground,Sandy Ground,,District,0,1,18.2192,-63.0814,natural-earth,1.149,-63.097239,18.21247,-63.075522,18.225967,20,,,sandy-ground
AIA-5121,AI-X08,False,AI,Anguilla,Sandy Hill,Sandy Hill Bay,Côte-de-Sable,Sandy Hill,,District,0,1,18.2301,-63.0151,natural-earth,11.627,-63.034229,18.215031,-62.994407,18.256186,20,,,sandy-hill
AIA-5122,AI-X09,False,AI,Anguilla,South Hill,South Hill,South Hill,South Hill,,District,0,1,18.2083,-63.0881,natural-earth,7.968,-63.122792,18.183583,-63.061308,18.21955,20,,,south-hill
AIA-5123,AI-X10,False,AI,Anguilla,Stoney Ground,Stoney Ground,Stoney Ground,Stoney Ground,,District,0,1,18.2387,-63.0368,natural-earth,7.676,-63.048114,18.232267,-62.995204,18.271969,20,,,stoney-ground
AIA-5124,AI-X11,False,AI,Anguilla,The Farrington,The Farrington,The Farrington,The Farrington,,District,0,1,18.2173,-63.0439,natural-earth,6.221,-63.061388,18.198851,-63.030435,18.227913,20,,,the-farrington
AIA-5125,AI-X12,False,AI,Anguilla,The Quarter,The Quarter,The Quarter,The Quarter,,District,0,1,18.2299,-63.04,natural-earth,1.147,-63.046972,18.226718,-63.029298,18.235165,20,,,the-quarter
AIA-5126,AI-X13,False,AI,Anguilla,The Valley,The Valley,The Valley,El Valle,,District,0,1,18.2321,-63.052,natural-earth,3.209,-63.072718,18.226718,-63.044108,18.245784,20,,,the-valley
AIA-5127,AI-X14,False,AI,Anguilla,West End,West End,West End,West End,,District,0,1,18.1865,-63.1384,natural-earth,10.479,-63.167836,18.169094,-63.122599,18.208075,20,,,west-end
ALB-1523,AL-01,True,AL,Albania,Berat,Berat,Berat,Berat,,County,0,1,40.6441,20.0865,natural-earth,1817.86,19.730352,40.355263,20.442608,40.881691,7,Q189296,865730,berat
ALB-1526,AL-09,True,AL,Albania,Dibër,Dibër,Dibër,Dibër,,County,0,1,41.608,20.1772,natural-earth,2408.576,19.803887,41.321585,20.550921,41.8992,8,Q192866,865731,diber
ALB-1494,AL-02,True,AL,Albania,Durrës,Durrës,Durrës,Durrës,,County,0,1,41.5152,19.6522,natural-earth,804.51,19.39324,41.243994,19.911116,41.589968,9,Q192853,3344947,durres
ALB-1524,AL-03,True,AL,Albania,Elbasan,Elbasan,Elbasan,Elbasan,,County,0,1,41.0299,20.1358,natural-earth,3239.735,19.669218,40.71568,20.602391,41.388688,7,Q193790,865732,elbasan
ALB-1495,AL-04,True,AL,Albania,Fier,Fier,Fier,Fier,,County,0,1,40.8112,19.6047,natural-earth,1819.622,19.304373,40.420892,19.904915,41.070439,7,Q231900,3344948,fier
ALB-1525,AL-05,True,AL,Albania,Gjirokastër,Gjirokastër,Gjirokastër,Gjirokastër,,County,0,1,40.1927,20.1868,natural-earth,2886.035,19.758619,39.784291,20.615361,40.527294,8,Q193454,865733,gjirokaster
ALB-1521,AL-06,True,AL,Albania,Korçë,Korçë,Korçë,Korçë,,County,0,1,40.6138,20.6648,natural-earth,3585.407,20.29316,40.081017,21.036679,41.086273,8,Q193464,865734,korce
ALB-1502,AL-07,True,AL,Albania,Kukës,Kukës,Kukës,Kukës,,County,0,1,42.0902,20.1933,natural-earth,2306.614,19.787609,41.820652,20.59929,42.557765,8,Q231896,865735,kukes
ALB-1528,AL-08,True,AL,Albania,Lezhë,Lezhë,Lezhë,Lezhë,,County,0,1,41.824,19.8649,natural-earth,1624.577,19.462358,41.55705,20.267528,42.02821,9,Q193436,3344949,lezhe
ALB-1498,AL-10,True,AL,Albania,Shkodër,Shkodër,Shkodër,Shkodër,,County,0,1,42.2144,19.7573,natural-earth,3588.089,19.272033,41.835711,20.242878,42.654814,9,Q193438,3344950,shkoder
ALB-1529,AL-11,True,AL,Albania,Tiranë,Tirana,Tirana,Tirana,,County,0,1,41.1326,19.8383,natural-earth,1628.456,19.440603,41.00932,20.235747,41.509818,8,Q229892,3344951,tirane
ALB-1504,AL-12,True,AL,Albania,Vlorë,Vlorë,Vlorë,Vlorë,,County,0,1,40.1908,19.7946,natural-earth,2588.863,19.289561,39.637013,20.299577,40.658733,8,Q192849,3344952,vlore
ARM-1553,AM-AG,True,AM,Armenia,Aragatsotn,Aragatsotn,Aragatsotn,Aragatsotn,Արագածոտն|Арагацотн,Province,0,1,40.3213,44.0736,natural-earth,2717.405,43.594217,40.18517,44.553281,40.742888,9,Q17915,828259,aragatsotn
ARM-1671,AM-AR,True,AM,Armenia,Ararat,Ararat,Ararat,Ararat,Արարատ|Арарат,Province,0,1,39.9204,44.7304,natural-earth,1972.085,44.351226,39.702797,45.109526,40.164991,9,Q199880,409313,ararat
ARM-1554,AM-AV,True,AM,Armenia,Armavir,Armavir,Armavir,Armavir,Արմավիր|Армавир,Province,0,1,40.0992,44.0464,natural-earth,1245.693,43.652508,40.008618,44.440471,40.284932,9,Q201147,828260,armavir
ARM-1675,AM-ER,True,AM,Armenia,Erevan,Yerevan,Erevan,Ereván,Երևան|Ереван,City,0,1,40.1474,44.533,natural-earth,216.661,44.418405,40.054093,44.64759,40.229173,9,Q1953,616051,erevan
ARM-1672,AM-GR,True,AM,Armenia,Gegharkunik,Gegharkunik,Gegharkunik,Geghark'unik',Գեղարքունիք|Гегаркуник,Province,0,1,40.278,45.3848,natural-earth,5265.906,44.788047,39.865784,45.981772,40.733793,9,Q199905,828261,gegharkunik
ARM-1673,AM-KT,True,AM,Armenia,Kotayk,Kotayk,Kotayk,Kotayk',Կոտայք|Котайк,Province,0,1,40.3747,44.7191,natural-earth,2120.817,44.408328,40.08329,45.029789,40.699687,9,Q4511,828262,kotayk
ARM-1674,AM-LO,True,AM,Armenia,Lori,Lori,Lorri,Lorri,Լոռի|Лори,Province,0,1,40.9347,44.4524,natural-earth,3731.618,43.966082,40.661498,44.938684,41.230043,9,Q200350,828263,lori
ARM-1555,AM-SH,True,AM,Armenia,Shirak,Shirak,Shirak,Shirak,Շիրակ|Ширак,Province,0,1,40.8194,43.8178,natural-earth,2883.311,43.436294,40.409317,44.199607,41.164537,9,Q201063,828264,shirak
ARM-1732,AM-SU,True,AM,Armenia,Syunik,Syunik,Syunik,Syunik',Սյունիք|Сюник,Province,0,1,39.2479,46.1518,natural-earth,4400.081,45.701221,38.863701,46.602612,39.851237,9,Q2523428,409314,syunik
ARM-1670,AM-TV,True,AM,Armenia,Tavush,Tavush,Tavush,Tavush,Տավուշ|Тавуш,Province,0,1,40.8883,45.1763,natural-earth,2622.951,44.751873,40.637649,45.600968,41.290452,9,Q201140,828265,tavush
ARM-1733,AM-VD,True,AM,Armenia,Vayots Dzor,Vayots Dzor,Vayots Dzor,Vayots' Dzor,Վայոց Ձոր|Вайоц Дзор,Province,0,1,39.7183,45.4421,natural-earth,2378.418,45.074999,39.487513,45.809122,39.999058,9,Q200124,409315,vayots-dzor
AGO-1877,AO-BGO,True,AO,Angola,Bengo,Bengo,Bengo,Bengo,,Province,0,1,-8.99949,13.907,natural-earth,34132.992,13.094135,-10.439001,14.718254,-7.619845,4,Q191299,2243598,bengo
AGO-1887,AO-BGU,True,AO,Angola,Benguela,Benguela,Benguela,Benguela,,Province,0,1,-12.7993,13.8119,natural-earth,39866.98,12.512706,-13.874088,15.11084,-11.74874,7,Q212786,3351660,benguela
AGO-1886,AO-BIE,True,AO,Angola,Bié,Bié,Bié,Bié,,Province,0,1,-12.7997,17.4921,natural-earth,72417.87,15.748166,-14.311633,19.235963,-10.574186,4,Q213977,3351640,bie
AGO-1885,AO-CAB,True,AO,Angola,Cabinda,Cabinda,Cabinda,Cabinda,,Province,0,1,-4.80148,12.543,natural-earth,6731.101,12.009608,-5.763442,13.073703,-4.391204,7,Q168787,2243266,cabinda
AGO-1888,AO-CCU,True,AO,Angola,Cuando Cubango,Cuando Cubango,Kwando-Kubango,Cuando Cubango,,Province,0,1,-16.311,19.9218,natural-earth,198477.199,16.461766,-18.031405,23.382273,-13.57235,4,Q215268,876337,cuando-cubango
AGO-1878,AO-CNO,True,AO,Angola,Cuanza Norte,Cuanza Norte,Kwanza-Nord,Cuanza Norte,,Province,0,1,-9.6988,14.9458,natural-earth,23828.967,14.074004,-9.781728,15.817567,-7.934089,4,Q216834,2241660,cuanza-norte
AGO-1879,AO-CUS,True,AO,Angola,Cuanza Sul,Cuanza Sul,Kwanza-Sud,Cuanza Sur,,Province,0,1,-10.9232,15.0504,natural-earth,55470.186,13.489086,-12.205973,16.611576,-9.673311,4,Q216998,3349234,cuanza-sul
AGO-1889,AO-CNN,True,AO,Angola,Cunene,Cunene,Kunene,Cunene,,Province,0,1,-16.6271,15.281,natural-earth,77291.704,13.1445,-17.423587,17.41747,-15.150651,4,Q216987,3349096,cunene
AGO-1890,AO-HUA,True,AO,Angola,Huambo,Huambo,Huambo,Huambo,,Province,0,1,-12.5587,15.6947,natural-earth,33257.234,14.806569,-13.764069,16.582843,-11.443746,7,Q218848,3348310,huambo
AGO-1891,AO-HUI,True,AO,Angola,Huíla,Huíla,Huila,Huila,,Province,0,1,-14.7348,14.9844,natural-earth,79052.075,13.220723,-16.366546,16.748001,-13.339599,4,Q214572,3348303,huila
AGO-1880,AO-LUA,True,AO,Angola,Luanda,Luanda,Luanda,Luanda,,Province,0,1,-8.95941,13.3166,natural-earth,2814.149,12.992361,-9.330255,13.640749,-8.581556,7,Q190066,2240444,luanda
AGO-1874,AO-LNO,True,AO,Angola,Lunda Norte,Lunda Norte,Lunda-Nord,Lunda Norte,,Province,0,1,-8.4722,19.6268,natural-earth,105722.534,17.333392,-10.416366,21.920553,-6.915959,4,Q214221,145702,lunda-norte
AGO-1875,AO-LSU,True,AO,Angola,Lunda Sul,Lunda Sul,Lunda-Sud,Lunda Sul,,Province,0,1,-10.2341,20.3821,natural-earth,77995.041,18.451257,-11.474803,22.313397,-8.332101,4,Q219648,145701,lunda-sul
AGO-1876,AO-MAL,True,AO,Angola,Malanje,Malanje,Malanje,Malanje,,Province,0,1,-9.14742,16.9731,natural-earth,85491.108,15.109393,-11.726157,18.836866,-7.32162,6,Q219072,2239858,malanje
AGO-1892,AO-MOX,True,AO,Angola,Moxico,Moxico,Moxico,Moxico,,Province,0,1,-13.281,21.0033,natural-earth,199853.604,17.945241,-16.165886,24.061714,-10.588707,4,Q173988,875996,moxico
AGO-1893,AO-NAM,True,AO,Angola,Namibe,Namibe,Namibe,Namibe,,Province,0,1,-15.8249,12.6525,natural-earth,58209.762,11.669394,-17.26587,13.681108,-13.521655,6,Q216819,3347016,namibe
AGO-1881,AO-UIG,True,AO,Angola,Uíge,Uíge,Uíge,Uige,,Province,0,1,-6.95896,15.4475,natural-earth,62335.728,13.797484,-8.40822,17.097895,-5.854629,6,Q216972,2236566,uige
AGO-1882,AO-ZAI,True,AO,Angola,Zaire,Zaire,Zaïre,Zaire,,Province,0,1,-6.78301,13.6096,natural-earth,36491.182,12.27506,-7.792777,14.967645,-5.841606,4,Q196674,2236355,zaire
ATA+99?,AQ-X02,False,AQ,Antarctica,ATA+99?,,,,,,0,1,-83.0384,-170.343,natural-earth,22621.968,-171.901357,-83.226821,169.961681,-61.127048,20,,0,ata-99
ATA+00?,AQ-X01,False,AQ,Antarctica,Antarctica,Antarctica,Antarctique,Antártida,,,0,1,-81.6905,0.238256,natural-earth,12235748.453,-180.0,-90.0,180.0,-60.516209,20,,6620376,antarctica
ARG-1295,AR-B,True,AR,Argentina,Buenos Aires,Buenos Aires,Buenos Aires,Buenos Aires,,Federal District,0,1,-36.6734,-60.1133,natural-earth,306005.836,-63.388813,-41.045017,-56.664866,-33.256574,3,Q44754,3435907,buenos-aires
ARG-1300,AR-K,True,AR,Argentina,Catamarca,Catamarca,Catamarca,Catamarca,,Province,0,1,-26.7709,-67.0086,natural-earth,101572.528,-69.13406,-30.140175,-64.882468,-25.159997,6,Q44756,3862286,catamarca
ARG-1306,AR-H,True,AR,Argentina,Chaco,Chaco,Chaco,Chaco,,Province,0,1,-26.509,-60.8752,natural-earth,99452.069,-63.398579,-28.002683,-58.351275,-24.120646,3,Q44757,3861887,chaco
ARG-1274,AR-U,True,AR,Argentina,Chubut,Chubut,Chubut,Chubut,,Province,0,1,-43.9995,-67.8642,natural-earth,224774.422,-72.148537,-46.00003,-63.579335,-41.999038,3,Q45007,3861244,chubut
ARG-5493,AR-C,True,AR,Argentina,Ciudad de Buenos Aires,Buenos Aires,Buenos Aires,Buenos Aires,,Federal District,0,1,-34.6202,-58.4527,natural-earth,376.548,-58.560532,-34.774928,-58.315031,-34.52158,3,Q1486,3433955,ciudad-de-buenos-aires
ARG-1308,AR-W,True,AR,Argentina,Corrientes,Corrientes,Corrientes,Corrientes,,Province,0,1,-28.8387,-57.6482,natural-earth,89212.404,-59.672786,-30.747331,-55.623042,-27.257043,6,Q44758,3435214,corrientes
ARG-1299,AR-X,True,AR,Argentina,Córdoba,Córdoba,Córdoba,Córdoba,,Province,0,1,-32.3275,-63.7501,natural-earth,168245.73,-65.767272,-35.002101,-61.732971,-29.424302,3,Q44759,3860255,cordoba
ARG-1309,AR-E,True,AR,Argentina,Entre Ríos,Entre Ríos,Entre Ríos,Entre Ríos,,Province,0,1,-32.0275,-59.2824,natural-earth,78241.768,-60.769231,-34.048981,-57.794995,-30.151441,3,Q44762,3434137,entre-rios
ARG-1307,AR-P,True,AR,Argentina,Formosa,Formosa,Formosa,Formosa,,Province,0,1,-24.9146,-59.9494,natural-earth,76077.494,-62.341357,-26.885812,-57.556921,-22.472261,6,Q44761,3433896,formosa
ARG-1301,AR-Y,True,AR,Argentina,Jujuy,Jujuy,Jujuy,Jujuy,,Province,0,1,-23.1764,-65.7054,natural-earth,53743.506,-67.251329,-24.613949,-64.158766,-21.786938,3,Q44764,3853404,jujuy
ARG-1296,AR-L,True,AR,Argentina,La Pampa,La Pampa,La Pampa,La Pampa,,Province,0,1,-37.3861,-65.8386,natural-earth,142631.736,-68.29319,-39.325765,-63.384058,-35.000499,3,Q44795,3849574,la-pampa
ARG-1302,AR-F,True,AR,Argentina,La Rioja,La Rioja,La Rioja,La Rioja,,Province,0,1,-29.3762,-67.5283,natural-earth,90545.496,-69.654045,-31.933813,-65.401894,-27.735774,6,Q44796,3848949,la-rioja
ARG-1275,AR-M,True,AR,Argentina,Mendoza,Mendoza,Mendoza,Mendoza,,Province,0,1,-34.8484,-68.5423,natural-earth,150818.329,-70.578891,-37.557035,-66.505134,-31.955672,6,Q44797,3844419,mendoza
ARG-1312,AR-N,True,AR,Argentina,Misiones,Misiones,Misiones,Misiones,,Province,0,1,-27.1262,-54.8406,natural-earth,29483.551,-56.019056,-28.147738,-53.661552,-25.494567,3,Q44798,3430657,misiones
ARG-1276,AR-Q,True,AR,Argentina,Neuquén,Neuquén,Neuquén,Neuquén,,Province,0,1,-38.3579,-69.9833,natural-earth,94614.866,-71.955577,-41.095114,-68.010417,-36.129402,3,Q44800,3843122,neuquen
ARG-1297,AR-R,True,AR,Argentina,Río Negro,Río Negro,Río Negro,Río Negro,,Province,0,1,-40.1261,-67.3641,natural-earth,202344.637,-71.925967,-42.010675,-62.801625,-37.557035,3,Q44802,3838830,rio-negro
ARG-1303,AR-A,True,AR,Argentina,Salta,Salta,Salta,Salta,,Province,0,1,-25.0203,-64.4715,natural-earth,155761.169,-68.578574,-26.38857,-62.334381,-21.99323,6,Q44803,3838231,salta
ARG-1273,AR-J,True,AR,Argentina,San Juan,San Juan,San Juan,San Juan,,Province,0,1,-30.97,-68.6612,natural-earth,87935.457,-70.591371,-32.336579,-66.730521,-28.400994,6,Q44805,3837152,san-juan
ARG-1298,AR-D,True,AR,Argentina,San Luis,San Luis,San Luis,San Luis,,Province,0,1,-33.9469,-66.135,natural-earth,77385.671,-67.395907,-36.001316,-64.874122,-31.846841,6,Q44818,3837029,san-luis
ARG-1271,AR-Z,True,AR,Argentina,Santa Cruz,Santa Cruz,Santa Cruz,Santa Cruz,,Province,0,1,-49.0428,-69.6596,natural-earth,242048.536,-73.57274,-52.390749,-65.713014,-45.999414,3,Q44821,3836350,santa-cruz
ARG-1310,AR-S,True,AR,Argentina,Santa Fe,Santa Fe,Santa Fe,Santa Fe,,Province,0,1,-30.7764,-60.8593,natural-earth,132826.264,-62.853807,-34.382139,-58.864748,-27.999324,6,Q44823,3836276,santa-fe
ARG-1304,AR-G,True,AR,Argentina,Santiago del Estero,Santiago del Estero,Santiago del Estero,Santiago del Estero,,Province,0,1,-27.6882,-63.445,natural-earth,135162.882,-65.180667,-30.156609,-61.709329,-25.579885,6,Q44827,3835868,santiago-del-estero
ARG-1272,AR-V,True,AR,Argentina,Tierra del Fuego,Tierra del Fuego,Terre de Feu,Tierra del Fuego,,National Territory,0,1,-54.3887,-67.5329,natural-earth,20988.17,-68.654135,-55.052016,-63.812123,-52.639572,3,Q44832,3834450,tierra-del-fuego
ARG-1305,AR-T,True,AR,Argentina,Tucumán,Tucumán,Tucumán,Tucumán,,Province,0,1,-26.9711,-65.3387,natural-earth,22872.692,-66.194636,-28.05436,-64.482777,-26.074584,3,Q44829,3833578,tucuman
ASM-4998,AS-X01,False,AS,American Samoa,Eastern,Eastern District,Este,Oriental,,,0,1,-14.272,-170.639,natural-earth,54.541,-170.721506,-14.31482,-170.56725,-14.252374,20,,5881219,eastern
ASM-4999,AS-X02,False,AS,American Samoa,Manu's,Manu'a Islands,Manus,Manu's,,,0,1,-14.2338,-169.493,natural-earth,46.137,-169.676218,-14.271742,-169.440134,-14.168878,20,,5881436,manu-s
ASM-5000,AS-X03,False,AS,American Samoa,Rose Atoll,Rose Atoll,Île Rose,Rose Atoll,,,0,1,-14.525,-168.166,natural-earth,1.021,-168.173085,-14.532892,-168.160471,-14.519789,20,,7309441,rose-atoll
ASM-5001,AS-X04,False,AS,American Samoa,Swain's Island,Swains Island,Île Swains,Islas Swain,,,0,1,-11.0577,-171.08,natural-earth,1.874,-171.086537,-11.066095,-171.072825,-11.051365,20,,5881199,swain-s-island
ASM-5002,AS-X05,False,AS,American Samoa,Western,Western District,Ouest,Occidente,,,0,1,-14.3241,-170.768,natural-earth,77.394,-170.831248,-14.374688,-170.692633,-14.289239,20,,5880873,western
AUT-2322,AT-1,True,AT,Austria,Burgenland,Burgenland,Burgenland,Burgenland,,State,0,1,47.4281,16.3584,natural-earth,3971.7,16.002982,46.836947,17.148338,48.112722,6,Q43210,2781194,burgenland
AUT-2325,AT-2,True,AT,Austria,Kärnten,Carinthia,Carinthie,Carintia,,State,0,1,46.7201,13.8695,natural-earth,9620.781,12.633834,46.378643,15.105591,47.136477,6,Q37985,2774686,karnten
AUT-2330,AT-3,True,AT,Austria,Niederösterreich,Lower Austria,Basse-Autriche,Baja Austria,,State,0,1,48.2477,15.7448,natural-earth,19041.871,14.427161,47.442324,17.062452,49.009774,6,Q42497,2770542,niederosterreich
AUT-2326,AT-4,True,AT,Austria,Oberösterreich,Upper Austria,Haute-Autriche,Alta Austria,,State,0,1,48.2377,13.856,natural-earth,11850.582,12.736979,47.474208,14.975396,48.76643,6,Q41967,2769848,oberosterreich
AUT-2327,AT-5,True,AT,Austria,Salzburg,Salzburg,Salzbourg,Salzburgo,,State,0,1,47.2534,13.0106,natural-earth,7185.484,12.081775,46.954189,13.939336,48.033244,7,Q43325,2766823,salzburg
AUT-2323,AT-6,True,AT,Austria,Steiermark,Styria,Styrie,Estiria,,State,0,1,47.3901,14.8565,natural-earth,16394.49,13.565198,46.614649,16.147883,47.82535,6,Q41358,2764581,steiermark
AUT-2329,AT-7,True,AT,Austria,Tirol,Tyrol,Tyrol,Tirol,,State,0,1,47.2082,11.38,natural-earth,12687.007,10.081121,46.65121,12.951179,47.732023,6,Q42880,2763586,tirol
AUT-2320,AT-8,True,AT,Austria,Vorarlberg,Vorarlberg,Vorarlberg,Vorarlberg,,State,0,1,47.2617,9.87375,natural-earth,2595.309,9.521155,46.846751,10.209278,47.588414,6,Q38981,2762300,vorarlberg
AUT-2331,AT-9,True,AT,Austria,Wien,Vienna,Vienne,Viena,,State,0,1,48.2247,16.3798,natural-earth,408.691,16.188242,48.135253,16.571371,48.330125,9,Q1741,2761367,wien
ATC+00?,AU-X04,False,AU,Ashmore and Cartier Islands,Ashmore and Cartier Islands,Ashmore and Cartier Islands,Îles Ashmore-et-Cartier,Islas Ashmore y Cartier,,,0,1,-12.4325,123.586,natural-earth,2.706,123.575043,-12.438572,123.597748,-12.426609,20,,0,ashmore-and-cartier-islands
AUS-2653,AU-ACT,True,AU,Australia,Australian Capital Territory,Australian Capital Territory,Territoire de la capitale australienne,Territorio de la Capital Australiana,,Territory,0,1,-35.4618,148.983,natural-earth,2349.19,148.769452,-35.919616,149.4044,-35.139509,9,Q3258,2177478,australian-capital-territory
IOA-2652,-99-X14,False,AU,Indian Ocean Territories,Christmas Island,Christmas Island,île Christmas,Isla de Navidad,,,0,1,-10.4913,105.648,natural-earth,99.119,105.581798,-10.566013,105.714692,-10.430841,3,Q31063,,christmas-island
IOA-1928,-99-X15,False,AU,Indian Ocean Territories,Cocos (Keeling) Islands,Cocos,îles Cocos,islas Cocos,,Province,0,1,-12.1915,96.905,natural-earth,13.259,96.821544,-12.199965,96.921072,-12.12656,3,Q36004,,cocos-keeling-islands
CSI+00?,-99-X03,False,AU,Coral Sea Islands,Coral Sea Islands,Coral Sea Islands,Coral Sea Islands,Islas del Mar del Coral,,,0,1,-17.6554,148.43,natural-earth,0.854,147.879893,-22.202732,155.801036,-16.132989,20,,0,coral-sea-islands
AUS-1932,AU-X02,False,AU,Australia,Jervis Bay Territory,Jervis Bay Territory,Territoire de la baie de Jervis,Territorio de Jervis Bay,,Territory,0,1,-35.1532,150.692,natural-earth,75.987,150.613048,-35.199395,150.770356,-35.120442,2,Q15577,-2177478,jervis-bay-territory
AUS-2659,AU-NSW,True,AU,Australia,Lord Howe Island,Lord Howe Island,Île Lord Howe,Isla de Lord Howe,,Territory,0,1,-31.586,159.076,natural-earth,14.261,159.044444,-31.593357,159.106456,-31.51922,3,,0,lord-howe-island
AUS+00?,AU-X03,False,AU,Australia,Macquarie Island,Macquarie Island,île Macquarie,Isla Macquarie,,,0,1,-54.5929,158.898,natural-earth,118.574,158.832042,-54.750421,158.963227,-54.469334,20,Q46650,0,macquarie-island
AUS-2654,AU-NSW,True,AU,Australia,New South Wales,New South Wales,Nouvelle-Galles du Sud,Nueva Gales del Sur,,State,0,1,-32.4751,146.781,natural-earth,802483.424,141.000107,-37.510292,153.630626,-28.149265,2,Q3224,2155400,new-south-wales
AUS-2650,AU-NT,True,AU,Australia,Northern Territory,Northern Territory,Territoire du Nord,Territorio del Norte,,Territory,0,1,-20.1026,133.78,natural-earth,1352471.16,129.000116,-25.999911,138.000187,-10.968357,2,Q3235,2064513,northern-territory
AUS-2657,AU-QLD,True,AU,Australia,Queensland,Queensland,Queensland,Queensland,,State,0,1,-23.1364,144.778,natural-earth,1734425.524,138.000173,-29.170622,153.548839,-9.240167,2,Q36074,2152274,queensland
AUS-2655,AU-SA,True,AU,Australia,South Australia,South Australia,Australie-Méridionale,Australia Meridional,,State,0,1,-29.6504,135.783,natural-earth,984967.574,129.000092,-38.070571,141.000107,-25.999911,2,Q35715,2061327,south-australia
AUS-2660,AU-TAS,True,AU,Australia,Tasmania,Tasmania,Tasmanie,Tasmania,,State,0,1,-42.1383,146.603,natural-earth,68012.788,143.837169,-43.64129,148.484548,-39.571466,2,Q34366,2147291,tasmania
AUS-2656,AU-VIC,True,AU,Australia,Victoria,Victoria,Victoria,Victoria,,State,0,1,-37.0082,144.75,natural-earth,227866.989,140.967086,-39.144952,149.972075,-33.986452,2,Q36687,2145234,victoria
AUS-2651,AU-WA,True,AU,Australia,Western Australia,Western Australia,Australie-Occidentale,Australia Occidental,,State,0,1,-25.8483,121.646,natural-earth,2533138.363,112.919444,-35.137872,129.000116,-13.723565,2,Q3206,2058645,western-australia
ABW-5150,AW-X01,False,AW,Aruba,Aruba,Aruba,Aruba,Aruba,,,0,1,12.5147,-69.9689,natural-earth,170.421,-70.062408,12.41767,-69.87682,12.632148,20,Q21203,,aruba
ALD-4823,AX-X15,False,AX,Aland,Brändö,Brändö,Brändö,Brändö,,,0,1,60.465865,21.080136,polylabel,5.231,21.059255,60.448961,21.09669,60.48078,20,,660528,brando
ALD-4812,AX-X04,False,AX,Aland,Eckerö,Eckerö,Eckerö,Eckerö,,,0,1,60.2169,19.5905,natural-earth,77.56,19.513194,60.12995,19.674327,60.260484,20,,3041809,eckero
ALD-4814,AX-X06,False,AX,Aland,Föglö,Föglö,Föglö,Föglö,,,0,1,60.0019,20.3479,natural-earth,75.328,20.281315,59.953624,20.617931,60.073635,20,,659951,foglo
ALD-4810,AX-X02,False,AX,Aland,Jomala,Jomala,Jomala,Jomala,,,0,1,60.1395,19.8953,natural-earth,120.766,19.747569,60.07392,20.050466,60.186225,20,,3041761,jomala
ALD-4822,AX-X14,False,AX,Aland,Kumlinge,Kumlinge,Kumlinge,Kumlinge,,,0,1,60.2647,20.8067,natural-earth,35.991,20.663422,60.194566,20.853038,60.367865,20,,650397,kumlinge
ALD-4824,AX-X16,False,AX,Aland,Kökar,Kökar,Kökar,Kökar,,,0,1,59.923,20.8903,natural-earth,18.602,20.862071,59.904486,20.996593,59.957994,20,,651989,kokar
ALD-4818,AX-X10,False,AX,Aland,Lemland,Lemland,Lemland,Lemland,,,0,1,60.0449,20.1496,natural-earth,78.27,20.025256,59.971436,20.225218,60.094975,20,,648384,lemland
ALD-4819,AX-X11,False,AX,Aland,Lumparland,Lumparland,Lumparland,Lumparland,,,0,1,60.1022,20.2285,natural-earth,29.978,20.198253,60.060492,20.297618,60.149604,20,,647457,lumparland
ALD-4817,AX-X09,False,AX,Aland,Mariehamn,Mariehamn,Mariehamn,Mariehamn,,,0,1,60.0903,19.9417,natural-earth,8.554,19.91033,60.047675,19.965994,60.110769,20,,3041733,mariehamn
ALD-4821,AX-X13,False,AX,Aland,Sottunga,Sottunga,Sottunga,Sottunga,,,0,1,60.1333,20.6633,natural-earth,8.634,20.635509,60.109198,20.688243,60.151353,20,,636159,sottunga
ALD-4820,AX-X12,False,AX,Aland,Vårdö,Vårdö,Vårdö,Vårdö,,,0,1,60.2456,20.4053,natural-earth,22.733,20.345388,60.196763,20.441417,60.26968,20,,632425,vardo
AZ-absheron-economic-region,AZ-01,False,AZ,Azerbaijan,Absheron Economic Region,Absheron Economic Region,,,,,4,1,40.422396,49.476375,polylabel,6326.999,48.769148,39.666571,50.625743,40.976156,9,,,absheron-economic-region
AZ-aran-economic-region,AZ-06,False,AZ,Azerbaijan,Aran Economic Region,Aran Economic Region,,,,,19,1,40.153092,47.705567,polylabel,21746.404,46.731184,39.128465,49.408946,40.965975,7,,,aran-economic-region
AZ-daghlig-shirvan-economic-region,AZ-09,False,AZ,Azerbaijan,Daghlig Shirvan Economic Region,Daghlig Shirvan Economic Region,,,,,4,1,40.62752,48.53768,polylabel,5956.638,47.732467,40.268008,49.263123,41.063127,9,,,daghlig-shirvan-economic-region
AZ-ganja-gazakh-economic-region,AZ-02,False,AZ,Azerbaijan,Ganja-Gazakh Economic Region,Ganja-Gazakh Economic Region,,,,,11,1,40.739062,46.116861,polylabel,12131.917,44.960697,40.260438,46.962126,41.452923,7,,,ganja-gazakh-economic-region
AZ-guba-khachmaz-economic-region,AZ-05,False,AZ,Azerbaijan,Guba-Khachmaz Economic Region,Guba-Khachmaz Economic Region,,,,,5,1,41.296981,48.60935,polylabel,7204.664,47.813491,40.855052,49.371421,41.845282,9,,,guba-khachmaz-economic-region
AZ-kalbajar-lachin-economic-region,AZ-08,False,AZ,Azerbaijan,Kalbajar-Lachin Economic Region,Kalbajar-Lachin Economic Region,,,,,4,1,39.961899,46.169674,polylabel,6016.359,45.576267,38.882176,46.866391,40.315059,9,,,kalbajar-lachin-economic-region
AZ-lankaran-economic-region,AZ-04,False,AZ,Azerbaijan,Lankaran Economic Region,Lankaran Economic Region,,,,,7,1,38.872101,48.546433,polylabel,5931.469,47.990745,38.392645,49.234302,39.419765,9,,,lankaran-economic-region
AZ-naxcıvan-autonomous-republic,AZ-10,False,AZ,Azerbaijan,Naxçıvan Autonomous Republic,Naxçıvan Autonomous Republic,,,,,8,1,39.276639,45.548427,polylabel,4778.572,44.774559,38.862668,46.135871,39.77039,9,,,naxcıvan-autonomous-republic
AZ-shaki-zaqatala-economic-region,AZ-03,False,AZ,Azerbaijan,Shaki-Zaqatala Economic Region,Shaki-Zaqatala Economic Region,,,,,7,1,41.218527,46.978505,polylabel,8831.801,46.179537,40.639458,48.031105,41.890442,9,,,shaki-zaqatala-economic-region
AZ-yukhari-garabakh-economic-region,AZ-07,False,AZ,Azerbaijan,Yukhari Garabakh Economic Region,Yukhari Garabakh Economic Region,,,,,9,1,39.605501,47.032222,polylabel,7228.132,46.437145,39.158903,47.62498,40.48001,9,,,yukhari-garabakh-economic-region
BIH-4802,BA-X02,False,BA,Bosnia and Herzegovina,Banja Luka,Banja Luka,Banja Luka,Bania Luka,,Region,0,1,44.8146,17.2619,natural-earth,8868.751,16.263079,44.067425,17.921118,45.284524,7,,,banja-luka
BIH-4804,BA-X03,False,BA,Bosnia and Herzegovina,Bijeljina,Bijeljina,Bijeljina,Bijeljina,,Region,0,1,44.7513,19.1471,natural-earth,1281.555,18.72944,44.538264,19.376626,44.927543,7,,,bijeljina
BIH-2891,BA-BIH,True,BA,Bosnia and Herzegovina,Bosnian Podrinje,Bosnian Podrinje Canton,Podrinje bosnien,Podrinje Bosnio,,Canton,0,1,43.6774,18.8198,natural-earth,541.587,18.582566,43.575982,19.057069,43.77057,7,Q18256,3343726,bosnian-podrinje
BIH-4803,BA-BRC,True,BA,Bosnia and Herzegovina,Brčko Distrikt,Brčko,Brčko,Brčko,,Condominium,0,1,44.8305,18.854,natural-earth,153.19,18.748038,44.7448,18.975409,44.892233,7,Q194483,3294903,brcko-distrikt
BIH-2226,BA-BIH,True,BA,Bosnia and Herzegovina,Central Bosnia,Central Bosnia Canton,canton de Bosnie centrale,Bosnia Central,,Canton,0,1,44.1028,17.6547,natural-earth,3410.02,17.144318,43.770274,18.165021,44.462285,7,Q18262,3343731,central-bosnia
BIH-4801,BA-X01,False,BA,Bosnia and Herzegovina,Doboj,Doboj,Doboj,Doboj,,Region,0,1,44.9307,18.0675,natural-earth,2324.428,17.722206,44.573854,18.769128,45.149442,7,,,doboj
BIH-4807,BA-X06,False,BA,Bosnia and Herzegovina,Foča,Foča,Foča,Foča,,Region,0,1,43.4443,18.7352,natural-earth,2778.875,18.348714,43.233176,19.507367,43.952357,7,,,foca
BIH-2228,BA-BIH,True,BA,Bosnia and Herzegovina,Herzegovina-Neretva,Herzegovina-Neretva Canton,canton d'Herzégovine-Neretva,Herzegovina-Neretva,,Canton,0,1,43.3226,17.8878,natural-earth,4762.273,17.380934,42.574393,18.394732,43.860476,7,Q18273,3343733,herzegovina-neretva
BIH-3153,BA-SRP,True,BA,Bosnia and Herzegovina,Posavina,Posavina Canton,canton de la Posavina,Posavina,,Canton,0,1,45.06,18.2977,natural-earth,593.737,18.143698,44.841538,18.842129,45.157451,7,Q18249,3343706,posavina
BIH-2890,BA-BIH,True,BA,Bosnia and Herzegovina,Sarajevo,Sarajevo Canton,canton de Sarajevo,Sarajevo,,Canton,0,1,43.7991,18.3077,natural-earth,1405.664,18.006581,43.574317,18.608759,44.111365,9,Q18276,3343737,sarajevo
BIH-4806,BA-X05,False,BA,Bosnia and Herzegovina,Sarajevo-romanija,Sarajevo-Romanija,Sarajevo-Romanija,Sarajevo-Romanija,,Region,0,1,43.9275,18.751,natural-earth,2165.008,18.370341,43.587917,19.24094,44.120342,7,,,sarajevo-romanija
BIH-4808,BA-X07,False,BA,Bosnia and Herzegovina,Trebinje,Trebinje,Trebinje,Trebinje,,Region,0,1,43.1037,18.3391,natural-earth,3192.125,17.988504,42.559212,18.688399,43.445086,7,,,trebinje
BIH-2887,BA-BIH,True,BA,Bosnia and Herzegovina,Tuzla,Tuzla Canton,canton de Tuzla,Tuzla,,Canton,0,1,44.5325,18.5549,natural-earth,3046.603,18.078524,44.14883,19.031283,44.918639,7,Q18250,3343716,tuzla
BIH-2225,BA-BIH,True,BA,Bosnia and Herzegovina,Una-Sana,Una-Sana Canton,Una-Sana,Una-Sana,,Canton,0,1,44.6409,16.299,natural-earth,4821.122,15.716074,44.350531,16.882525,45.218533,7,Q18248,3343704,una-sana
BIH-4805,BA-X04,False,BA,Bosnia and Herzegovina,Vlasenica,Vlasenica,Vlasenica,Vlasenica,,Region,0,1,44.1968,19.0758,natural-earth,2201.251,18.736572,43.921512,19.618885,44.594183,7,,,vlasenica
BIH-2224,BA-BIH,True,BA,Bosnia and Herzegovina,West Bosnia,Livno,Bosnie-Herzégovine,Bosnia Occidental,,Canton,0,1,43.9773,16.8584,natural-earth,5251.413,16.186639,43.527747,17.530538,44.455268,7,,3343740,west-bosnia
BIH-2227,BA-BIH,True,BA,Bosnia and Herzegovina,West Herzegovina,West Herzegovina Canton,canton de l'Herzégovine de l'Ouest,Herzegovina Occidental,,Canton,0,1,43.3908,17.4063,natural-earth,1506.458,17.062314,43.072902,17.750317,43.653511,7,Q18275,3343736,west-herzegovina
BIH-2889,BA-BIH,True,BA,Bosnia and Herzegovina,Zenica-Doboj,Zenica-Doboj Canton,canton de Zenica-Doboj,Zenica-Doboj,,Canton,0,1,44.2843,18.2479,natural-earth,3417.573,17.732808,43.904504,18.763072,44.72692,7,Q18253,3343722,zenica-doboj
BRB-1989,BB-01,True,BB,Barbados,Christ Church,Christ Church,Christ Church,Parroquia de Christ Church,,Parish,0,1,13.0873,-59.538,natural-earth,57.648,-59.600269,13.051174,-59.475779,13.129431,10,Q1626524,3373988,christ-church
BRB-1990,BB-02,True,BB,Barbados,Saint Andrew,Saint Andrew,Saint Andrew,Saint Andrew,,Parish,0,1,13.2551,-59.5759,natural-earth,36.154,-59.606046,13.20984,-59.545818,13.289672,10,Q1647439,3373580,saint-andrew
BRB-1991,BB-03,True,BB,Barbados,Saint George,Saint George,Saint George,Parroquia de Saint George,,Parish,0,1,13.1489,-59.5479,natural-earth,44.309,-59.587107,13.108192,-59.508714,13.182503,10,Q1647443,3373572,saint-george
BRB-1992,BB-04,True,BB,Barbados,Saint James,Saint James,Saint James,Parroquia de Saint James,,Parish,0,1,13.192,-59.6259,natural-earth,42.675,-59.650806,13.136408,-59.601033,13.244928,10,Q592141,3373570,saint-james
BRB-1993,BB-05,True,BB,Barbados,Saint John,Saint John,Saint John,Parroquia de Saint John,,Parish,0,1,13.1795,-59.5039,natural-earth,31.344,-59.54021,13.145761,-59.467681,13.217515,10,Q1626540,3373569,saint-john
BRB-1994,BB-06,True,BB,Barbados,Saint Joseph,Saint Joseph,Saint Joseph,Parroquia de Saint Joseph,,Parish,0,1,13.2118,-59.5495,natural-earth,25.32,-59.580983,13.180074,-59.518056,13.24381,10,Q550249,3373580,saint-joseph
BRB-1995,BB-07,True,BB,Barbados,Saint Lucy,Saint Lucy,Saint Lucy,Parroquia de Saint Lucy,,Parish,0,1,13.3177,-59.615,natural-earth,37.897,-59.654205,13.273861,-59.575919,13.34455,10,Q1647447,3373565,saint-lucy
BRB-1996,BB-08,True,BB,Barbados,Saint Michael,Saint Michael,Saint Michael,Parroquia de Saint Michael,,Parish,0,1,13.118,-59.6047,natural-earth,40.262,-59.640607,13.084119,-59.568839,13.161316,10,Q819170,3373557,saint-michael
BRB-1997,BB-09,True,BB,Barbados,Saint Peter,Saint Peter,Saint Peter,Parroquia de Saint Peter,,Parish,0,1,13.2679,-59.6109,natural-earth,30.437,-59.652921,13.237229,-59.568965,13.304393,10,Q932723,3373554,saint-peter
BRB-1998,BB-10,True,BB,Barbados,Saint Philip,Saint Philip,Saint Philip,Parroquia de Saint Philip,,Parish,0,1,13.1368,-59.47,natural-earth,64.927,-59.513106,13.086493,-59.42691,13.186538,10,Q1647436,3373553,saint-philip
BRB-1999,BB-11,True,BB,Barbados,Saint Thomas,Saint Thomas,Saint Thomas,Parroquia de Saint Thomas,,Parish,0,1,13.1877,-59.5898,natural-earth,34.935,-59.625296,13.150257,-59.554292,13.217023,10,Q1647432,3373551,saint-thomas
BGD-2475,BD-A,True,BD,Bangladesh,Barisal,Barisal,Barisal,Barisal,,Division,0,1,22.4351,90.2369,natural-earth,9127.14,89.875336,21.800971,90.997813,23.071615,7,Q459723,1337229,barisal
BGD-2476,BD-B,True,BD,Bangladesh,Chittagong,Chattogram,Chittagong,Chittagong,,Division,0,1,22.4245,92.1333,natural-earth,29295.802,90.599132,20.738715,92.642851,24.256427,7,Q158087,1337200,chittagong
BGD-1806,BD-C,True,BD,Bangladesh,Dhaka,Dhaka,Dhaka,Daca,,Division,0,1,24.1653,90.4053,natural-earth,30616.847,89.308482,22.870232,91.248777,25.402893,7,Q330158,1337179,dhaka
BGD-2432,BD-D,True,BD,Bangladesh,Khulna,Khulna,Khulna,Khulna,,Division,0,1,22.9179,89.3708,natural-earth,21875.908,88.540104,21.643948,89.979503,24.189771,7,Q2093344,1337210,khulna
BGD-3255,BD-E,True,BD,Bangladesh,Rajshahi,Rajshahi,Rajshahi,Rajshahi,,Division,0,1,24.6664,89.0438,natural-earth,18884.614,88.02179,23.814877,89.832533,25.302643,7,Q2344697,1337166,rajshahi
BGD-5492,BD-F,True,BD,Bangladesh,Rangpur,Rangpur,Rangpur,Rangpur,,Division,0,1,25.7571,89.112,natural-earth,15422.639,88.074396,25.159524,89.834392,26.623544,7,Q2344570,7671048,rangpur
BGD-2488,BD-G,True,BD,Bangladesh,Sylhet,Sylhet,Sylhet,Sylhet,,Division,0,1,24.6452,91.7033,natural-earth,11994.475,90.912363,23.987865,92.49454,25.201925,2,Q459732,1477362,sylhet
BE-capital-region,,False,BE,Belgium,Capital Region,Capital Region,,,,,1,1,50.833859,4.366412,polylabel,163.95,4.24557,50.764639,4.479746,50.914811,9,,,capital-region
BE-flemish,,False,BE,Belgium,Flemish,Flemish,,,,,5,1,51.109831,4.671485,polylabel,13468.843,2.5218,50.688726,5.910158,51.496238,7,,,flemish
BE-walloon,,False,BE,Belgium,Walloon,Walloon,,,,,5,1,50.227622,5.357441,polylabel,16928.436,2.842193,49.495224,6.374525,50.811613,7,,,walloon
BFA-2803,BF-BAL,True,BF,Burkina Faso,Balé,Balé,Balé,Balé,,Province,0,1,11.8279,-3.06879,natural-earth,4706.581,-3.612694,11.233449,-2.524879,12.099701,8,Q805913,2597248,bale
BFA-2811,BF-BAM,True,BF,Burkina Faso,Bam,Bam,Bam,Bam,,Province,0,1,13.4455,-1.57778,natural-earth,4241.603,-1.878691,12.994039,-1.276867,13.902666,8,Q620710,2362973,bam
BFA-2801,BF-BAN,True,BF,Burkina Faso,Banwa,Banwa,Banwa,Banwa,,Province,0,1,12.1648,-4.10849,natural-earth,5956.204,-4.652737,11.716856,-3.563705,12.738991,8,Q674664,2597250,banwa
BFA-2814,BF-BAZ,True,BF,Burkina Faso,Bazéga,Bazèga,Bazèga,Bazéga,,Province,0,1,11.9332,-1.46488,natural-earth,3981.159,-2.041808,11.584099,-0.887951,12.194501,8,Q619764,2362644,bazega
BFA-2832,BF-BGR,True,BF,Burkina Faso,Bougouriba,Bougouriba,Bougouriba,Bougouriba,,Province,0,1,10.8979,-3.42349,natural-earth,3241.076,-3.794207,10.592584,-3.05278,11.195854,8,Q676641,2362047,bougouriba
BFA-2826,BF-BLG,True,BF,Burkina Faso,Boulgou,Boulgou,Boulgou,Boulgou,,Province,0,1,11.4767,-0.43666,natural-earth,6698.092,-0.923917,10.907966,0.050597,11.989759,8,Q895097,2362006,boulgou
BFA-2812,BF-BLK,True,BF,Burkina Faso,Boulkiemdé,Boulkiemdé,Boulkiemdé,Boulkiemdé,,Province,0,1,12.3143,-2.13572,natural-earth,4229.473,-2.481523,11.901884,-1.789911,12.70801,8,Q895102,2361988,boulkiemde
BFA-2828,BF-GAN,True,BF,Burkina Faso,Ganzourgou,Ganzourgou,Ganzourgou,Ganzourgou,,Province,0,1,12.2052,-0.768604,natural-earth,4240.636,-1.116154,11.83765,-0.421054,12.679381,8,Q182889,2360627,ganzourgou
BFA-2874,BF-GNA,True,BF,Burkina Faso,Gnagna,Gnagna,Gnagna,Gnagna,,Province,0,1,12.9057,0.115257,natural-earth,8680.9,-0.365967,12.230675,0.596481,13.578241,8,Q1074144,2360516,gnagna
BFA-2184,BF-GOU,True,BF,Burkina Faso,Gourma,Gourma,Gourma,Gourma,,Province,0,1,12.0677,0.610382,natural-earth,11205.801,-0.110349,11.659702,1.331113,12.773717,8,Q432317,2360223,gourma
BFA-2799,BF-HOU,True,BF,Burkina Faso,Houet,Houet,Houet,Houet,,Province,0,1,11.3355,-4.18998,natural-earth,11482.329,-4.793836,10.686893,-3.586132,12.082338,8,Q1074161,2360075,houet
BFA-2833,BF-IOB,True,BF,Burkina Faso,Ioba,Ioba,Ioba,Ioba,,Province,0,1,11.0116,-2.96967,natural-earth,2701.166,-3.302687,10.698004,-2.636655,11.349954,8,Q1074154,2597251,ioba
BFA-2815,BF-KAD,True,BF,Burkina Faso,Kadiogo,Kadiogo,Kadiogo,Kadiogo,,Province,0,1,12.3267,-1.4662,natural-earth,2844.737,-1.87032,12.057094,-1.062074,12.673103,8,Q1074530,2359923,kadiogo
BFA-2875,BF-KMD,True,BF,Burkina Faso,Komondjari,Komondjari,Komondjari,Komondjari,,Province,0,1,12.6971,0.775979,natural-earth,4933.036,0.247303,12.316303,1.304806,13.085782,8,Q1074479,2597259,komondjari
BFA-2836,BF-COM,True,BF,Burkina Faso,Komoé,Comoé,Comoé,Comoé,,Province,0,1,10.2156,-4.41757,natural-earth,15358.648,-5.146037,9.582956,-3.689097,10.89024,8,Q1074496,2359209,komoe
BFA-2183,BF-KMP,True,BF,Burkina Faso,Kompienga,Kompienga,Kompienga,Kompienga,,Province,0,1,11.4519,0.898878,natural-earth,7076.474,0.374779,10.933236,1.423215,11.918084,8,Q1142059,2597260,kompienga
BFA-2802,BF-KOS,True,BF,Burkina Faso,Kossi,Kossi,Kossi,Kossi,,Province,0,1,12.9587,-3.88894,natural-earth,7447.797,-4.351073,12.376273,-3.426245,13.499926,8,Q1074485,2359027,kossi
BFA-2827,BF-KOP,True,BF,Burkina Faso,Koulpélogo,Koulpélogo,Koulpélogo,Koulpélogo,,Province,0,1,11.4079,0.204257,natural-earth,4983.491,-0.16771,11.025808,0.576224,11.785172,8,Q934923,2597261,koulpelogo
BFA-2829,BF-KOT,True,BF,Burkina Faso,Kouritenga,Kouritenga,Kouritenga,Kouritenga,,Province,0,1,12.1587,-0.291527,natural-earth,2900.558,-0.613652,11.793363,0.030598,12.560474,8,Q1141767,2358700,kouritenga
BFA-2813,BF-KOW,True,BF,Burkina Faso,Kourwéogo,Kourwéogo,Kourwéogo,Kourwéogo,,Province,0,1,12.3933,-1.8367,natural-earth,1682.192,-2.077697,12.267985,-1.595711,12.900712,8,Q661376,2597262,kourweogo
BFA-2800,BF-KEN,True,BF,Burkina Faso,Kénédougou,Kénédougou,Kénédougou,Kénédougou,,Province,0,1,11.4128,-5.02728,natural-earth,8460.224,-5.507334,10.810064,-4.546642,12.037263,8,Q1150901,2359569,kenedougou
BFA-2822,BF-LOR,True,BF,Burkina Faso,Loroum,Loroum,Loroum,Loroum,,Province,0,1,13.8724,-2.07087,natural-earth,3641.795,-2.676265,13.516979,-1.730793,14.280912,8,Q1142054,2597264,loroum
BFA-2835,BF-LER,True,BF,Burkina Faso,Léraba,Léraba,Léraba,Léraba,,Province,0,1,10.5879,-5.2352,natural-earth,3217.271,-5.522578,10.291337,-4.947186,11.048473,8,Q977607,2597263,leraba
BFA-2804,BF-MOU,True,BF,Burkina Faso,Mou Houn,Mouhoun,Mouhoun,Mouhoun,,Province,0,1,12.3486,-3.38675,natural-earth,7051.381,-3.980992,11.718562,-2.792511,12.749713,8,Q1142050,2357858,mou-houn
BFA-2830,BF-NAO,True,BF,Burkina Faso,Nahouri,Nahouri,Nahouri,Nahouri,,Province,0,1,11.2028,-1.16782,natural-earth,3623.009,-1.64501,10.966231,-0.690624,11.5348,8,Q1142003,2357548,nahouri
BFA-2824,BF-NAM,True,BF,Burkina Faso,Namentenga,Namentenga,Namentenga,Namentenga,,Province,0,1,13.1697,-0.504021,natural-earth,6487.963,-0.811444,12.466681,-0.196597,13.922639,8,Q1142044,2357611,namentenga
BFA-2807,BF-NAY,True,BF,Burkina Faso,Nayala,Nayala,Nayala,Nayala,,Province,0,1,12.6594,-3.03318,natural-earth,3847.74,-3.429294,12.347851,-2.637069,12.999439,8,Q1141776,2597265,nayala
BFA-5989,BF-NOU,True,BF,Burkina Faso,Noumbiel,Noumbiel,Noumbiel,Noumbiel,,Province,0,1,9.850568,-2.915009,polylabel,2336.198,-3.207636,9.391883,-2.689211,10.110224,8,Q646647,-2356386,noumbiel
BFA-2816,BF-OUB,True,BF,Burkina Faso,Oubritenga,Oubritenga,Oubritenga,Oubritenga,,Province,0,1,12.6477,-1.28565,natural-earth,2816.775,-1.731517,12.254059,-0.839788,12.927661,8,Q1142026,2356983,oubritenga
BFA-2805,BF-OUD,True,BF,Burkina Faso,Oudalan,Oudalan,Oudalan,Oudalan,,Province,0,1,14.5769,-0.411597,natural-earth,10037.088,-1.043138,14.142625,0.220844,15.079908,8,Q514173,2356982,oudalan
BFA-2817,BF-PAS,True,BF,Burkina Faso,Passoré,Passoré,Passoré,Passoré,,Province,0,1,12.8734,-2.10662,natural-earth,3792.44,-2.710785,12.615664,-1.502461,13.141472,8,Q1142008,2356667,passore
BFA-2837,BF-PON,True,BF,Burkina Faso,Poni,Poni,Poni,Poni,,Province,0,1,10.251,-3.34011,natural-earth,8118.684,-3.990397,9.841132,-2.754375,10.74459,8,Q953657,2356386,poni
BFA-2819,BF-SNG,True,BF,Burkina Faso,Sanguié,Sanguié,Sanguié,Sanguié,,Province,0,1,12.2508,-2.57298,natural-earth,5262.416,-2.923744,11.609938,-2.22221,12.814205,8,Q1142014,2355930,sanguie
BFA-2825,BF-SMT,True,BF,Burkina Faso,Sanmatenga,Sanmatenga,Sanmatenga,Sanmatenga,,Province,0,1,13.227,-1.08045,natural-earth,9292.008,-1.552561,12.524197,-0.608329,13.97093,8,Q1142039,2355914,sanmatenga
BFA-2820,BF-SIS,True,BF,Burkina Faso,Sissili,Sissili,Sissili,Sissili,,Province,0,1,11.1806,-2.10887,natural-earth,6964.973,-2.80419,10.986057,-1.413553,11.909532,8,Q964281,2355474,sissili
BFA-2806,BF-SOM,True,BF,Burkina Faso,Soum,Soum,Soum,Soum,,Province,0,1,14.2352,-1.31801,natural-earth,12832.051,-2.085008,13.729266,-0.550788,14.818062,8,Q385973,2355248,soum
BFA-2808,BF-SOR,True,BF,Burkina Faso,Sourou,Sourou,Sourou,Sourou,,Province,0,1,13.2875,-2.95968,natural-earth,6213.251,-3.476785,12.786455,-2.442584,13.717045,8,Q558703,2355211,sourou
BFA-2876,BF-SEN,True,BF,Burkina Faso,Séno,Séno,Séno,Séno,,Province,0,1,13.8673,-0.07114,natural-earth,6768.303,-0.642022,13.496567,0.499926,14.435545,8,Q1061214,2355737,seno
BFA-2878,BF-TAP,True,BF,Burkina Faso,Tapoa,Tapoa,Tapoa,Tapoa,,Province,0,1,12.0191,1.79465,natural-earth,14296.126,1.199751,11.388686,2.390169,12.838508,8,Q621983,2354771,tapoa
BFA-2834,BF-TUI,True,BF,Burkina Faso,Tuy,Tuy,Tuy,Tuy,,Province,0,1,11.3659,-3.40955,natural-earth,5781.067,-3.990681,10.968788,-2.828426,11.851086,8,Q627844,2597267,tuy
BFA-2877,BF-YAG,True,BF,Burkina Faso,Yagha,Yagha,Yagha,Yagha,,Province,0,1,13.3228,0.664784,natural-earth,6404.635,0.0615,12.949701,1.268687,13.851015,8,Q1074466,2597268,yagha
BFA-2823,BF-YAT,True,BF,Burkina Faso,Yatenga,Yatenga,Yatenga,Yatenga,,Province,0,1,13.6813,-2.32529,natural-earth,7221.976,-2.930473,13.02936,-1.719889,14.141729,8,Q1074521,2353568,yatenga
BFA-2821,BF-ZIR,True,BF,Burkina Faso,Ziro,Ziro,Ziro,Ziro,,Province,0,1,11.6131,-1.83187,natural-earth,5264.615,-2.34998,11.28665,-1.313764,11.98175,8,Q206019,2597269,ziro
BFA-2818,BF-ZON,True,BF,Burkina Faso,Zondoma,Zondoma,Zondoma,Zondoma,,Province,0,1,13.1939,-2.38127,natural-earth,1783.521,-2.696135,12.958227,-2.066406,13.388356,8,Q219859,2597270,zondoma
BFA-2831,BF-ZOU,True,BF,Burkina Faso,Zoundwéogo,Zoundwéogo,Zoundwéogo,Zoundwéogo,,Province,0,1,11.5711,-0.940234,natural-earth,3719.225,-1.347716,11.166864,-0.532753,11.926327,8,Q227059,2353169,zoundweogo
BGR-3002,BG-01,True,BG,Bulgaria,Blagoevgrad,Blagoevgrad,Blagoevgrad,Blagoevgrad,Благоевград,Province,0,1,41.743,23.5213,natural-earth,6695.017,22.845621,41.312673,24.197698,42.178304,7,Q804311,733192,blagoevgrad
BGR-2254,BG-02,True,BG,Bulgaria,Burgas,Burgas,Bourgas,Burgas,Бургас,Province,0,1,42.5385,27.2597,natural-earth,7636.155,26.498982,41.901164,28.020356,42.98841,7,Q369220,732771,burgas
BGR-2259,BG-08,True,BG,Bulgaria,Dobrich,Dobrich,Dobritch,Dobrich,Добрич,Province,0,1,43.6874,27.9018,natural-earth,4649.709,27.200128,43.353091,28.603526,43.993336,7,Q907395,726419,dobrich
BGR-2246,BG-07,True,BG,Bulgaria,Gabrovo,Gabrovo,Gabrovo,Gabrovo,Габрово,Province,0,1,42.9256,25.2475,natural-earth,2068.524,24.867454,42.73579,25.627614,43.195865,7,Q1007272,864552,gabrovo
BGR-2243,BG-22,True,BG,Bulgaria,Grad Sofiya,Sofia,Sofia-ville,Sofía-Ciudad,София-град,Province,0,1,42.679,23.357,natural-earth,1242.24,23.059502,42.416946,23.654401,42.898002,9,Q1585725,731061,grad-sofiya
BGR-2232,BG-26,True,BG,Bulgaria,Haskovo,Haskovo,Khaskovo,Haskovo,Хасково,Province,0,1,41.8489,25.8816,natural-earth,4021.921,25.210792,41.562709,26.552895,42.192748,7,Q182809,730436,haskovo
BGR-2237,BG-09,True,BG,Bulgaria,Kardzhali,Kardzhali,Kardjali,Kardzhali,Кърджалийска,Province,0,1,41.5377,25.5852,natural-earth,4068.198,24.993441,41.238104,26.177399,41.908579,7,Q1104675,864553,kardzhali
BGR-2252,BG-10,True,BG,Bulgaria,Kyustendil,Kyustendil,Kyoustendil,Kyustendil,Кюстендил,Province,0,1,42.2381,22.9371,natural-earth,3169.853,22.345023,42.007408,23.529758,42.635279,7,Q1112985,864554,kyustendil
BGR-2247,BG-11,True,BG,Bulgaria,Lovech,Lovech,Lovetch,Lovech,Ловеч,Province,0,1,43.0037,24.5374,natural-earth,4127.121,23.958362,42.709435,25.116534,43.363813,7,Q6587068,729560,lovech
BGR-2250,BG-12,True,BG,Bulgaria,Montana,Montana,Montana,Montana,Монтана,Province,0,1,43.487,23.1788,natural-earth,3833.045,22.724343,43.111193,23.633317,43.886592,7,Q2012057,453753,montana
BGR-2234,BG-13,True,BG,Bulgaria,Pazardzhik,Pazardzhik,Pazardjik,Pazardzhik,Пазарджик,Province,0,1,42.192,24.1391,natural-earth,4304.52,23.762509,41.686345,24.515744,42.629672,7,Q2012227,728379,pazardzhik
BGR-2245,BG-14,True,BG,Bulgaria,Pernik,Pernik,Pernik,Pernik,Перник,Province,0,1,42.6064,22.8519,natural-earth,2398.184,22.425845,42.36018,23.278507,42.898858,7,Q2012234,728331,pernik
BGR-2248,BG-15,True,BG,Bulgaria,Pleven,Pleven,Pleven,Pleven,Плевенска,Province,0,1,43.4953,24.6181,natural-earth,4426.317,23.950714,43.201136,25.285405,43.802418,7,Q2012242,728204,pleven
BGR-2235,BG-16,True,BG,Bulgaria,Plovdiv,Plovdiv,Plovdiv,Plovdiv,Пловдив,Province,0,1,42.3061,24.8449,natural-earth,5557.463,24.360198,41.793341,25.329545,42.792479,9,Q187874,728194,plovdiv
BGR-2256,BG-17,True,BG,Bulgaria,Razgrad,Razgrad,Razgrad,Razgrad,Разград,Province,0,1,43.6291,26.5873,natural-earth,2576.972,26.161535,43.342058,27.013163,43.953286,7,Q2790675,453751,razgrad
BGR-2262,BG-18,True,BG,Bulgaria,Ruse,Ruse,Roussé,Ruse,Русенска,Province,0,1,43.6211,25.9305,natural-earth,2831.678,25.464834,43.318855,26.39625,44.054926,7,Q1251933,727524,ruse
BGR-2258,BG-27,True,BG,Bulgaria,Shumen,Shumen,Choumen,Shumen,Шумен,Province,0,1,43.2942,26.9857,natural-earth,3353.53,26.552519,42.888907,27.418926,43.721621,7,Q184981,864555,shumen
BGR-2261,BG-19,True,BG,Bulgaria,Silistra,Silistra,Silistra,Silistra,Силистра,Province,0,1,43.9352,27.0072,natural-earth,3053.499,26.332335,43.66563,27.682515,44.177046,7,Q2012423,864556,silistra
BGR-2231,BG-20,True,BG,Bulgaria,Sliven,Sliven,Sliven,Sliven,Сливен,Province,0,1,42.7164,26.2373,natural-earth,3566.745,25.810859,42.152725,26.663727,43.041507,7,Q113120,864557,sliven
BGR-2236,BG-21,True,BG,Bulgaria,Smolyan,Smolyan,Smolyan,Smolyan,Смолян,Province,0,1,41.6644,24.6089,natural-earth,3649.678,24.063059,41.307535,25.154775,41.949429,7,Q2012430,864558,smolyan
BGR-2244,BG-23,True,BG,Bulgaria,Sofia,Sofia,Sofia,Sofía,Sofija,Province,0,1,42.288,23.606,natural-earth,7095.015,22.739579,42.084124,24.472956,43.194935,7,Q202904,727012,sofia
BGR-2233,BG-24,True,BG,Bulgaria,Stara Zagora,Stara Zagora,Stara Zagora,Stara Zagora,Стара Загора,Province,0,1,42.4759,25.5689,natural-earth,4853.184,24.994371,42.019606,26.143345,42.78881,7,Q2012583,864559,stara-zagora
BGR-2257,BG-25,True,BG,Bulgaria,Targovishte,Targovishte,Targovichté,Tărgovište,Търговищка,Province,0,1,43.2251,26.3637,natural-earth,2717.749,25.946148,42.949058,26.781342,43.547678,7,Q2012589,864560,targovishte
BGR-2260,BG-03,True,BG,Bulgaria,Varna,Varna,Varna,Varna,Варна,Province,0,1,43.2097,27.5827,natural-earth,3917.745,27.078482,42.822064,28.086997,43.571243,7,Q183487,726051,varna
BGR-2249,BG-04,True,BG,Bulgaria,Veliko Tarnovo,Veliko Tarnovo,Veliko Tarnovo,Veliko Tarnovo,Велико Търново,Province,0,1,42.8079,25.6222,natural-earth,4730.489,25.072506,42.75739,26.171974,43.690391,7,Q2012621,864561,veliko-tarnovo
BGR-2253,BG-05,True,BG,Bulgaria,Vidin,Vidin,Vidin,Vidin,Видин,Province,0,1,43.8092,22.7008,natural-earth,3238.875,22.349467,43.38606,23.052551,44.228435,7,Q2012772,864562,vidin
BGR-2251,BG-06,True,BG,Bulgaria,Vratsa,Vratsa,Vratsa,Vratsa,Враца,Province,0,1,43.4325,23.832,natural-earth,4401.6,23.327186,43.009158,24.336705,43.845826,7,Q2012785,725713,vratsa
BGR-2255,BG-28,True,BG,Bulgaria,Yambol,Yambol,Yambol,Yambol,Ямбол,Province,0,1,42.2935,26.6096,natural-earth,4383.235,26.129599,41.872277,27.089541,42.695844,7,Q220736,864563,yambol
BHR-4926,BH-14,True,BH,Bahrain,Al Janūbīyah,Southern,méridional,Sur,المحافظة الجنوبية,Governorate,0,1,25.9688,50.5622,natural-earth,396.005,50.46046,25.579891,50.819875,26.128903,20,Q838532,7090972,al-janubiyah
BHR-4929,BH-13,True,BH,Bahrain,Al Manāmah,Capital,de la capitale,Capital,محافظة العاصمة,Governorate,0,1,26.2204,50.5777,natural-earth,35.452,50.502023,26.194241,50.609141,26.242499,20,Q528953,7090954,al-manamah
BHR-4930,BH-15,True,BH,Bahrain,Al Muḩarraq,Muharraq,de Muharraq,Muharraq,محافظة المحرق‎,Governorate,0,1,26.261,50.6376,natural-earth,32.159,50.599504,26.20264,50.684302,26.287439,20,Q375630,290333,al-muharraq
BHR-4928,BH-16,True,BH,Bahrain,Al Wusţá,Central,central,Central,لمحافظة الوسطى,Governorate,0,1,26.1373,50.5738,natural-earth,82.06,50.509951,26.095932,50.64566,26.194241,20,Q856539,7090973,al-wusta
BHR-4927,BH-17,True,BH,Bahrain,Ash Shamālīyah,Northern,septentrional,Norte,لمحافظة الشمالية,Governorate,0,1,26.1624,50.4868,natural-earth,143.751,50.38053,26.046978,50.551606,26.24258,20,Q840445,7090974,ash-shamaliyah
BDI-2636,BI-BB,True,BI,Burundi,Bubanza,Bubanza,Bubanza,Bubanza,,Province,0,1,-3.1045,29.3862,natural-earth,1121.924,29.214113,-3.311064,29.558744,-2.911036,9,Q460538,428514,bubanza
BDI-3364,BI-BM,True,BI,Burundi,Bujumbura Mairie,Bujumbura Mairie,Bujumbura Mairie,Buyumbura Mairie,,Province,0,1,-3.39861,29.3689,natural-earth,468.235,29.211937,-3.572459,29.412443,-3.309605,9,Q1816580,7303939,bujumbura-mairie
BDI-4854,BI-BL,True,BI,Burundi,Bujumbura Rural,Bujumbura Rural,Bujumbura rural,Buyumbura Rural,,Province,0,1,-3.61843,29.4237,natural-earth,1378.111,29.206672,-3.729488,29.604219,-3.257165,9,Q645043,7303940,bujumbura-rural
BDI-2637,BI-BR,True,BI,Burundi,Bururi,Bururi,Bururi,Bururi,,Province,0,1,-3.85152,29.5672,natural-earth,3381.283,29.206568,-4.189048,29.928334,-3.546347,7,Q431385,423327,bururi
BDI-2632,BI-CA,True,BI,Burundi,Cankuzo,Cankuzo,Cankuzo,Cankuzo,,Province,0,1,-3.11103,30.5612,natural-earth,1807.267,30.288932,-3.383101,30.833962,-2.898995,7,Q645033,427700,cankuzo
BDI-2638,BI-CI,True,BI,Burundi,Cibitoke,Cibitoke,Cibitoke,Cibitoke,,Province,0,1,-2.86742,29.2407,natural-earth,1643.5,28.986892,-3.104188,29.494872,-2.594621,9,Q505596,430020,cibitoke
BDI-2639,BI-GI,True,BI,Burundi,Gitega,Gitega,Gitega,Gitega,,Province,0,1,-3.48983,29.9159,natural-earth,1844.048,29.726072,-3.831962,30.105791,-3.058469,9,Q720843,426271,gitega
BDI-2633,BI-KR,True,BI,Burundi,Karuzi,Karuzi,Karuzi,Karuzi,,Province,0,1,-3.14444,30.1146,natural-earth,1366.503,29.891127,-3.375298,30.338128,-2.897962,9,Q735463,428218,karuzi
BDI-2640,BI-KY,True,BI,Burundi,Kayanza,Kayanza,Kayanza,Kayanza,,Province,0,1,-3.02498,29.6613,natural-earth,1109.161,29.444675,-3.200321,29.878001,-2.787684,9,Q720848,430951,kayanza
BDI-2643,BI-KI,True,BI,Burundi,Kirundo,Kirundo,Kirundo,Kirundo,,Province,0,1,-2.56414,30.1647,natural-earth,1957.405,29.903726,-2.780967,30.426185,-2.316602,7,Q600840,432455,kirundo
BDI-2641,BI-MA,True,BI,Burundi,Makamba,Makamba,Makamba,Makamba,,Province,0,1,-4.21622,29.771,natural-earth,2458.839,29.367224,-4.463344,30.175852,-3.942705,7,Q823740,422233,makamba
BDI-3365,BI-MU,True,BI,Burundi,Muramvya,Muramvya,Muramvya,Muramvya,,Province,0,1,-3.2533,29.668,natural-earth,830.98,29.523087,-3.402066,29.865805,-3.090767,7,Q671086,425550,muramvya
BDI-2644,BI-MY,True,BI,Burundi,Muyinga,Muyinga,Muyinga,Muyinga,,Province,0,1,-2.89215,30.3161,natural-earth,1684.938,30.078092,-3.145079,30.5546,-2.303062,7,Q822571,431747,muyinga
BDI-5588,BI-MW,True,BI,Burundi,Mwaro,Mwaro,Mwaro,Mwaro,,Province,0,1,-3.51787,29.6943,natural-earth,759.569,29.583962,-3.715897,29.887199,-3.356126,7,Q847718,434386,mwaro
BDI-2642,BI-NG,True,BI,Burundi,Ngozi,Ngozi,Ngozi,Ngozi,,Province,0,1,-2.86902,29.896,natural-earth,1462.306,29.605046,-3.086943,30.187026,-2.637947,9,Q720852,430567,ngozi
BDI-2634,BI-RT,True,BI,Burundi,Rutana,Rutana,Rutana,Rutana,,Province,0,1,-3.84824,30.1331,natural-earth,1687.979,29.881618,-4.13551,30.384998,-3.63585,7,Q822566,434147,rutana
BDI-2635,BI-RY,True,BI,Burundi,Ruyigi,Ruyigi,Ruyigi,Ruyigi,,Province,0,1,-3.44273,30.3391,natural-earth,2199.33,30.038095,-3.704339,30.640434,-3.18518,7,Q822578,426699,ruyigi
BEN-2170,BJ-AL,True,BJ,Benin,Alibori,Alibori,Alibori,Alibori,,Department,0,1,11.4305,2.92598,natural-earth,26795.552,2.015429,10.517834,3.837246,12.399244,7,Q29165,2597271,alibori
BEN-2181,BJ-AK,True,BJ,Benin,Atakora,Atakora,Atacora,Atakora,,Department,0,1,10.7035,1.55782,natural-earth,21335.261,0.759881,9.946887,2.356167,11.473771,7,Q29154,2395524,atakora
BEN-2174,BJ-AQ,True,BJ,Benin,Atlantique,Atlantique,Atlantique,Atlantique,,Department,0,1,6.61657,2.22263,natural-earth,3151.315,1.957845,6.286521,2.487425,6.92056,7,Q29147,2395504,atlantique
BEN-2169,BJ-BO,True,BJ,Benin,Borgou,Borgou,Borgou,Borgou,,Department,0,1,9.80668,2.90363,natural-earth,25728.755,1.970247,8.771218,3.837419,10.630609,7,Q29136,2394992,borgou
BEN-2171,BJ-CO,True,BJ,Benin,Collines,Collines,Collines,Collines,,Department,0,1,8.00513,2.17251,natural-earth,14404.827,1.60107,7.426033,2.744773,8.776674,7,Q29141,2597272,collines
BEN-2182,BJ-DO,True,BJ,Benin,Donga,Donga,Donga,Donga,,Department,0,1,9.31506,1.77142,natural-earth,11050.515,1.323154,8.475607,2.220103,10.040447,7,Q29161,2597274,donga
BEN-2176,BJ-KO,True,BJ,Benin,Kouffo,Kouffo,Couffo,Kouffo,,Department,0,1,6.98499,1.81235,natural-earth,2752.28,1.531927,6.68998,2.093134,7.536385,7,Q29173,2597273,kouffo
BEN-2175,BJ-LI,True,BJ,Benin,Littoral,Littoral,Littoral,Littoral,,Department,0,1,6.36623,2.42192,natural-earth,57.999,2.359853,6.336401,2.483952,6.395837,7,Q29158,2597275,littoral
BEN-2180,BJ-MO,True,BJ,Benin,Mono,Mono,Mono,Mono,,Department,0,1,6.48568,1.79465,natural-earth,1734.382,1.566033,6.213894,2.023629,6.747005,7,Q29135,2392716,mono
BEN-2177,BJ-OU,True,BJ,Benin,Ouémé,Ouémé,Ouémé,Ouémé,,Department,0,1,6.59423,2.55171,natural-earth,1377.788,2.384899,6.347932,2.718803,6.993553,7,Q29169,2392325,oueme
BEN-2179,BJ-PL,True,BJ,Benin,Plateau,Plateau,Plateau,Plateau,,Department,0,1,7.15213,2.60483,natural-earth,3092.221,2.417765,6.504298,2.792315,7.659714,7,Q32108,2597277,plateau
BEN-2178,BJ-ZO,True,BJ,Benin,Zou,Zou,Zou,Zou,,Department,0,1,7.22681,2.09135,natural-earth,5109.114,1.622855,6.91193,2.560082,7.632403,7,Q29172,2390719,zou
BLM-5113,BL-X00,False,BL,Saint Barthelemy,Saint Barthélemy,Saint Barthélemy,Saint-Barthélemy,San Bartolomé,,,0,1,17.9017,-62.8288,natural-earth,24.501,-62.86734,17.881985,-62.791656,17.929145,20,Q25362,,saint-barthelemy
BMU-5134,BM-HA,True,BM,Bermuda,City of Hamilton,Hamilton,Hamilton,Ciudad de Hamilton,,,0,1,32.2938,-64.7884,natural-earth,0.689,-64.794525,32.289549,-64.784425,32.29734,20,,3573198,city-of-hamilton
BMU-5135,BM-SG,True,BM,Bermuda,City of Saint George,St. George,Saint George,Ciudad de Saint George,,,0,1,32.3747,-64.6742,natural-earth,0.778,-64.681024,32.369778,-64.668491,32.380969,20,,3573062,city-of-saint-george
BMU-5136,BM-DEV,True,BM,Bermuda,Devonshire,Devonshire,Devon,Devon,,,0,1,32.3033,-64.7566,natural-earth,6.685,-64.780141,32.286175,-64.73793,32.316527,20,,3573251,devonshire
BMU-5137,BM-HAM,True,BM,Bermuda,Hamilton,Hamilton,Hamilton,Hamilton,,,0,1,32.3454,-64.7197,natural-earth,6.391,-64.742671,32.316959,-64.694916,32.352512,20,,3573195,hamilton
BMU-5138,BM-PAG,True,BM,Bermuda,Paget,Paget Parish,Paget,Paget,,,0,1,32.2784,-64.7811,natural-earth,5.852,-64.811191,32.265283,-64.760819,32.296369,20,,3573103,paget
BMU-5139,BM-PEM,True,BM,Bermuda,Pembroke,Pembroke Parish,Pembroke,Pembroke,,,0,1,32.2995,-64.7997,natural-earth,3.877,-64.813967,32.289549,-64.779021,32.307559,20,,3573095,pembroke
BMU-5140,BM-SGE,True,BM,Bermuda,Saint George's,Saint George,Saint George,San Jorge,,,0,1,32.3645,-64.6998,natural-earth,14.54,-64.72202,32.326369,-64.647631,32.388658,20,,3573057,saint-george-s
BMU-5141,BM-SAN,True,BM,Bermuda,Sandys,Sandys Parish,Sandys,Sandys,,,0,1,32.2985,-64.8687,natural-earth,5.805,-64.885994,32.265932,-64.848786,32.308928,20,,3573050,sandys
BMU-5142,BM-SMI,True,BM,Bermuda,Smith's,Smith's Parish,Smith's,Smith's,,,0,1,32.3141,-64.7319,natural-earth,4.817,-64.748161,32.302142,-64.707289,32.32947,20,,3573031,smith-s
BMU-5143,BM-SOU,True,BM,Bermuda,Southampton,Southampton,Southampton,Southampton,,,0,1,32.2524,-64.8375,natural-earth,6.123,-64.88016,32.248077,-64.815152,32.269008,20,,3573026,southampton
BMU-5144,BM-WAR,True,BM,Bermuda,Warwick,Warwick,Warwick,Warwick,,,0,1,32.2658,-64.8042,natural-earth,6.785,-64.832895,32.254281,-64.788306,32.289936,20,,3572972,warwick
BRN-1181,BN-BE,True,BN,Brunei,Belait,Belait,Belait,Belait,,District,0,1,4.45555,114.408,natural-earth,2782.06,113.99879,4.016681,114.817208,4.681252,9,Q40395,1820869,belait
BRN-1182,BN-BM,True,BN,Brunei,Brunei and Muara,Brunei-Muara,Brunei-Muara,Brunei y Muara,,District,0,1,4.90214,114.92,natural-earth,568.77,114.73618,4.730585,115.103201,5.057196,9,Q153009,1820818,brunei-and-muara
BRN-1183,BN-TE,True,BN,Brunei,Temburong,Temburong,Temburong,Temburong,,District,0,1,4.60249,115.191,natural-earth,1304.647,115.022777,4.313769,115.360741,4.90884,9,Q263285,1820106,temburong
BRN-1184,BN-TU,True,BN,Brunei,Tutong,Tutong,Tutong,Tutong,,District,0,1,4.64496,114.671,natural-earth,1086.354,114.494443,4.30024,114.847904,4.898749,9,Q40398,1820068,tutong
BOL-1292,BO-H,True,BO,Bolivia,Chuquisaca,Chuquisaca,Chuquisaca,Chuquisaca,,Department,0,1,-20.0848,-63.9529,natural-earth,51801.165,-65.694408,-21.535378,-62.210573,-18.345237,4,Q235110,3920177,chuquisaca
BOL-1291,BO-C,True,BO,Bolivia,Cochabamba,Cochabamba,Cochabamba,Cochabamba,,Department,0,1,-17.2884,-65.6137,natural-earth,56333.83,-67.015206,-18.668679,-64.212147,-15.6993,6,Q233917,3919966,cochabamba
BOL-1293,BO-B,True,BO,Bolivia,El Beni,Beni,Beni,del Beni,,Department,0,1,-14.0358,-64.5806,natural-earth,210988.622,-67.56817,-16.468555,-61.59306,-10.39207,4,Q233169,3923172,el-beni
BOL-1936,BO-L,True,BO,Bolivia,La Paz,La Paz,La Paz,La Paz,,Department,0,1,-14.8335,-68.2128,natural-earth,133961.433,-69.666492,-18.039078,-66.758452,-11.904854,6,Q272784,3911924,la-paz
BOL-1937,BO-O,True,BO,Bolivia,Oruro,Oruro,Oruro,Oruro,,Department,0,1,-18.7151,-67.5984,natural-earth,55232.51,-69.155438,-19.826025,-66.040589,-17.400385,6,Q1061368,3909233,oruro
BOL-1938,BO-N,True,BO,Bolivia,Pando,Pando,Pando,Pando,,Department,0,1,-11.273,-67.4319,natural-earth,63952.607,-69.577635,-12.496601,-65.284822,-9.679821,4,Q235362,3908600,pando
BOL-1939,BO-P,True,BO,Bolivia,Potosí,Potosí,Potosí,Potosí,,Department,0,1,-20.9033,-66.7701,natural-earth,118135.367,-68.792592,-22.897258,-64.746921,-17.854569,4,Q238079,3907580,potosi
BOL-1940,BO-S,True,BO,Bolivia,Santa Cruz,Santa Cruz,Santa Cruz,Santa Cruz,,Department,0,1,-16.5168,-61.137,natural-earth,363277.311,-64.807744,-20.475132,-57.465661,-13.464552,6,Q235106,3904907,santa-cruz
BOL-1941,BO-T,True,BO,Bolivia,Tarija,Tarija,Tarija,Tarija,,Department,0,1,-21.5039,-63.8005,natural-earth,36771.234,-65.328539,-22.871936,-62.271879,-20.891438,7,Q233933,3903319,tarija
BRA-576,BR-AC,True,BR,Brazil,Acre,Acre,Acre,Estado de Acre,,State,0,1,-8.9285,-70.2976,natural-earth,154662.229,-74.018475,-11.141128,-66.648925,-7.117879,2,Q40780,3665474,acre
BRA-623,BR-AL,True,BR,Brazil,Alagoas,Alagoas,Alagoas,Alagoas,,State,0,1,-9.77391,-36.6917,natural-earth,27732.832,-38.235196,-10.50213,-35.148339,-8.832587,2,Q40885,3408096,alagoas
BRA-681,BR-AP,True,BR,Brazil,Amapá,Amapá,Amapá,Amapá,,State,0,1,1.41157,-51.6842,natural-earth,139803.746,-54.797916,-1.219202,-49.873046,4.441122,2,Q40130,3407762,amapa
BRA-592,BR-AM,True,BR,Brazil,Amazonas,Amazonas,Amazonas,Amazonas,,State,0,1,-4.21774,-63.7853,natural-earth,1572228.032,-73.812337,-9.837952,-56.311932,2.235889,2,Q40040,3665361,amazonas
BRA-624,BR-BA,True,BR,Brazil,Bahia,Bahia,Bahia,Bahía,,State,0,1,-12.3651,-41.8027,natural-earth,562203.618,-46.571855,-18.32322,-37.360829,-8.528626,2,Q40430,3471168,bahia
BRA-621,BR-CE,True,BR,Brazil,Ceará,Ceará,Ceará,Ceará,,State,0,1,-5.37602,-39.3429,natural-earth,150885.173,-41.449377,-7.853991,-37.236392,-2.78631,2,Q40123,3402362,ceara
BRA-599,BR-DF,True,BR,Brazil,Distrito Federal,Federal,fédéral,Federal,,Federal District,0,1,-15.7665,-47.7902,natural-earth,5812.4,-48.2779,-16.04207,-47.302482,-15.489855,7,Q119158,3463504,distrito-federal
BRA-625,BR-ES,True,BR,Brazil,Espírito Santo,Espírito Santo,Espírito Santo,Espírito Santo,,State,0,1,-19.6916,-40.5436,natural-earth,45943.997,-41.881857,-21.274029,-28.877065,-17.874258,2,Q43233,3463930,espirito-santo
BRA-1294,BR-GO,True,BR,Brazil,Goiás,Goiás,Goiás,Goiás,,State,0,1,-15.863,-49.5786,natural-earth,342426.918,-53.244781,-19.485942,-45.912463,-12.399863,2,Q41587,3462372,goias
BRA-593,BR-MA,True,BR,Brazil,Maranhão,Maranhão,Maranhão,Maranhão,,State,0,1,-5.01897,-45.389,natural-earth,327560.607,-48.743195,-10.317716,-41.812533,-1.055084,2,Q42362,3395443,maranhao
BRA-602,BR-MT,True,BR,Brazil,Mato Grosso,Mato Grosso,Mato Grosso,Mato Grosso,,State,0,1,-13.3926,-55.9235,natural-earth,906626.213,-61.611298,-18.031612,-50.235719,-7.339138,2,Q42824,3457419,mato-grosso
BRA-600,BR-MS,True,BR,Brazil,Mato Grosso do Sul,Mato Grosso do Sul,Mato Grosso do Sul,Mato Grosso do Sul,,State,0,1,-20.6756,-54.5502,natural-earth,357060.368,-58.162672,-24.050393,-50.937092,-17.187271,2,Q43319,3457415,mato-grosso-do-sul
BRA-601,BR-MG,True,BR,Brazil,Minas Gerais,Minas Gerais,Minas Gerais,Minas Gerais,,State,0,1,-18.5895,-44.4808,natural-earth,588210.408,-51.027603,-22.892918,-39.86074,-14.238924,2,Q39109,3457153,minas-gerais
BRA-613,BR-PR,True,BR,Brazil,Paraná,Paraná,Paraná,Paraná,,State,0,1,-24.6618,-51.3228,natural-earth,199094.157,-54.61245,-26.704778,-48.032489,-22.521726,2,Q15499,3455077,parana
BRA-626,BR-PB,True,BR,Brazil,Paraíba,Paraíba,Paraíba,Paraíba,,State,0,1,-7.34234,-36.2726,natural-earth,56757.9,-38.744374,-8.283525,-34.793609,-6.022423,2,Q38088,3393098,paraiba
BRA-594,BR-PA,True,BR,Brazil,Pará,Pará,Pará,Pará,,State,0,1,-4.44313,-52.6491,natural-earth,1236106.47,-58.972025,-9.843983,-46.064687,2.608989,2,Q39517,3393129,para
BRA-1313,BR-PE,True,BR,Brazil,Pernambuco,Pernambuco,Pernambouc,Pernambuco,,State,0,1,-8.47283,-37.2958,natural-earth,98040.835,-41.370803,-9.487896,-34.805304,-7.26984,2,Q40942,3392268,pernambuco
BRA-622,BR-PI,True,BR,Brazil,Piauí,Piauí,Piauí,Piauí,,State,0,1,-8.08698,-43.1974,natural-earth,253083.207,-45.981426,-10.896285,-40.41329,-2.744806,2,Q42722,3392213,piaui
BRA-628,BR-RN,True,BR,Brazil,Rio Grande do Norte,Rio Grande do Norte,Rio Grande do Norte,Río Grande del Norte,,State,0,1,-5.66157,-36.5472,natural-earth,53041.626,-38.609111,-6.977817,-29.345326,0.891343,2,Q43255,3390290,rio-grande-do-norte
BRA-612,BR-RS,True,BR,Brazil,Rio Grande do Sul,Rio Grande do Sul,Rio Grande do Sul,Río Grande del Sur,,State,0,1,-29.7277,-53.656,natural-earth,272601.377,-57.611698,-33.74228,-49.699674,-27.071991,2,Q40030,3451133,rio-grande-do-sul
BRA-627,BR-RJ,True,BR,Brazil,Rio de Janeiro,Rio de Janeiro,Rio de Janeiro,Estado de Río de Janeiro,,State,0,1,-22.4049,-43.1152,natural-earth,44090.945,-44.865551,-23.353204,-40.959218,-20.776871,2,Q41428,3451189,rio-de-janeiro
BRA-595,BR-RO,True,BR,Brazil,Rondônia,Rondônia,Rondônia,Rondônia,,State,0,1,-10.9712,-63.1439,natural-earth,238898.78,-66.830515,-13.662845,-59.82226,-8.000493,2,Q43235,3924825,rondonia
BRA-670,BR-RR,True,BR,Brazil,Roraima,Roraima,Roraima,Roraima,,State,0,1,1.93803,-61.3325,natural-earth,225749.613,-64.815548,-1.418311,-58.87051,5.267225,2,Q42508,3662560,roraima
BRA-614,BR-SC,True,BR,Brazil,Santa Catarina,Santa Catarina,Santa Catarina,Santa Catarina,,State,0,1,-27.0392,-51.1586,natural-earth,95255.436,-53.842006,-29.355365,-48.377309,-25.971541,2,Q41115,3450387,santa-catarina
BRA-629,BR-SE,True,BR,Brazil,Sergipe,Sergipe,Sergipe,Sergipe,,State,0,1,-10.5918,-37.3836,natural-earth,21693.526,-38.244844,-11.568906,-36.40807,-9.526808,2,Q43783,3447799,sergipe
BRA-1311,BR-SP,True,BR,Brazil,São Paulo,São Paulo,São Paulo,Estado de São Paulo,,State,0,1,-22.2267,-48.5206,natural-earth,249274.268,-53.167964,-25.307319,-44.162002,-19.780756,2,Q175,3448433,sao-paulo
BRA-596,BR-TO,True,BR,Brazil,Tocantins,Tocantins,Tocantins,Tocantins,,State,0,1,-10.223,-48.2502,natural-earth,280105.59,-50.742659,-13.385178,-45.757692,-5.163767,2,Q43695,3474575,tocantins
BHS-5036,BS-AK,True,BS,The Bahamas,Acklins,Acklins,Acklins,Acklins,,District,0,1,22.3745,-74.0024,natural-earth,508.401,-74.278228,22.171536,-73.468736,22.733303,20,Q341919,3572937,acklins
BHS-5018,BS-BY,True,BS,The Bahamas,Berry Islands,Berry Islands,Îles Berry,Islas Berry,,District,0,1,25.7591,-77.8527,natural-earth,25.837,-77.906728,25.407864,-77.819203,25.789537,20,Q827173,3571809,berry-islands
BHS-5039,BS-BI,True,BS,The Bahamas,Bimini,Bimini,Îles Bimini,Bimini,,District,0,1,25.7074,-79.2811,natural-earth,21.875,-79.59435,23.494045,-79.243235,25.774726,20,Q863476,3572807,bimini
BHS-5023,BS-BP,True,BS,The Bahamas,Black Point,Black Point,Black Point,Black Point,,District,0,1,24.055257,-76.366666,polylabel,55.572,-76.795074,23.974026,-76.318959,24.552965,20,Q2525298,8030541,black-point
BHS-5030,BS-CI,True,BS,The Bahamas,Cat Island,Cat Island,Cat Island,Isla Cat,,District,0,1,24.2583,-75.3894,natural-earth,427.013,-75.757558,24.125718,-75.290435,24.70185,20,Q1050154,3572678,cat-island
BHS-5015,BS-CO,True,BS,The Bahamas,Central Abaco,Central Abaco,Central Abaco,Central Abaco,,District,0,1,26.4215,-77.1179,natural-earth,553.022,-77.375356,26.285102,-77.017201,26.709133,20,Q2525371,8030542,central-abaco
BHS-5020,BS-CS,True,BS,The Bahamas,Central Andros,Central Andros,Central Andros,Central Andros,,District,0,1,24.4757,-77.9355,natural-earth,1237.946,-78.140859,24.152167,-77.682444,24.648993,20,Q2096558,8030543,central-andros
BHS-5028,BS-CE,True,BS,The Bahamas,Central Eleuthera,Central Eleuthera,Central Eleuthera,Central Eleuthera,,District,0,1,25.1588,-76.176,natural-earth,139.205,-76.332553,24.981391,-76.112904,25.299597,20,Q938518,8030544,central-eleuthera
BHS-5010,BS-FP,True,BS,The Bahamas,City of Freeport,Freeport,Freeport,Freeport,,District,0,1,26.5339,-78.6252,natural-earth,14.395,-78.656694,26.504853,-78.59813,26.546215,20,Q867573,3572374,city-of-freeport
BHS-5035,BS-CK,True,BS,The Bahamas,Crooked Island and Long Cay,Crooked Island,Crooked Island,Isla de Crooked,,District,0,1,22.7472,-74.2405,natural-earth,346.591,-74.385569,22.541449,-73.666168,23.103827,20,Q1140993,8030545,crooked-island-and-long-cay
BHS-5012,BS-EG,True,BS,The Bahamas,East Grand Bahama,East Grand Bahama,East Grand Bahama,East Grand Bahama,,District,0,1,26.6596,-78.215,natural-earth,486.14,-78.474403,26.56387,-77.834625,26.776435,20,Q2630334,8030546,east-grand-bahama
BHS-5024,BS-EX,True,BS,The Bahamas,Exuma,Exuma,Îles Exumas,Exuma,,District,0,1,23.5855,-75.9069,natural-earth,217.73,-76.03718,23.404853,-75.523834,23.685981,20,Q1385577,3572427,exuma
BHS-5026,BS-HI,True,BS,The Bahamas,Harbour Island,Harbour Island,Harbour Island,Isla Harbour,,District,0,1,25.5443,-76.7641,natural-earth,3.425,-76.787424,25.539551,-76.745895,25.551304,20,Q2357510,3572238,harbour-island
BHS-5038,BS-IN,True,BS,The Bahamas,Inagua,Inagua,Inagua,Inagua,,District,0,1,21.06,-73.3607,natural-earth,1720.156,-73.703209,20.912399,-72.910438,21.561998,20,Q1353668,3572154,inagua
BHS-5033,BS-LI,True,BS,The Bahamas,Long Island,Long Island,Long Island,Isla Larga,,District,0,1,23.037,-74.9132,natural-earth,460.037,-75.35261,22.859931,-74.832021,23.685981,20,Q890879,3572005,long-island
BHS-5021,BS-MC,True,BS,The Bahamas,Mangrove Cay,Mangrove Cay,Mangrove Cay,Cayo Mangrove,,District,0,1,24.0806,-77.8018,natural-earth,440.417,-77.942047,23.980211,-77.631215,24.302965,20,Q2702334,8030549,mangrove-cay
BHS-5037,BS-MG,True,BS,The Bahamas,Mayaguana,Mayaguana,Mayaguana,Mayaguana,,District,0,1,22.3849,-73.0295,natural-earth,287.817,-73.166005,22.288235,-72.746165,22.45954,20,Q21712462,3571894,mayaguana
BHS-5017,BS-MI,True,BS,The Bahamas,Moore's Island,Moore's Island,Moore's Island,Isla de Moore,,District,0,1,26.2973,-77.5526,natural-earth,14.068,-77.579579,26.268704,-77.537994,26.337592,20,Q2702345,8030550,moore-s-island
BHS-5009,BS-X01,False,BS,The Bahamas,New Providence,New Providence,New Providence,Nueva Providencia,,Capital,0,1,25.0149,-77.4356,natural-earth,193.537,-77.561879,24.987006,-77.263824,25.084052,20,Q858513,3571815,new-providence
BHS-5014,BS-NO,True,BS,The Bahamas,North Abaco,North Abaco,North Abaco,Ábaco Norte,,District,0,1,26.8873,-77.6354,natural-earth,253.749,-77.962554,26.68769,-77.327952,26.928412,20,Q623327,8030551,north-abaco
BHS-5019,BS-NS,True,BS,The Bahamas,North Andros,North Andros,North Andros,Andros Norte,,District,0,1,24.8276,-77.9976,natural-earth,2480.184,-78.442983,24.460639,-77.736155,25.206732,20,Q2699411,8030552,north-andros
BHS-5027,BS-NE,True,BS,The Bahamas,North Eleuthera,North Eleuthera,North Eleuthera,Eleuthera Norte,,District,0,1,25.477956,-76.718094,polylabel,178.744,-76.784495,25.285283,-76.314,25.563951,20,Q2705535,8030553,north-eleuthera
BHS-5034,BS-RI,True,BS,The Bahamas,Ragged Island,Ragged Island,Ragged Island,Isla Ragged,,District,0,1,22.187078,-75.728944,polylabel,15.949,-75.823638,22.175035,-75.714711,22.388414,20,Q1532634,3571629,ragged-island
BHS-5032,BS-RC,True,BS,The Bahamas,Rum Cay,Rum Cay,Rum Cay,Cayo Rum,,District,0,1,23.6787,-74.8408,natural-earth,91.739,-75.123647,23.650824,-74.777211,23.84691,20,Q1859950,8030554,rum-cay
BHS-5031,BS-SS,True,BS,The Bahamas,San Salvador,San Salvador Island,San Salvador,San Salvador,,District,0,1,24.0513,-74.4785,natural-earth,157.016,-74.558095,23.953559,-74.427113,24.143948,20,Q845540,3571493,san-salvador
BHS-5016,BS-SO,True,BS,The Bahamas,South Abaco,South Abaco,South Abaco,Abaco Sul,,District,0,1,26.0179,-77.2421,natural-earth,518.153,-77.408274,25.885077,-77.01476,26.355292,20,Q2703192,8030555,south-abaco
BHS-5022,BS-SA,True,BS,The Bahamas,South Andros,South Andros,South Andros,Andros Sur,,District,0,1,23.7822,-77.6043,natural-earth,966.06,-77.828765,23.72016,-77.51651,24.221096,20,Q2408672,8030556,south-andros
BHS-5029,BS-SE,True,BS,The Bahamas,South Eleuthera,South Eleuthera,South Eleuthera,Eleuthera Sur,,District,0,1,24.7344,-76.1967,natural-earth,230.795,-76.336334,24.645006,-76.136952,24.988852,20,Q2699715,8030557,south-eleuthera
BHS-5025,BS-SW,True,BS,The Bahamas,Spanish Wells,Spanish Wells,Spanish Wells,Spanish Wells,,District,0,1,25.5237,-76.8334,natural-earth,7.841,-76.872834,25.506641,-76.809364,25.532498,20,Q1771681,8030558,spanish-wells
BHS-5011,BS-WG,True,BS,The Bahamas,West Grand Bahama,West Grand Bahama,West Grand Bahama,West Grand Bahama,,District,0,1,26.6389,-78.9085,natural-earth,578.481,-78.997874,26.491911,-78.411177,26.810533,20,Q2702338,8030559,west-grand-bahama
BTN-2480,BT-33,True,BT,Bhutan,Bumthang,Bumthang,Bumthang,Bumthang,,District,0,1,27.7219,90.7042,natural-earth,2784.526,90.429137,27.326162,90.980938,28.090328,9,Q463242,1337278,bumthang
BTN-2433,BT-12,True,BT,Bhutan,Chhukha,Chukha,Chukha,Chukha,,District,0,1,27.0361,89.5247,natural-earth,1856.398,89.267244,26.700989,89.782251,27.30699,9,Q652754,1337279,chhukha
BTN-2481,BT-21,True,BT,Bhutan,Chirang,Tsirang,Tsirang,Tsirang,,District,0,1,27.0316,90.1671,natural-earth,639.301,90.0026,26.809087,90.331572,27.176739,9,Q728922,1337281,chirang
BTN-2434,BT-22,True,BT,Bhutan,Daga,Dagana,Dagana,Dagana,,District,0,1,27.0316,89.8444,natural-earth,1399.729,89.623501,26.799191,90.065283,27.271824,9,Q735146,1337280,daga
BTN-2437,BT-GA,True,BT,Bhutan,Gasa,Gasa,Gasa,Gasa,,District,0,1,28.0641,89.9133,natural-earth,4420.558,89.417364,27.715285,90.597602,28.358399,9,Q578294,7303651,gasa
BTN-2482,BT-31,True,BT,Bhutan,Geylegphug,Geylegphug,Geylegphug,Geylegphug,,District,0,1,27.0503,90.3468,natural-earth,2195.262,89.735846,26.696149,90.957839,27.209321,9,,1337282,geylegphug
BTN-2435,BT-13,True,BT,Bhutan,Ha,Haa,Haa,Haa,,District,0,1,27.3711,89.1233,natural-earth,1687.566,88.876116,27.073774,89.370907,27.625865,9,Q754448,1337283,ha
BTN-2483,BT-44,True,BT,Bhutan,Lhuntshi,Lhuntse,Lhuntse,Lhuntse,,District,0,1,27.6977,91.0822,natural-earth,2942.633,90.727723,27.3805,91.436483,28.091413,9,Q598793,1337284,lhuntshi
BTN-2490,BT-42,True,BT,Bhutan,Mongar,Mongar,Mongar,Mongar,,District,0,1,27.1956,91.2014,natural-earth,1980.814,90.931639,26.937193,91.471141,27.581314,9,Q389734,1337285,mongar
BTN-2436,BT-11,True,BT,Bhutan,Paro,Paro,Paro,Paro,,District,0,1,27.4896,89.3837,natural-earth,1260.371,89.124655,27.185189,89.531517,27.748203,9,Q652784,1337286,paro
BTN-2491,BT-43,True,BT,Bhutan,Pemagatsel,Pemagatshel,Pemagatshel,Pemagatshel,,District,0,1,26.9641,91.3405,natural-earth,475.475,91.184233,26.839783,91.496772,27.16289,9,Q167279,1337287,pemagatsel
BTN-2440,BT-23,True,BT,Bhutan,Punakha,Punakha,Punakha,Punakha,,District,0,1,27.6756,89.8223,natural-earth,966.493,89.608309,27.519664,90.036396,27.85352,9,Q587062,1337288,punakha
BTN-2438,BT-14,True,BT,Bhutan,Samchi,Samtse,Samtse,Samtse,,District,0,1,27.0219,89.0493,natural-earth,1691.69,88.730067,26.810561,89.368895,27.280486,9,Q728917,1337289,samchi
BTN-2492,BT-45,True,BT,Bhutan,Samdrup Jongkhar,Samdrup Jongkhar,Samdrup Jongkhar,Samdrup Jongkhar,,District,0,1,26.9509,91.7328,natural-earth,2182.233,91.000368,26.774077,92.083919,27.241206,9,Q728929,1337290,samdrup-jongkhar
BTN-2485,BT-34,True,BT,Bhutan,Shemgang,Zhemgang,Zhemgang,Zhemgang,,District,0,1,27.0763,90.8505,natural-earth,2111.257,90.516832,26.77887,91.184233,27.378097,9,Q197564,1337291,shemgang
BTN-2484,BT-TY,True,BT,Bhutan,Tashi Yangtse,Trashiyangtse,Trashiyangtse,Trashiyangste,,District,0,1,27.676,91.5121,natural-earth,1812.25,91.297198,27.36926,91.727092,27.989375,9,Q600200,7303653,tashi-yangtse
BTN-2493,BT-41,True,BT,Bhutan,Tashigang,Trashigang,Trashigang,Trashigang,,District,0,1,27.2629,91.734,natural-earth,2317.435,91.379518,27.009928,92.088776,27.472433,9,Q652773,1337292,tashigang
BTN-2439,BT-15,True,BT,Bhutan,Thimphu,Thimphu,Thimphou,Timbu,,District,0,1,27.4828,89.602,natural-earth,1897.902,89.205843,27.138551,89.816565,27.990643,7,Q254889,1337293,thimphu
BTN-2486,BT-32,True,BT,Bhutan,Tongsa,Trongsa,Trongsa,Trongsa,,District,0,1,27.4491,90.4811,natural-earth,1808.05,90.238141,27.125683,90.724158,27.776238,9,Q728938,1337294,tongsa
BTN-2487,BT-24,True,BT,Bhutan,Wangdi Phodrang,Wangdue Phodrang,Wangdue Phodrang,Wangdue Phodrang,,District,0,1,27.5206,90.0915,natural-earth,4057.671,89.690681,27.10323,90.492337,28.072344,9,Q728933,1337295,wangdi-phodrang
BWA-2630,BW-CE,True,BW,Botswana,Central,Central,Central,Central,,District,0,1,-21.8775,26.6144,natural-earth,146470.082,23.879039,-23.947892,29.350074,-18.999925,4,Q57525,933851,central
BWA-5502,BW-FR,True,BW,Botswana,Francistown,Francistown,Francistown,Francistown,,City,0,1,-21.1678,27.5038,natural-earth,90.372,27.442505,-21.215799,27.559313,-21.106897,4,Q165422,-933210,francistown
BWA-5501,BW-GA,True,BW,Botswana,Gaborone,Gaborone,Gaborone,Gaborone,,City,0,1,-24.6239,25.9171,natural-earth,285.787,25.834928,-24.71617,26.033354,-24.507444,4,Q3919,7670702,gaborone
BWA-1191,BW-GH,True,BW,Botswana,Ghanzi,Ghanzi,Ghanzi,Ghanzi,,District,0,1,-22.1555,22.7086,natural-earth,115168.701,19.978346,-23.318525,25.439305,-20.999958,6,Q57571,933758,ghanzi
BWA-5506,BW-JW,True,BW,Botswana,Jwaneng,Jwaneng,Jwaneng,Jwaneng,,Town,0,1,-24.5774,24.7253,natural-earth,339.841,24.637647,-24.660326,24.820578,-24.461185,4,Q165954,-933043,jwaneng
BWA-2625,BW-KG,True,BW,Botswana,Kgalagadi,Kgalagadi,Kgalagadi,Kgalagadi,,District,0,1,-24.8361,22.2402,natural-earth,105826.541,19.979855,-26.891794,24.500851,-23.308551,4,Q57581,933657,kgalagadi
BWA-2646,BW-KL,True,BW,Botswana,Kgatleng,Kgatleng,Kgatleng,Kgatleng,,District,0,1,-24.2001,26.4263,natural-earth,7707.496,25.886203,-24.660846,26.966602,-23.566261,4,Q57593,933654,kgatleng
BWA-2647,BW-KW,True,BW,Botswana,Kweneng,Kweneng,Kweneng,Kweneng,,District,0,1,-23.8665,24.4879,natural-earth,37022.044,22.955426,-24.769082,26.020407,-22.95188,4,Q57599,933562,kweneng
BWA-5503,BW-LO,True,BW,Botswana,Lobatse,Lobatse,Lobatse,Lobatse,,Town,0,1,-25.2144,25.6842,natural-earth,19.663,25.659341,-25.238966,25.705597,-25.171811,4,Q165768,-933044,lobatse
BWA-4853,BW-NE,True,BW,Botswana,North-East,North-East,du Nord-Est,Noreste,,District,0,1,-20.9374,27.4487,natural-earth,5235.794,27.215246,-21.551913,27.990415,-20.473013,4,Q57636,933210,north-east
BWA-2629,BW-NW,True,BW,Botswana,North-West,North-West,du Nord-Ouest,Noroeste,,District,0,1,-19.6141,23.4709,natural-earth,133571.315,20.975081,-20.999958,25.967449,-17.781808,4,Q57617,933230,north-west
BWA-5504,BW-SP,True,BW,Botswana,Selebi-Phikwe,Selebi-Phikwe,Selebi-Phikwe,Selebi-Phikwe,,Town,0,1,-21.9728,27.8625,natural-earth,34.87,27.807761,-21.996966,27.882886,-21.920742,4,Q141263,-933851,selebi-phikwe
BWA-2648,BW-SE,True,BW,Botswana,South-East,South-East,du Sud-Est,Sudeste,,District,0,1,-24.9869,25.7446,natural-earth,1620.311,25.542348,-25.463319,26.165911,-24.558915,4,Q57695,933044,south-east
BWA-2649,BW-SO,True,BW,Botswana,Southern,Southern,du Sud,Sur,,District,0,1,-25.0004,24.3683,natural-earth,27067.179,23.049322,-25.829223,25.687249,-23.999103,4,Q57609,933043,southern
BWA-5505,BW-ST,True,BW,Botswana,Sowa,Sowa,Sowa Town,Ciudad del Sowa,,Township,0,1,-20.5752,26.1919,natural-earth,54.941,26.120432,-20.598644,26.256001,-20.544585,4,Q141310,-933851,sowa
BLR-2338,BY-BR,True,BY,Belarus,Brest,Brest,Brest,Brest,Brèsckaja voblasc',Region,0,1,52.4289,25.3826,natural-earth,32813.183,23.165645,51.51311,27.599897,53.396173,7,Q173822,629631,brest
BLR-4825,BY-HM,True,BY,Belarus,City of Minsk,Minsk,Minsk,Minsk,Horad Minsk,Region,0,1,53.9005,27.6424,natural-earth,604.015,27.370601,53.78424,27.838291,54.021837,7,Q2280,625143,city-of-minsk
BLR-2339,BY-HO,True,BY,Belarus,Gomel,Gomel,voblast de Homiel,Gómel,Homel'skaja voblasc',Region,0,1,52.1969,29.5189,natural-earth,40515.767,27.27139,51.235168,31.766619,53.353643,7,Q188732,628281,gomel
BLR-2344,BY-HR,True,BY,Belarus,Grodno,Grodno,Hrodna,Grodno,Hrodzenskaja voblasc',Region,0,1,53.4855,25.0839,natural-earth,25068.531,23.485625,52.738487,26.682537,54.99326,7,Q191061,628035,grodno
BLR-2345,BY-MI,True,BY,Belarus,Minsk,Minsk,Minsk,Minsk,Minskaja voblasc',Municipality,0,1,53.1945,27.4703,natural-earth,39291.105,26.075649,52.360732,29.491926,55.002069,7,Q192959,625142,minsk
BLR-2340,BY-MA,True,BY,Belarus,Mogilev,Mahilioŭ,Moguilev,Maguilov,Mahilëuskaja voblasc',Region,0,1,53.8241,30.4041,natural-earth,28610.037,28.089015,52.679188,32.719532,54.454248,7,Q189822,625073,mogilev
BLR-2341,BY-VI,True,BY,Belarus,Vitebsk,Vitebsk,Vitebsk,Vítebsk,Vicebskaja voblasc',Region,0,1,55.3073,28.6747,natural-earth,39729.449,26.170325,54.225063,31.179017,56.156806,7,Q185700,620134,vitebsk
BLZ-1323,BZ-BZ,True,BZ,Belize,Belize,Belize,Belize,Belice,,District,0,1,17.5367,-88.4189,natural-earth,3564.909,-88.641302,17.104486,-87.78307,18.209174,9,Q506056,3582676,belize
BLZ-1324,BZ-CY,True,BZ,Belize,Cayo,Cayo,Cayo,Cayo,,District,0,1,16.9902,-88.8833,natural-earth,5267.146,-89.19314,16.392626,-88.548285,17.48994,9,Q508773,3582429,cayo
BLZ-1325,BZ-CZL,True,BZ,Belize,Corozal,Corozal,Corozal,Corozal,,District,0,1,18.1667,-88.3492,natural-earth,1980.001,-88.614059,17.959946,-88.083567,18.490759,9,Q512273,3582302,corozal
BLZ-1326,BZ-OW,True,BZ,Belize,Orange Walk,Orange Walk,Orange Walk,Orange Walk,,District,0,1,17.7122,-88.8552,natural-earth,4729.241,-89.161375,17.321032,-88.284347,18.247028,9,Q506036,3581511,orange-walk
BLZ-1355,BZ-SC,True,BZ,Belize,Stann Creek,Stann Creek,Stann Creek,Stann Creek,,District,0,1,16.809,-88.4963,natural-earth,2466.82,-88.777625,16.497658,-88.215077,17.135769,8,Q502652,3580975,stann-creek
BLZ-1356,BZ-TOL,True,BZ,Belize,Toledo,Toledo,Toledo,Toledo,,District,0,1,16.3761,-88.8117,natural-earth,4365.129,-89.236512,15.879652,-88.386383,16.69185,8,Q506049,3580913,toledo
CAN-632,CA-AB,True,CA,Canada,Alberta,Alberta,Alberta,Alberta,,Province,0,1,55.2816,-115.0,natural-earth,660758.051,-120.001016,48.992515,-109.999321,60.000059,2,Q1951,5883102,alberta
CAN-633,CA-BC,True,CA,Canada,British Columbia,British Columbia,Colombie-Britannique,Columbia Británica,,Province,0,1,54.6943,-124.662,natural-earth,941451.187,-139.060207,48.306098,-114.037452,60.000059,2,Q1974,5909050,british-columbia
CAN-630,CA-MB,True,CA,Canada,Manitoba,Manitoba,Manitoba,Manitoba,,Province,0,1,54.85,-97.3828,natural-earth,649716.661,-102.001598,48.99267,-88.947,60.000067,2,Q1948,6065171,manitoba
CAN-684,CA-NB,True,CA,Canada,New Brunswick,New Brunswick,Nouveau-Brunswick,Nuevo Brunswick,,Province,0,1,46.5822,-66.4558,natural-earth,72593.704,-69.06356,44.602757,-63.771108,48.075141,2,Q1965,6087430,new-brunswick
CAN-686,CA-NL,True,CA,Canada,Newfoundland and Labrador,Newfoundland and Labrador,Terre-Neuve-et-Labrador,Terranova y Labrador,,Province,0,1,48.6598,-56.2169,natural-earth,401715.139,-67.808068,46.618354,-52.616607,60.372746,2,Q2003,6354959,newfoundland-and-labrador
CAN-635,CA-NT,True,CA,Canada,Northwest Territories,Northwest Territories,Territoires du Nord-Ouest,Territorios del Noroeste,,Territory,0,1,64.0831,-119.942,natural-earth,1339512.863,-136.445387,60.000059,-101.986586,78.766343,2,Q2007,6091069,northwest-territories
CAN-685,CA-NS,True,CA,Canada,Nova Scotia,Nova Scotia,Nouvelle-Écosse,Nueva Escocia,,Province,0,1,45.2293,-62.8113,natural-earth,54983.455,-66.327748,43.422065,-59.688629,47.034817,2,Q1952,6091530,nova-scotia
CAN-634,CA-NU,True,CA,Canada,Nunavut,Nunavut,Nunavut,Nunavut,,Territory,0,1,64.3853,-97.1443,natural-earth,2065097.735,-120.680819,51.918647,-61.085479,83.116523,2,Q2023,6091732,nunavut
CAN-682,CA-ON,True,CA,Canada,Ontario,Ontario,Ontario,Ontario,,Province,0,1,50.5244,-84.7943,natural-earth,1073987.71,-95.161195,41.669086,-74.346181,56.861274,2,Q1904,6093943,ontario
CAN-687,CA-PE,True,CA,Canada,Prince Edward Island,Prince Edward Island,Île-du-Prince-Édouard,Isla del Príncipe Eduardo,,Province,0,1,46.3417,-63.3862,natural-earth,5718.262,-64.416819,45.950751,-61.976959,47.067328,2,Q1979,6113358,prince-edward-island
CAN-683,CA-QC,True,CA,Canada,Québec,Quebec,Québec,Quebec,,Province,0,1,52.2593,-73.7168,natural-earth,1499429.926,-79.765614,44.99803,-57.100331,62.593817,2,Q176,6115047,quebec
CAN-631,CA-SK,True,CA,Canada,Saskatchewan,Saskatchewan,Saskatchewan,Saskatchewan,,Province,0,1,54.4965,-105.682,natural-earth,648059.011,-109.999973,48.992618,-101.36434,60.000059,2,Q1989,6141242,saskatchewan
CAN-636,CA-YT,True,CA,Canada,Yukon,Yukon,Yukon,Yukón,,Territory,0,1,63.6088,-135.7,natural-earth,481475.287,-141.005564,60.000059,-123.819103,69.654202,2,Q2009,6185811,yukon
COD-1871,CD-BN,True,CD,Democratic Republic of the Congo,Bandundu,Bandundu,Bandundu,Bandundu,,Province,0,1,-4.61778,18.4474,natural-earth,297148.993,15.888019,-8.111235,21.007121,-0.743107,6,Q671442,2317396,bandundu
COD-1883,CD-BC,True,CD,Democratic Republic of the Congo,Bas-Congo,Kongo Central,Kongo central,Kongo Central,,Province,0,1,-5.31907,14.2052,natural-earth,54605.649,12.210541,-6.051928,16.278676,-4.277102,6,Q1043494,2317277,bas-congo
COD-1872,CD-KW,True,CD,Democratic Republic of the Congo,Kasaï-Occidental,Kasaï-Occidental,Kasaï occidental,Kasai Occidental,,Province,0,1,-4.87578,21.7144,natural-earth,153752.38,19.689837,-7.90143,23.739047,-2.338978,6,Q130576,214139,kasai-occidental
COD-1896,CD-KE,True,CD,Democratic Republic of the Congo,Kasaï-Oriental,Kasaï-Oriental,Kasaï-Oriental,Kasai Oriental,,Province,0,1,-4.40511,24.0842,natural-earth,169600.559,21.899056,-7.93812,26.269436,-1.746198,6,Q80953,214138,kasai-oriental
COD-1897,CD-KA,True,CD,Democratic Republic of the Congo,Katanga,Katanga,Katanga,Katanga,,Province,0,1,-8.48374,26.2512,natural-earth,488709.348,21.751054,-13.458351,30.752107,-4.999953,6,Q217242,205703,katanga
COD-1884,CD-KN,True,CD,Democratic Republic of the Congo,Kinshasa City,Kinshasa,Kinshasa,Kinsasa,,Neutral City,0,1,-4.49522,15.8492,natural-earth,11112.412,15.150678,-5.031992,16.548065,-3.940523,6,Q3838,2314300,kinshasa-city
COD-1895,CD-MA,True,CD,Democratic Republic of the Congo,Maniema,Maniema,Maniema,Maniema,,Province,0,1,-3.26017,26.0336,natural-earth,127927.434,24.450684,-4.999953,28.824525,-0.090123,6,Q130566,209610,maniema
COD-1898,CD-NK,True,CD,Democratic Republic of the Congo,Nord-Kivu,North Kivu,Nord-Kivu,Kivu del Norte,,Province,0,1,-0.659128,28.5939,natural-earth,59926.19,27.205916,-2.061889,29.982194,0.960614,6,Q130625,206938,nord-kivu
COD-1559,CD-OR,True,CD,Democratic Republic of the Congo,Orientale,Orientale,orientale,Oriental,,Province,0,1,2.40438,26.785,natural-earth,502700.003,22.289937,-2.110879,31.280447,5.37528,6,Q831370,216139,orientale
COD-1894,CD-SK,True,CD,Democratic Republic of the Congo,Sud-Kivu,South Kivu,Sud-Kivu,Kivu del Sur,,Province,0,1,-3.10474,28.1159,natural-earth,63722.426,26.821237,-4.999953,29.410897,-1.666668,6,Q488326,205413,sud-kivu
COD-1461,CD-EQ,True,CD,Democratic Republic of the Congo,Équateur,Équateur,Équateur,Équateur,,Province,0,1,1.21836,20.4731,natural-earth,406216.98,16.524971,-2.522895,24.421538,5.15519,6,Q988104,216661,equateur
CAF-806,CF-BB,True,CF,Central African Republic,Bamingui-Bangoran,Bamingui-Bangoran Prefecture,Bamingui-Bangoran,Bamingui-Bangoran,,Prefecture,0,1,8.21272,20.6318,natural-earth,58340.393,18.86968,7.019959,22.394168,9.773512,8,Q741025,240591,bamingui-bangoran
CAF-1460,CF-BGF,True,CF,Central African Republic,Bangui,Bangui,Bangui,Bangui,,Autonomous Commune,0,1,4.38332,18.5457,natural-earth,93.563,18.492577,4.306069,18.595795,4.438224,8,Q3832,2596686,bangui
CAF-794,CF-BK,True,CF,Central African Republic,Basse-Kotto,Basse-Kotto Prefecture,Basse-Kotto,Basse-Kotto,,Prefecture,0,1,5.00365,21.3019,natural-earth,16838.323,20.456713,4.229439,22.147103,5.728229,8,Q810484,240396,basse-kotto
CAF-867,CF-HM,True,CF,Central African Republic,Haut-Mbomou,Haut-Mbomou Prefecture,Haut-Mbomou,Haut-Mbomou,,Prefecture,0,1,6.15735,25.851,natural-earth,55814.946,24.260928,4.917505,27.441301,8.271408,8,Q848578,238639,haut-mbomou
CAF-866,CF-HK,True,CF,Central African Republic,Haute-Kotto,Haute-Kotto Prefecture,Haute-Kotto,Haute-Kotto,,Prefecture,0,1,7.48168,22.8492,natural-earth,86055.117,21.103911,5.474524,24.594396,9.241116,8,Q848596,238640,haute-kotto
CAF-808,CF-KG,True,CF,Central African Republic,Kémo,Kémo Prefecture,Kémo,Kémo,,Prefecture,0,1,5.75536,19.3143,natural-earth,16469.277,18.613572,4.931518,20.015089,6.543425,8,Q848572,2385836,kemo
CAF-795,CF-LB,True,CF,Central African Republic,Lobaye,Lobaye Prefecture,Lobaye,Lobaye,,Prefecture,0,1,4.07603,17.6819,natural-earth,18817.779,16.737718,3.476869,18.626387,5.035946,8,Q821037,2385105,lobaye
CAF-801,CF-HS,True,CF,Central African Republic,Mambéré-Kadéï,Mambéré-Kadéï,Mambéré-Kadéï,Mambéré-Kadéï,,Prefecture,0,1,4.5324,15.8888,natural-earth,30237.323,14.659498,3.662589,17.11847,5.383677,8,Q848567,2386161,mambere-kadei
CAF-868,CF-MB,True,CF,Central African Republic,Mbomou,Mbomou Prefecture,Mbomou,Mbomou,,Prefecture,0,1,5.48563,23.4601,natural-earth,60175.085,21.736431,4.128716,25.183714,6.753076,8,Q848582,237556,mbomou
CAF-807,CF-KB,True,CF,Central African Republic,Nana-Grébizi,Nana-Grébizi Economic Prefecture,Nana-Grébizi,Nana-Grébizi,,Economic Prefecture,0,1,7.11882,19.4051,natural-earth,19782.263,18.654552,6.437153,20.155597,8.582861,8,Q856227,2386243,nana-grebizi
CAF-804,CF-NM,True,CF,Central African Republic,Nana-Mambéré,Nana-Mambéré Prefecture,Nana-Mambéré,Nana-Mambéré,,Prefecture,0,1,5.67426,15.4564,natural-earth,27401.968,14.387266,4.942515,16.525741,6.755324,8,Q742455,2384205,nana-mambere
CAF-4856,CF-MP,True,CF,Central African Republic,Ombella-M'Poko,Ombella-M'Poko Prefecture,Ombella-M'Poko,Ombella-M'Poko,,Prefecture,0,1,5.17659,17.802,natural-earth,31851.154,16.496544,3.866611,19.107496,5.897599,8,Q378970,2383765,ombella-m-poko
CAF-809,CF-UK,True,CF,Central African Republic,Ouaka,Ouaka Prefecture,Ouaka,Ouaka,,Prefecture,0,1,5.99454,20.7064,natural-earth,49400.41,19.470574,4.524816,21.942155,7.703432,8,Q848560,236887,ouaka
CAF-810,CF-AC,True,CF,Central African Republic,Ouham,Ouham Prefecture,Ouham,Ouham,,Prefecture,0,1,6.92835,17.8774,natural-earth,53645.515,16.679323,5.562658,19.075508,8.631872,8,Q726620,2383653,ouham
CAF-805,CF-OP,True,CF,Central African Republic,Ouham-Pendé,Ouham-Pendé Prefecture,Ouham-Pendé,Ouham-Pendé,,Prefecture,0,1,6.67901,16.0108,natural-earth,31987.491,14.921874,5.56811,17.100176,7.870012,8,Q848591,2383650,ouham-pende
CAF-802,CF-SE,True,CF,Central African Republic,Sangha-Mbaéré,Sangha-Mbaéré,Sangha-Mbaéré,Sangha-Mbaéré,,Economic Prefecture,0,1,3.21418,16.3383,natural-earth,18095.819,15.262306,2.236454,17.414489,4.258681,8,Q856237,2383204,sangha-mbaere
CAF-812,CF-VK,True,CF,Central African Republic,Vakaga,Vakaga Prefecture,Vakaga,Vakaga,,Prefecture,0,1,9.8017,22.2437,natural-earth,45637.294,20.813884,8.582319,23.674038,11.000828,8,Q848585,236178,vakaga
COG-2626,CG-11,True,CG,Republic of the Congo,Bouenza,Bouenza,Bouenza,Bouenza,,Region,0,1,-4.36333,13.491,natural-earth,12465.915,12.604637,-4.783031,14.377345,-3.455809,6,Q827015,2260668,bouenza
COG-4855,CG-BZV,True,CG,Republic of the Congo,Brazzaville,Brazzaville,Brazzaville,Brazzaville,,Region,0,1,-4.06879,15.3319,natural-earth,6039.764,14.956047,-4.520085,15.957846,-3.448009,6,Q3844,2572183,brazzaville
COG-3342,CG-8,True,CG,Republic of the Congo,Cuvette,Cuvette,Cuvette,Cuvette,,Region,0,1,-0.393114,15.9548,natural-earth,45148.328,14.364839,-2.025819,17.545863,0.466173,6,Q780884,2260487,cuvette
COG-2185,CG-15,True,CG,Republic of the Congo,Cuvette-Ouest,Cuvette-Ouest,Cuvette-Ouest,Cuvette-Oeste,,Region,0,1,0.034861,14.558,natural-earth,25565.42,13.831228,-1.185733,15.285299,1.391078,6,Q125711,2593118,cuvette-ouest
COG-3343,CG-5,True,CG,Republic of the Congo,Kouilou,Kouilou,Kouilou,Kouilou,,Region,0,1,-4.3684,11.9549,natural-earth,13642.303,11.114016,-5.019631,12.782656,-3.509294,6,Q855327,2258738,kouilou
COG-2838,CG-7,True,CG,Republic of the Congo,Likouala,Likouala,Likouala,Likouala,,Region,0,1,1.45488,17.5344,natural-earth,67377.064,16.427492,-0.756491,18.642407,3.708276,6,Q863554,2258431,likouala
COG-3344,CG-2,True,CG,Republic of the Congo,Lékoumou,Lékoumou,Lékoumou,Lékoumou,,Region,0,1,-3.2378,13.4727,natural-earth,20997.094,12.602776,-4.052155,14.342722,-2.09708,6,Q862753,2258534,lekoumou
COG-3345,CG-9,True,CG,Republic of the Congo,Niari,Niari,Niari,Niari,,Region,0,1,-2.97914,12.3646,natural-earth,28247.656,11.52558,-4.885334,13.57986,-1.825159,6,Q969317,2256175,niari
COG-3346,CG-14,True,CG,Republic of the Congo,Plateaux,Plateaux,Plateaux,Plateaux,,Region,0,1,-2.04221,15.3777,natural-earth,40000.503,14.100553,-3.080639,16.655971,-0.936997,6,Q765370,2255422,plateaux
COG-5855,CG-16,True,CG,Republic of the Congo,Pointe Noire,Pointe-Noire,Pointe Noire,Pointe-Noire,,Region,0,1,-4.80537,11.859,natural-earth,66.501,11.819266,-4.8554,11.898241,-4.741544,6,Q7208306,7280295,pointe-noire
COG-3341,CG-12,True,CG,Republic of the Congo,Pool,Pool,Pool,Pool,,Region,0,1,-3.71115,15.0436,natural-earth,29053.786,13.860271,-4.903627,16.227464,-2.717457,6,Q864647,2255404,pool
COG-2880,CG-13,True,CG,Republic of the Congo,Sangha,Sangha,Sangha,Sangha,,Region,0,1,1.12682,15.7466,natural-earth,57824.393,13.129617,0.042065,17.049533,2.726493,6,Q775410,2255329,sangha
CHE-162,CH-AG,True,CH,Switzerland,Aargau,Aargau,canton d'Argovie,Argovia,,Canton,0,1,47.4176,8.19995,natural-earth,1420.799,7.72732,47.142317,8.445614,47.622004,9,Q11972,2661876,aargau
CHE-166,CH-AR,True,CH,Switzerland,Appenzell Ausserrhoden,Appenzell Ausserrhoden,canton d'Appenzell Rhodes-Extérieures,Appenzell Rodas Exteriores,,Canton,0,1,47.3911,9.39726,natural-earth,238.582,9.186086,47.250088,9.608437,47.468343,9,Q12079,2661739,appenzell-ausserrhoden
CHE-3473,CH-AI,True,CH,Switzerland,Appenzell Innerrhoden,Appenzell Innerrhoden,canton d'Appenzell Rhodes-Intérieures,Appenzell Rodas Interiores,,Canton,0,1,47.3092,9.39548,natural-earth,165.909,9.302771,47.239701,9.608437,47.449766,9,Q12094,2661741,appenzell-innerrhoden
CHE-3423,CH-BL,True,CH,Switzerland,Basel-Landschaft,Basel-Landschaft,canton de Bâle-Campagne,Basilea-Campiña,,Canton,0,1,47.5056,7.72662,natural-earth,547.8,7.33693,47.338506,7.954946,47.563416,9,Q12146,2661603,basel-landschaft
CHE-3425,CH-BS,True,CH,Switzerland,Basel-Stadt,Basel-Stadt,canton de Bâle-Ville,Basilea-Ciudad,,Canton,0,1,47.5605,7.5898,natural-earth,39.827,7.520867,47.529657,7.659666,47.596579,9,Q12172,2661602,basel-stadt
CHE-3424,CH-BE,True,CH,Switzerland,Bern,Bern,canton de Berne,Berna,,Canton,0,1,46.7988,7.65026,natural-earth,5906.285,6.849794,46.331436,8.45073,47.344036,7,Q11911,2661551,bern
CHE-3421,CH-FR,True,CH,Switzerland,Fribourg,Fribourg,canton de Fribourg,Friburgo,,Canton,0,1,46.8411,6.85219,natural-earth,1641.384,6.756208,46.444504,7.382682,47.004185,7,Q12640,2660717,fribourg
CHE-159,CH-GE,True,CH,Switzerland,Genève,Geneva,canton de Genève,Ginebra,,Canton,0,1,46.237,6.11764,natural-earth,277.495,5.954809,46.130467,6.281198,46.331771,9,Q11917,2660645,geneve
CHE-169,CH-GL,True,CH,Switzerland,Glarus,Glarus,canton de Glaris,Glaris,,Canton,0,1,47.0096,9.05651,natural-earth,670.829,8.870136,46.800399,9.242878,47.174847,9,Q11922,2660593,glarus
CHE-170,CH-GR,True,CH,Switzerland,Graubünden,Grisons,canton des Grisons,los Grisones,,Canton,0,1,46.6729,9.55953,natural-earth,7001.67,8.652733,46.172989,10.466627,47.063898,9,Q11925,2660522,graubunden
CHE-160,CH-JU,True,CH,Switzerland,Jura,Jura,Jura,Jura,,Canton,0,1,47.3636,7.19817,natural-earth,845.745,6.838076,47.154306,7.55895,47.499247,9,Q12755,2660207,jura
CHE-163,CH-LU,True,CH,Switzerland,Lucerne,Lucerne,canton de Lucerne,Lucerna,,Canton,0,1,47.096,8.17219,natural-earth,1458.602,7.839346,46.777662,8.505042,47.282282,9,Q12121,2659810,lucerne
CHE-161,CH-NE,True,CH,Switzerland,Neuchâtel,Neuchâtel,canton de Neuchâtel,Neuchâtel,,Canton,0,1,46.9893,6.76076,natural-earth,843.685,6.427752,46.84528,7.094224,47.168132,9,Q12738,2659495,neuchatel
CHE-164,CH-NW,True,CH,Switzerland,Nidwalden,Nidwalden,canton de Nidwald,Nidwalden,,Canton,0,1,46.934,8.40344,natural-earth,270.925,8.22232,46.775104,8.56323,47.011291,9,Q12592,2659471,nidwalden
CHE-3427,CH-OW,True,CH,Switzerland,Obwalden,Obwalden,canton d'Obwald,Obwalden,,Canton,0,1,46.8686,8.20594,natural-earth,481.757,8.043726,46.758774,8.500081,46.979407,9,Q12573,2659315,obwalden
CHE-167,CH-SG,True,CH,Switzerland,Sankt Gallen,St. Gallen,canton de Saint-Gall,San Galo,,Canton,0,1,47.1524,9.21267,natural-earth,2027.001,8.775361,46.88179,9.650346,47.535445,9,Q12746,2658821,sankt-gallen
CHE-171,CH-SH,True,CH,Switzerland,Schaffhausen,Schaffhausen,canton de Schaffhouse,Schaffhausen,,Canton,0,1,47.7205,8.6232,natural-earth,328.338,8.390991,47.560508,8.856079,47.801166,9,Q12697,2658760,schaffhausen
CHE-173,CH-SZ,True,CH,Switzerland,Schwyz,Schwyz,canton de Schwytz,Schwyz,,Canton,0,1,47.0455,8.68573,natural-earth,906.37,8.386341,46.890239,8.985116,47.220581,9,Q12433,2658664,schwyz
CHE-3426,CH-SO,True,CH,Switzerland,Solothurn,Solothurn,canton de Soleure,Soleura,,Canton,0,1,47.4325,7.41999,natural-earth,770.909,7.346198,47.075447,8.029102,47.500073,9,Q11929,2658563,solothurn
CHE-174,CH-TG,True,CH,Switzerland,Thurgau,Thurgau,canton de Thurgovie,Turgovia,,Canton,0,1,47.5858,9.14593,natural-earth,940.373,8.739033,47.379951,9.553059,47.682258,9,Q12713,2658372,thurgau
CHE-168,CH-TI,True,CH,Switzerland,Ticino,Ticino,Tessin,Tesino,,Canton,0,1,46.3604,8.79019,natural-earth,2913.472,8.384636,45.820718,9.163788,46.632348,9,Q12724,2658370,ticino
CHE-175,CH-UR,True,CH,Switzerland,Uri,Uri,canton d'Uri,Uri,,Canton,0,1,46.809,8.63301,natural-earth,1067.805,8.401689,46.531837,8.948684,46.989225,9,Q12404,2658226,uri
CHE-165,CH-VS,True,CH,Switzerland,Valais,Valais,Valais,Valais,,Canton,0,1,46.2023,7.61347,natural-earth,5285.453,6.750368,45.876116,8.47693,46.655654,9,Q834,2658205,valais
CHE-3422,CH-VD,True,CH,Switzerland,Vaud,Vaud,canton de Vaud,Vaud,,Canton,0,1,46.6204,6.5118,natural-earth,3303.569,6.054235,46.189868,7.254317,46.989664,9,Q12771,2658182,vaud
CHE-177,CH-ZG,True,CH,Switzerland,Zug,Zug,canton de Zoug,Zug,,Canton,0,1,47.1578,8.54747,natural-earth,237.647,8.393007,47.08723,8.701929,47.245514,9,Q11933,2657907,zug
CHE-176,CH-ZH,True,CH,Switzerland,Zürich,Zürich,canton de Zurich,Zúrich,,Canton,0,1,47.4297,8.6609,natural-earth,1733.765,8.352648,47.163375,8.969148,47.696314,7,Q11943,2657895,zurich
CIV-3451,CI-16,True,CI,Ivory Coast,Agnéby,Agnéby,Agnébi,Agnéby,,Department,0,1,6.06215,-4.02187,natural-earth,9183.278,-4.659116,5.601157,-3.38462,6.644685,9,Q395166,2597318,agneby
CIV-3440,CI-17,True,CI,Ivory Coast,Bafing,Bafing,Bafing,Bafing,,Region,0,1,8.11221,-7.67511,natural-earth,8717.729,-8.265977,7.842777,-7.083826,9.075403,9,Q799800,2597334,bafing
CIV-3448,CI-09,True,CI,Ivory Coast,Bas-Sassandra,Bas-Sassandra,Bas-Sassandra,Bas-Sassandra,,Department,0,1,5.47996,-6.67522,natural-earth,26294.353,-7.606017,4.344062,-5.743959,6.557869,9,Q809733,2597326,bas-sassandra
CIV-3459,CI-19,True,CI,Ivory Coast,Cavally,Moyen-Cavally,Moyen-Cavally,Moyen-Cavally,,Department,0,1,5.99237,-7.79453,natural-earth,14499.801,-8.61872,5.627757,-6.969931,6.968361,9,Q842499,2597333,cavally
CIV-3460,CI-05,True,CI,Ivory Coast,Comoe,Comoé,Comoé,Comoé,,Department,0,1,6.76303,-3.47724,natural-earth,6812.745,-3.803096,5.780293,-3.096593,7.348777,9,Q1074496,2597322,comoe
CIV-3437,CI-10,True,CI,Ivory Coast,Denguélé,Denguélé,Denguélé,Denguélé,,Region,0,1,9.52894,-7.37781,natural-earth,21374.065,-8.174716,8.523614,-6.580497,10.458639,9,Q729010,2597328,denguele
CIV-3441,CI-06,True,CI,Ivory Coast,Dix-Huit Montagnes,Dix-Huit Montagnes,Dix-Huit Montagnes,Dix-Huit Montagnes,,Department,0,1,7.36283,-7.73423,natural-earth,16687.906,-8.485446,6.585955,-6.982592,8.167073,9,Q820486,2597323,dix-huit-montagnes
CIV-3445,CI-18,True,CI,Ivory Coast,Fromager,Fromager,Gôh,Fromager,,Region,0,1,6.2178,-5.80631,natural-earth,6702.707,-6.39994,5.678207,-5.212674,6.640732,9,Q818774,2597330,fromager
CIV-3446,CI-02,True,CI,Ivory Coast,Haut-Sassandra,Haut-Sassandra,Haut-Sassandra,Haut-Sassandra,,Department,0,1,7.01394,-6.50859,natural-earth,15271.217,-7.085324,6.246673,-5.931855,7.785597,9,Q845709,2597319,haut-sassandra
CIV-3461,CI-07,True,CI,Ivory Coast,Lacs,Lacs,Lacs,Lacs,,Department,0,1,6.85184,-5.15412,natural-earth,8841.846,-5.67616,6.23564,-4.632089,7.549255,9,Q845706,2597324,lacs
CIV-3458,CI-01,True,CI,Ivory Coast,Lagunes,Lagunes,Lagunes,Lagunes,,Department,0,1,5.4607,-4.42852,natural-earth,13652.1,-5.442944,5.098876,-3.402293,6.380748,9,Q639491,2597316,lagunes
CIV-3444,CI-12,True,CI,Ivory Coast,Marahoué,Marahoué,Marahoué,Marahoué,,Department,0,1,6.94728,-5.83201,natural-earth,8642.032,-6.445777,6.488648,-5.409923,7.74392,9,Q839083,2597332,marahoue
CIV-3452,CI-11,True,CI,Ivory Coast,N'zi-Comoé,N'zi-Comoé,N'zi-Comoé,N'zi-Comoé,,Department,0,1,7.05528,-4.23718,natural-earth,19545.986,-4.971603,6.185385,-3.502752,8.028322,9,Q842491,2597331,n-zi-comoe
CIV-3431,CI-03,True,CI,Ivory Coast,Savanes,Savanes,Savanes,Savanes,,Department,0,1,9.82238,-5.36817,natural-earth,40272.722,-6.947503,8.529247,-3.788833,10.726478,9,Q853460,2597320,savanes
CIV-3447,CI-15,True,CI,Ivory Coast,Sud-Bandama,Sud-Bandama,Sud-Bandama,Sud-Bandama,,Department,0,1,5.63293,-5.49467,natural-earth,10830.962,-6.051641,5.027692,-4.937703,6.233935,9,Q845713,2597329,sud-bandama
CIV-3462,CI-13,True,CI,Ivory Coast,Sud-Comoé,Sud-Comoé,Sud-Comoé,Sud-Comoé,,Region,0,1,5.52003,-3.12754,natural-earth,5625.572,-3.538751,5.091335,-2.730139,6.249585,9,Q842495,2597317,sud-comoe
CIV-3450,CI-04,True,CI,Ivory Coast,Vallée du Bandama,Vallée du Bandama,Vallée du Bandama,Vallée du Bandama,,Region,0,1,8.22668,-4.85838,natural-earth,28431.697,-5.795739,7.227595,-3.921021,9.386663,9,Q845721,2597321,vallee-du-bandama
CIV-3443,CI-14,True,CI,Ivory Coast,Worodougou,Worodougou,Worodougou,Worodougou,,Region,0,1,8.49071,-6.28956,natural-earth,22652.091,-7.233584,7.618398,-5.345534,9.210911,9,Q846056,2597327,worodougou
CIV-3449,CI-08,True,CI,Ivory Coast,Zanzan,Zanzan,Zanzan,Zanzan,,Region,0,1,8.60755,-3.41485,natural-earth,37999.764,-4.322477,7.054477,-2.506328,9.948929,9,Q147081,2597325,zanzan
COK-4951,CK-X02,False,CK,Cook Islands,Aitutaki,Aitutaki,Aitutaki,Aitutaki,,,0,1,-19.249742,-158.94624,polylabel,3.304,-158.955556,-19.26922,-158.91808,-19.24212,20,Q223379,,aitutaki
COK-4950,CK-X01,False,CK,Cook Islands,Atiu,Atiu,Atiu,Atiu,,,0,1,-19.998468,-158.106639,polylabel,21.032,-158.297353,-20.019708,-158.078318,-19.810642,20,,,atiu
COK-4952,CK-X03,False,CK,Cook Islands,Mangaia,Mangaia,Mangaia,Mangaia,,,0,1,-21.909176,-157.933225,polylabel,38.75,-157.968699,-21.938897,-157.887074,-21.877537,20,,,mangaia
COK-4961,CK-X10,False,CK,Cook Islands,Manihiki,Manihiki,Manihiki,Manihiki,,,0,1,-10.381929,-160.982791,polylabel,2.433,-160.996409,-10.422784,-160.9381,-10.371515,20,,,manihiki
COK-4955,CK-X06,False,CK,Cook Islands,Mauke,Mauke,Mauke,Mauke,,,0,1,-20.157436,-157.332227,polylabel,12.677,-157.349355,-20.179132,-157.312815,-20.137384,20,,,mauke
COK-4954,CK-X05,False,CK,Cook Islands,Mitiaro,Mitiaro,Mitiaro,Mitiaro,,,0,1,-19.810235,-157.724446,polylabel,20.242,-157.742136,-19.85589,-157.707224,-19.767185,20,,,mitiaro
COK-4956,CK-X07,False,CK,Cook Islands,Palmerston,Palmerston Island,Palmerston,Palmerston,,,0,1,-18.870044,-159.789525,polylabel,14.593,-159.802317,-18.887953,-159.761383,-18.828953,20,,,palmerston
COK-4962,CK-X11,False,CK,Cook Islands,Penrhyn,Penrhyn Atoll,Penrhyn,Penrhyn,,,0,1,-8.969034,-157.97321,polylabel,11.467,-158.00829,-8.980727,-157.940745,-8.94671,20,,,penrhyn
COK-4959,CK-X08,False,CK,Cook Islands,Pukapuka,Pukapuka,Puka Puka,Pukapuka,,,0,1,-10.885431,-165.817187,polylabel,1.414,-165.824534,-10.891534,-165.807688,-10.880141,20,,,pukapuka
COK-4960,CK-X09,False,CK,Cook Islands,Rakahanga,Rakahanga,Rakahanga,Rakahanga,,,0,1,-10.03574,-161.081552,polylabel,1.438,-161.088002,-10.04461,-161.070058,-10.027439,20,,,rakahanga
COK-4953,CK-X04,False,CK,Cook Islands,Rarotonga,Rarotonga,Rarotonga,Rarotonga,,,0,1,-21.2088,-159.789,natural-earth,64.34,-159.846262,-21.254327,-159.736033,-21.18613,20,,,rarotonga
CHL-2691,CL-AI,True,CL,Chile,Aisén del General Carlos Ibáñez del Campo,Aysén,Aisén,Aysén del General Carlos Ibáñez del Campo,,Region,0,1,-46.8716,-73.3899,natural-earth,103545.379,-75.711415,-49.25087,-71.122398,-43.530177,3,Q2181,3900333,aisen-del-general-carlos-ibanez-del-campo
CHL-2695,CL-AN,True,CL,Chile,Antofagasta,Antofagasta,Antofagasta,Antofagasta,,Region,0,1,-23.3178,-68.8739,natural-earth,123168.523,-70.739985,-26.028631,-67.013967,-20.927688,6,Q2118,3899537,antofagasta
CHL-2694,CL-AP,True,CL,Chile,Arica y Parinacota,Arica y Parinacota,Arica et Parinacota,Arica y Parinacota,,Region,0,1,-18.3207,-69.6804,natural-earth,16326.912,-70.394703,-19.171482,-68.951445,-17.506588,7,Q2109,6693562,arica-y-parinacota
CHL-2696,CL-AT,True,CL,Chile,Atacama,Atacama,Atacama,Atacama,,Region,0,1,-27.4469,-69.9123,natural-earth,79441.403,-71.521962,-29.7479,-68.302105,-25.291192,3,Q2120,3899191,atacama
CHL-2702,CL-BI,True,CL,Chile,Bío-Bío,Biobío,Biobío,Biobío,,Region,0,1,-36.9791,-72.3475,natural-earth,24197.774,-73.687856,-38.484731,-71.006643,-36.438084,3,Q2170,3898380,bio-bio
CHL-2697,CL-CO,True,CL,Chile,Coquimbo,Coquimbo,Coquimbo,Coquimbo,,Region,0,1,-30.5838,-70.7749,natural-earth,37443.252,-71.71345,-32.220359,-69.835758,-29.069078,3,Q2121,3893623,coquimbo
CHL-2700,CL-AR,True,CL,Chile,La Araucanía,Araucanía,Araucanie,La Araucanía,,Region,0,1,-38.738,-72.3806,natural-earth,33879.311,-73.954823,-39.747289,-70.834302,-37.633206,3,Q2176,3899463,la-araucania
CHL-2703,CL-LI,True,CL,Chile,Libertador General Bernardo O'Higgins,O'Higgins,O'Higgins,O'Higgins,,Region,0,1,-34.5255,-71.0756,natural-earth,16642.569,-72.103017,-35.027389,-70.048176,-33.898809,3,Q2133,3883281,libertador-general-bernardo-o-higgins
CHL-2704,CL-LL,True,CL,Chile,Los Lagos,Los Lagos,Région des Lacs,Los Lagos,,Region,0,1,-41.0592,-72.9043,natural-earth,47318.045,-74.407216,-44.044998,-71.659265,-40.273045,3,Q2178,3881974,los-lagos
CHL-2701,CL-LR,True,CL,Chile,Los Ríos,Los Ríos,Région des Fleuves,Los Ríos,,Region,0,1,-40.1186,-72.6829,natural-earth,16242.939,-73.748647,-40.675605,-71.616632,-39.364264,3,Q2177,6693563,los-rios
CHL-2692,CL-MA,True,CL,Chile,Magallanes y Antártica Chilena,Magellan and the Chilean Antarctic,Magallanes et l'Antarctique chilien,Magallanes y de la Antártica Chilena,,Region,0,1,-53.4723,-71.3975,natural-earth,121369.564,-75.661041,-55.918504,-66.420806,-48.637302,3,Q2189,4036650,magallanes-y-antartica-chilena
CHL-2705,CL-ML,True,CL,Chile,Maule,Maule,Maule,Maule,,Region,0,1,-35.6067,-71.5811,natural-earth,28924.297,-72.804311,-36.485472,-70.357329,-34.760875,3,Q2166,3880306,maule
CHL-2698,CL-RM,True,CL,Chile,Región Metropolitana de Santiago,Santiago,Santiago,Santiago,,Region,0,1,-33.4568,-70.7527,natural-earth,16087.035,-71.717942,-34.284573,-69.786743,-32.95804,7,Q2131,3873544,region-metropolitana-de-santiago
CHL-2693,CL-TA,True,CL,Chile,Tarapacá,Tarapacá,Tarapacá,Tarapacá,,Region,0,1,-20.2427,-69.3683,natural-earth,41415.573,-70.288401,-21.453626,-68.447626,-18.946491,3,Q2114,3870116,tarapaca
CHL-2699,CL-VS,True,CL,Chile,Valparaíso,Valparaíso,Valparaíso,Valparaíso,,Region,0,1,-32.4884,-70.936,natural-earth,16831.328,-109.453725,-33.971156,-70.000167,-26.266046,3,Q219458,3868621,valparaiso
CHL-20010,CL-NB,True,CL,Chile,Ñuble,Ñuble,Ñuble,Ñuble,,Region,0,1,-36.619327,-72.068431,natural-earth,13530.529,-72.895863,-37.198294,-71.027819,-36.012685,3,Q24076693,,nuble
CMR-1482,CM-AD,True,CM,Cameroon,Adamaoua,Adamawa,Adamaoua,Adamawa,,Province,0,1,6.80472,13.217,natural-earth,62161.867,11.187669,5.992916,15.246564,8.188455,5,Q351514,2236015,adamaoua
CMR-1480,CM-CE,True,CM,Cameroon,Centre,Centre,Centre,Centro,,Province,0,1,4.73268,11.7383,natural-earth,68995.348,10.238631,3.134383,13.237931,6.258585,5,Q739951,2233376,centre
CMR-1481,CM-ES,True,CM,Cameroon,Est,East,Est,Este,,Province,0,1,3.78379,14.1674,natural-earth,109289.516,12.503041,1.654551,16.207723,6.115234,5,Q845168,2231835,est
CMR-1462,CM-EN,True,CM,Cameroon,Extrême-Nord,Far North,Extrême-Nord,Extremo Norte,,Province,0,1,10.7227,14.5367,natural-earth,34930.208,13.392672,9.921747,15.681244,13.081141,5,Q823976,2231755,extreme-nord
CMR-1476,CM-LT,True,CM,Cameroon,Littoral,Littoral,Littoral,Litoral,,Province,0,1,4.1938,10.0932,natural-earth,20203.785,9.331581,3.269015,11.121213,5.357089,5,Q845172,2229336,littoral
CMR-1483,CM-NO,True,CM,Cameroon,Nord,North,Nord,Norte,,Province,0,1,8.90981,13.8908,natural-earth,66976.561,12.219285,7.024016,15.562905,10.22656,5,Q502341,2223603,nord
CMR-1477,CM-NW,True,CM,Cameroon,Nord-Ouest,Northwest,Nord-Ouest,Noroeste,,Province,0,1,6.34548,10.4002,natural-earth,17140.43,9.591849,5.723372,11.208598,7.130832,5,Q823946,2223602,nord-ouest
CMR-798,CM-OU,True,CM,Cameroon,Ouest,West,Ouest,Oeste,,Province,0,1,5.36694,10.5889,natural-earth,14141.395,9.863409,4.89505,11.314431,6.290882,5,Q165784,2222934,ouest
CMR-803,CM-SU,True,CM,Cameroon,Sud,South,Région du Sud,Sur,,Province,0,1,2.79256,11.731,natural-earth,47663.456,9.799571,2.157761,13.662266,3.66572,5,Q857122,2221789,sud
CMR-799,CM-SW,True,CM,Cameroon,Sud-Ouest,Southwest,Sud-Ouest,Sudoeste,,Province,0,1,5.12818,9.24481,natural-earth,24828.585,8.505056,3.921855,10.112592,6.534305,5,Q607499,2221788,sud-ouest
CHN-1179,CN-AH,True,CN,China,Anhui,Anhui,Anhui,Anhui,安徽|安徽,Province,0,1,31.9537,117.253,natural-earth,140299.609,114.875914,29.407869,119.629784,34.642847,2,Q40956,1818058,anhui
CHN-1155,CN-BJ,True,CN,China,Beijing,Beijing,Pékin,Pekín,北京|北京,Municipality,0,1,39.9488,116.389,natural-earth,16234.076,115.421823,39.440435,117.488571,41.047727,7,Q956,2038349,beijing
CHN-1154,CN-CQ,True,CN,China,Chongqing,Chongqing,Chongqing,Chongqing,重慶|重庆,Municipality,0,1,30.0173,107.73,natural-earth,82454.793,105.285181,28.19182,110.175477,32.19757,2,Q11725,1814905,chongqing
CHN-1178,CN-FJ,True,CN,China,Fujian,Fujian,Fujian,Fujian,福建,Province,0,1,26.408,118.178,natural-earth,120952.142,115.841281,23.572654,120.42921,28.325972,2,Q41705,1811017,fujian
CHN-1150,CN-GS,True,CN,China,Gansu,Gansu,Gansu,Gansu,甘肅|甘肃,Province,0,1,38.7393,100.735,natural-earth,405331.872,92.764498,32.594342,108.705334,42.787061,2,Q42392,1810676,gansu
CHN-1180,CN-GD,True,CN,China,Guangdong,Guangdong,Guangdong,Guangdong,廣東|广东,Province,0,1,23.7924,113.72,natural-earth,175906.791,109.661225,20.238267,117.174622,25.51759,2,Q15175,1809935,guangdong
CHN-1152,CN-GX,True,CN,China,Guangxi,Guangxi,Guangxi,Guangxi,廣西壯族自治區|广西壮族自治区,Autonomous Region,0,1,23.7451,108.756,natural-earth,237851.152,104.48306,21.021186,112.052572,26.389888,2,Q15176,1809867,guangxi
CHN-1153,CN-GZ,True,CN,China,Guizhou,Guizhou,Guizhou,Guizhou,貴州|贵州,Province,0,1,26.8033,106.559,natural-earth,175464.129,103.596292,24.631391,109.521408,29.246096,2,Q47097,1809445,guizhou
CHN-1775,CN-HI,True,CN,China,Hainan,Hainan,Hainan,Hainan,海南,Province,0,1,19.1865,109.825,natural-earth,33943.403,108.615245,18.169338,111.034679,20.16356,2,Q42200,1809054,hainan
CHN-1811,CN-HE,True,CN,China,Hebei,Hebei,Hebei,Hebei,河北,Province,0,1,38.5205,115.314,natural-earth,188789.049,113.438379,36.056559,119.85019,42.621456,2,Q21208,1808773,hebei
CHN-1839,CN-HL,True,CN,China,Heilongjiang,Heilongjiang,Heilongjiang,Heilongjiang,黑龙江省|黑龍江省,Province,0,1,46.8451,127.97,natural-earth,450960.073,121.166899,43.432698,134.772579,53.569444,2,Q19206,2036965,heilongjiang
CHN-1812,CN-HA,True,CN,China,Henan,Henan,Henan,Henan,河南,Province,0,1,33.9055,113.484,natural-earth,166199.501,110.327664,31.395138,116.64118,36.3653,2,Q43684,1808520,henan
CHN-1807,CN-HB,True,CN,China,Hubei,Hubei,Hubei,Hubei,湖北,Province,0,1,30.9857,112.264,natural-earth,185772.247,108.380393,29.06634,116.147257,33.266471,2,Q46862,1806949,hubei
CHN-1808,CN-HN,True,CN,China,Hunan,Hunan,Hunan,Hunan,湖南,Province,0,1,27.6667,111.712,natural-earth,211690.083,108.787913,24.642656,114.234299,30.098396,2,Q45761,1806691,hunan
CHN-1838,CN-NM,True,CN,China,Inner Mongol,Inner Mongolia,Mongolie-Intérieure,Mongolia Interior,內蒙古自治區|内蒙古自治区,Autonomous Region,0,1,41.5938,111.623,natural-earth,1142248.58,97.19068,37.390328,126.056265,53.324059,2,Q41079,2035607,inner-mongol
CHN-1818,CN-JS,True,CN,China,Jiangsu,Jiangsu,Jiangsu,Jiangsu,江蘇|江苏,Province,0,1,32.9844,119.942,natural-earth,100141.889,116.377217,30.763704,121.930383,35.112586,2,Q16963,1806260,jiangsu
CHN-1817,CN-JX,True,CN,China,Jiangxi,Jiangxi,Jiangxi,Jiangxi,江西,Province,0,1,27.6397,116.017,natural-earth,168066.942,113.558526,24.49959,118.476262,30.05646,2,Q57052,1806222,jiangxi
CHN-1828,CN-JL,True,CN,China,Jilin,Jilin,Jilin,Jilin,吉林,Province,0,1,43.2978,126.466,natural-earth,190657.779,121.649505,40.859195,131.281836,46.293454,2,Q45208,2036500,jilin
CHN-1813,CN-LN,True,CN,China,Liaoning,Liaoning,Liaoning,Liaoning,遼寧|辽宁,Province,0,1,41.386,123.07,natural-earth,146314.91,118.847557,38.720933,125.768892,43.472282,2,Q43934,2036115,liaoning
CHN-1803,CN-NX,True,CN,China,Ningxia,Ningxia,Níngxià,Ningxia,寧夏回族自治區|宁夏回族自治区,Autonomous Region,0,1,37.1762,106.038,natural-earth,52112.32,104.358519,35.255316,107.661677,39.372998,2,Q57448,1799355,ningxia
PFA+00?,CN-X01,False,CN,China,Paracel Islands,Paracel Islands,Îles Paracels,Islas Paracelso,,,0,1,15.7833,111.201,natural-earth,5.365,111.192882,15.775377,112.736827,16.933254,20,,0,paracel-islands
CHN-1151,CN-QH,True,CN,China,Qinghai,Qinghai,Qinghai,Qinghai,,Province,0,1,35.2652,96.2377,natural-earth,714399.612,89.435141,31.534742,103.040357,39.324267,2,Q45833,1280239,qinghai
CHN-1804,CN-SN,True,CN,China,Shaanxi,Shaanxi,Shaanxi,Shaanxi,陝西|陕西,Province,0,1,33.7713,108.363,natural-earth,205738.542,105.498553,31.705249,111.226731,39.580788,2,Q47974,1796480,shaanxi
CHN-1814,CN-SD,True,CN,China,Shandong,Shandong,Shandong,Shandong,山東|山东,Province,0,1,36.3271,118.114,natural-earth,155879.244,114.834211,34.397229,122.688731,38.395453,2,Q43407,1796328,shandong
CHN-1819,CN-SH,True,CN,China,Shanghai,Shanghai,Shanghai,Shanghái,上海|上海,Municipality,0,1,31.0909,121.409,natural-earth,6752.025,120.860768,30.69124,121.986598,31.841077,7,Q8686,1796231,shanghai
CHN-1805,CN-SX,True,CN,China,Shanxi,Shanxi,Shanxi,Shanxi,山西,Province,0,1,37.7586,112.389,natural-earth,156015.637,110.237437,34.583677,114.540947,40.742578,2,Q46913,1795912,shanxi
CHN-1809,CN-SC,True,CN,China,Sichuan,Sichuan,Sichuan,Sichuan,四川,Province,0,1,30.5431,102.384,natural-earth,485303.665,97.360962,26.034845,108.523485,34.299715,2,Q19770,1794299,sichuan
CHN-1816,CN-TJ,True,CN,China,Tianjin,Tianjin,Tianjin,Tianjin,天津|天津,Municipality,0,1,39.3708,117.347,natural-earth,11465.166,116.68061,38.559249,118.013086,40.257026,7,Q11736,1792943,tianjin
CHN-1756,CN-XJ,True,CN,China,Xinjiang,Xinjiang,Xinjiang,Sinkiang,新疆維吾爾自治區|新疆维吾尔自治区,Autonomous Region,0,1,41.122,85.4253,natural-earth,1628134.454,73.602256,34.339961,96.36634,49.165837,2,Q34800,1529047,xinjiang
CHN-1662,CN-XZ,True,CN,China,Xizang,Tibet,Tibet,Tíbet,西藏自治區|西藏自治区,Autonomous Region,0,1,31.4515,88.4137,natural-earth,1130656.699,78.380983,27.312385,99.108814,36.454829,2,Q17269,1279685,xizang
CHN-1810,CN-YN,True,CN,China,Yunnan,Yunnan,Yunnan,Yunnan,雲南|云南,Province,0,1,24.4603,101.661,natural-earth,386200.76,97.513252,21.134473,106.199957,29.223772,2,Q43194,1785694,yunnan
CHN-1820,CN-ZJ,True,CN,China,Zhejiang,Zhejiang,Zhejiang,Zhejiang,浙江,Province,0,1,29.1084,119.97,natural-earth,101468.605,117.999237,27.182196,122.531098,31.177839,2,Q16967,1784764,zhejiang
COL-1283,CO-AMA,True,CO,Colombia,Amazonas,Amazonas,Amazonas,Amazonas,,Commissiary,0,1,-1.26032,-71.9171,natural-earth,109743.582,-74.414717,-4.236484,-69.418316,0.133222,5,Q44724,3689982,amazonas
COL-1314,CO-ANT,True,CO,Colombia,Antioquia,Antioquia,Antioquia,Antioquia,,Department,0,1,6.70366,-75.5071,natural-earth,63623.107,-77.126372,5.433648,-73.88781,8.869866,5,Q123304,3689815,antioquia
COL-1420,CO-ARA,True,CO,Colombia,Arauca,Arauca,Arauca,Arauca,,Intendancy,0,1,6.64307,-70.8913,natural-earth,23892.816,-72.350901,6.026273,-69.432019,7.09993,7,Q230223,3689717,arauca
COL-1412,CO-ATL,True,CO,Colombia,Atlántico,Atlántico,Atlántico,Atlántico,,Department,0,1,10.6712,-74.9941,natural-earth,3356.193,-75.266382,10.26741,-74.721816,11.087668,5,Q230882,3689436,atlantico
COL-1399,CO-CUN,True,CO,Colombia,Bogota,Bogotá,Bogota,Bogotá,,Federal District,0,1,4.08564,-74.2443,natural-earth,1677.362,-74.493561,3.675383,-73.995039,4.835519,9,Q2841,3688685,bogota
COL-1413,CO-BOL,True,CO,Colombia,Bolívar,Bolívar,Bolívar,Bolívar,,Department,0,1,8.57823,-74.1807,natural-earth,26574.502,-75.703577,6.996059,-73.754692,10.810867,5,Q230597,3688650,bolivar
COL-1315,CO-BOY,True,CO,Colombia,Boyacá,Boyacá,Boyacá,Boyacá,,Department,0,1,5.68515,-72.933,natural-earth,22997.668,-74.662491,4.660801,-71.964021,7.040139,5,Q121233,3688536,boyaca
COL+99?,CO-X01,False,CO,Colombia,COL+99?,,,,,,0,1,3.97794,-81.5928,natural-earth,7.693,-81.616322,3.95897,-81.578725,3.992377,20,,0,col-99
COL-1397,CO-CAL,True,CO,Colombia,Caldas,Caldas,Caldas,Caldas,,Department,0,1,5.29037,-75.2793,natural-earth,7396.925,-75.926807,4.800069,-74.631847,5.779131,5,Q230607,3687951,caldas
COL-1403,CO-CAQ,True,CO,Colombia,Caquetá,Caquetá,Caquetá,Caquetá,,Intendancy,0,1,0.615494,-73.8097,natural-earth,90459.32,-76.297043,-0.684971,-71.322334,2.950725,5,Q13985,3687479,caqueta
COL-1422,CO-CAS,True,CO,Colombia,Casanare,Casanare,Casanare,Casanare,,Intendancy,0,1,5.46249,-71.4622,natural-earth,43959.825,-73.068609,4.298239,-69.855756,6.351344,5,Q13984,3687173,casanare
COL-1404,CO-CAU,True,CO,Colombia,Cauca,Cauca,Cauca,Cauca,,Department,0,1,2.61609,-77.277,natural-earth,30843.362,-78.22029,0.972137,-75.781028,3.317937,5,Q230602,3687029,cauca
COL-1414,CO-CES,True,CO,Colombia,Cesar,Cesar,Cesar,Cesar,,Department,0,1,9.84893,-73.4339,natural-earth,22219.784,-74.137097,7.678214,-72.915232,10.866314,5,Q234916,3686880,cesar
COL-1415,CO-CHO,True,CO,Colombia,Chocó,Chocó,Chocó,Chocó,,Department,0,1,5.38283,-76.7263,natural-earth,47031.778,-77.895839,3.99464,-76.042485,8.678412,5,Q230584,3686431,choco
COL-1398,CO-CUN,True,CO,Colombia,Cundinamarca,Cundinamarca,Cundinamarca,Cundinamarca,,Department,0,1,5.11121,-74.0613,natural-earth,22745.041,-74.89116,3.704012,-73.052977,5.826389,5,Q232564,3685413,cundinamarca
COL-1316,CO-COR,True,CO,Colombia,Córdoba,Córdoba,Córdoba,Córdoba,,Department,0,1,8.43894,-75.6522,natural-earth,25264.678,-76.505118,7.36415,-74.799253,9.446194,5,Q234912,3685889,cordoba
COL-1424,CO-GUA,True,CO,Colombia,Guainía,Guainía,Guainía,Guainía,,Commissiary,0,1,2.70535,-68.8925,natural-earth,71626.05,-70.909387,1.172694,-66.875061,4.039878,5,Q238645,3681652,guainia
COL-1423,CO-GUV,True,CO,Colombia,Guaviare,Guaviare,Guaviare,Guaviare,,Commissiary,0,1,1.85144,-71.8348,natural-earth,55285.203,-73.675058,0.664042,-69.994456,2.90543,6,Q272885,3681344,guaviare
COL-1405,CO-HUI,True,CO,Colombia,Huila,Huila,Huila,Huila,,Department,0,1,2.65469,-75.5471,natural-earth,19120.506,-76.600719,1.560112,-74.493561,3.772121,5,Q234920,3680692,huila
COL-1318,CO-LAG,True,CO,Colombia,La Guajira,La Guajira,La Guajira,La Guajira,,Department,0,1,11.4245,-72.6702,natural-earth,20581.365,-73.651003,10.400244,-71.107493,12.468329,5,Q272747,3678847,la-guajira
COL-1416,CO-MAG,True,CO,Colombia,Magdalena,Magdalena,Magdalena,Magdalena,,Department,0,1,10.3731,-74.3474,natural-earth,23118.719,-74.947745,8.887675,-73.561835,11.357896,5,Q199910,3675686,magdalena
COL-1425,CO-MET,True,CO,Colombia,Meta,Meta,Meta,Meta,,Department,0,1,3.5302,-72.9789,natural-earth,86603.453,-74.897516,1.624501,-71.060334,4.91939,5,Q238629,3674810,meta
COL-1406,CO-NAR,True,CO,Colombia,Nariño,Nariño,Nariño,Nariño,,Department,0,1,1.60168,-77.9777,natural-earth,31071.452,-79.021512,0.334193,-76.84365,2.687339,5,Q230217,3674021,narino
COL-1421,CO-NSA,True,CO,Colombia,Norte de Santander,Norte de Santander,Norte de Santander,Norte de Santander,,Department,0,1,8.086,-72.8175,natural-earth,21958.798,-73.640332,6.87542,-71.993818,9.295377,5,Q233058,3673798,norte-de-santander
COL-1407,CO-PUT,True,CO,Colombia,Putumayo,Putumayo,Putumayo,Putumayo,,Intendancy,0,1,0.420217,-75.5514,natural-earth,25505.289,-77.238562,-0.563757,-73.864142,1.437742,5,Q232953,3671178,putumayo
COL-1400,CO-QUI,True,CO,Colombia,Quindío,Quindío,Quindío,Quindío,,Department,0,1,4.47197,-75.64,natural-earth,1894.173,-75.890375,4.078511,-75.389605,4.720229,5,Q13995,3671087,quindio
COL-1401,CO-RIS,True,CO,Colombia,Risaralda,Risaralda,Risaralda,Risaralda,,Department,0,1,4.82682,-75.6743,natural-earth,3550.623,-76.182915,4.671369,-75.378029,5.577334,5,Q13993,3670698,risaralda
COL-1342,CO-SAP,True,CO,Colombia,San Andrés y Providencia,Archipelago of Saint Andréws,Archipel de San Andrés,Archipiélago de San Andrés,,Department,0,1,12.5429,-81.7049,natural-earth,38.151,-81.723704,12.502427,-80.089345,13.578355,5,Q26855,3670205,san-andres-y-providencia
COL-1317,CO-SAN,True,CO,Colombia,Santander,Santander,Santander,Santander,,Department,0,1,6.85402,-73.4981,natural-earth,30900.592,-74.519425,5.711409,-72.476863,8.161466,5,Q235166,3668578,santander
COL-1417,CO-SUC,True,CO,Colombia,Sucre,Sucre,Sucre,Sucre,,Department,0,1,9.01236,-75.1319,natural-earth,10930.409,-75.705137,8.279883,-74.542137,10.143128,5,Q235188,3667725,sucre
COL-1402,CO-TOL,True,CO,Colombia,Tolima,Tolima,Tolima,del Tolima,,Department,0,1,3.93749,-75.2073,natural-earth,24117.827,-76.112997,2.889204,-74.480203,5.314405,5,Q234501,3666951,tolima
COL-1408,CO-VAC,True,CO,Colombia,Valle del Cauca,Valle del Cauca,Valle del Cauca,Valle del Cauca,,Department,0,1,3.58331,-76.5923,natural-earth,20968.967,-77.477658,3.092861,-75.708087,5.035714,5,Q13990,3666313,valle-del-cauca
COL-1426,CO-VAU,True,CO,Colombia,Vaupés,Vaupés,Vaupés,Vaupés,,Commissiary,0,1,0.790971,-70.5869,natural-earth,51982.276,-72.035753,-1.23931,-69.137455,2.101164,5,Q234505,3666254,vaupes
COL-1427,CO-VID,True,CO,Colombia,Vichada,Vichada,Vichada,Vichada,,Commissiary,0,1,4.89224,-69.2414,natural-earth,99047.213,-71.063693,2.782518,-67.418593,6.31375,5,Q268729,3666082,vichada
CRI-1333,CR-A,True,CR,Costa Rica,Alajuela,Alajuela,Alajuela,Alajuela,,Province,0,1,10.7527,-84.7995,natural-earth,9609.008,-85.441188,9.824517,-84.15773,11.070411,9,Q502188,3624953,alajuela
CRI-1327,CR-C,True,CR,Costa Rica,Cartago,Cartago,Cartago,Cartago,,Province,0,1,9.78411,-83.6991,natural-earth,3112.024,-84.079281,9.467588,-83.318914,10.136229,9,Q502181,3624368,cartago
CRI-1334,CR-G,True,CR,Costa Rica,Guanacaste,Guanacaste,Guanacaste,Guanacaste,,Province,0,1,10.3333,-85.3552,natural-earth,10322.762,-85.946441,9.724823,-84.763994,11.209937,8,Q690026,3623582,guanacaste
CRI-1328,CR-H,True,CR,Costa Rica,Heredia,Heredia,Heredia,Heredia,,Province,0,1,10.4626,-83.9527,natural-earth,2706.048,-84.201857,9.945646,-83.703567,10.789446,9,Q502192,3623484,heredia
CRI-1329,CR-L,True,CR,Costa Rica,Limón,Limón,Limón,Limón,,Province,0,1,9.7018,-83.1486,natural-earth,9404.995,-83.942726,9.070642,-82.562837,10.93797,8,Q642644,3623064,limon
CRI-1330,CR-P,True,CR,Costa Rica,Puntarenas,Puntarenas,Puntarenas,Puntarenas,,Province,0,1,8.93419,-83.2294,natural-earth,11177.621,-87.117665,5.515082,-82.719365,10.331979,9,Q502170,3622226,puntarenas
CRI-1331,CR-SJ,True,CR,Costa Rica,San José,San José,San José,San José,,Province,0,1,9.60369,-84.0105,natural-earth,5027.568,-84.591627,9.066062,-83.429398,10.198964,8,Q647808,3621837,san-jose
CUB-1429,CU-15,True,CU,Cuba,Artemisa,Artemisa,Artemisa,Artemisa,,Province,0,1,22.8546,-82.6903,natural-earth,2029.656,-82.97803,22.559312,-82.38795,23.073564,7,Q115325,7668824,artemisa
CUB-1364,CU-09,True,CU,Cuba,Camagüey,Camagüey,Camagüey,Camagüey,,Province,0,1,21.3675,-77.9304,natural-earth,15585.404,-78.656158,20.518012,-76.944814,22.437201,7,Q215147,3566062,camaguey
CUB-1363,CU-08,True,CU,Cuba,Ciego de Ávila,Ciego de Ávila,Ciego de Ávila,Ciego de Ávila,,Province,0,1,21.9626,-78.6388,natural-earth,6914.02,-79.388905,20.712226,-78.070655,22.561957,7,Q220692,3564175,ciego-de-avila
CUB-1319,CU-06,True,CU,Cuba,Cienfuegos,Cienfuegos,Cienfuegos,Cienfuegos,,Province,0,1,22.3253,-80.4831,natural-earth,4201.495,-80.942987,21.824765,-80.023275,22.587097,7,Q115444,3564120,cienfuegos
CUB-1428,CU-03,True,CU,Cuba,Ciudad de la Habana,Havana,La Havane,La Habana,,Province,0,1,23.0737,-82.3075,natural-earth,703.268,-82.538736,22.94785,-82.076199,23.194241,9,Q1563,3564073,ciudad-de-la-habana
CUB-1366,CU-12,True,CU,Cuba,Granma,Granma,Granma,Granma,,Province,0,1,20.3212,-76.8386,natural-earth,8565.525,-77.737213,19.827826,-76.17966,20.78421,6,Q115046,3558052,granma
CUB-1365,CU-14,True,CU,Cuba,Guantánamo,Guantánamo,Guantánamo,Guantánamo,,Province,0,1,20.2358,-74.8112,natural-earth,6169.42,-75.489676,19.882544,-74.132883,20.556063,7,Q115319,3557685,guantanamo
CUB-1367,CU-11,True,CU,Cuba,Holguín,Holguín,Holguín,Holguín,,Province,0,1,20.808,-76.1892,natural-earth,9247.41,-76.721901,20.396791,-74.715168,21.251899,7,Q115302,3556965,holguin
CUB-1320,CU-99,True,CU,Cuba,Isla de la Juventud,Isla de la Juventud,île de la Jeunesse,Isla de la Juventud,,Special Municipality,0,1,21.6754,-82.8148,natural-earth,2370.719,-83.191803,21.437486,-81.369374,21.954535,6,Q115027,3556608,isla-de-la-juventud
CUB-1368,CU-10,True,CU,Cuba,Las Tunas,Las Tunas,Las Tunas,Las Tunas,,Province,0,1,21.0299,-77.0723,natural-earth,6533.008,-77.83113,20.677476,-76.313547,21.45775,7,Q115334,3550595,las-tunas
CUB-1430,CU-04,True,CU,Cuba,Matanzas,Matanzas,Matanzas,Matanzas,,Province,0,1,22.6152,-81.186,natural-earth,11791.207,-82.163971,22.044013,-80.470774,23.26557,7,Q115438,3547394,matanzas
CUB-5489,CU-16,True,CU,Cuba,Mayabeque,Mayabeque,Mayabeque,Mayabeque,,Province,0,1,22.8761,-82.0296,natural-earth,3777.664,-82.457804,22.575074,-81.596177,23.200507,7,Q115310,7668827,mayabeque
CUB-1321,CU-01,True,CU,Cuba,Pinar del Río,Pinar del Río,Pinar del Río,Pinar del Río,,Province,0,1,22.4952,-83.674,natural-earth,11110.768,-84.949615,21.766832,-82.824602,23.021226,7,Q115497,3544088,pinar-del-rio
CUB-1322,CU-07,True,CU,Cuba,Sancti Spíritus,Sancti Spíritus,Sancti Spíritus,Sancti Spíritus,,Province,0,1,21.9618,-79.3804,natural-earth,6710.163,-80.101027,21.548489,-78.927195,22.674018,7,Q115441,3540665,sancti-spiritus
CUB-1369,CU-13,True,CU,Cuba,Santiago de Cuba,Santiago de Cuba,Santiago de Cuba,Santiago de Cuba,,Province,0,1,20.1959,-76.2117,natural-earth,6188.277,-77.04785,19.879096,-75.375471,20.573602,7,Q234200,3536725,santiago-de-cuba
CUB-1431,CU-05,True,CU,Cuba,Villa Clara,Villa Clara,Villa Clara,Villa Clara,,Province,0,1,22.601,-79.9527,natural-earth,8324.034,-80.748425,21.938506,-79.326812,23.154608,6,Q115434,3534168,villa-clara
CPV-5055,CV-BV,True,CV,Cape Verde,Boa Vista,Boa Vista,Boa Vista,Boa Vista,,,0,1,16.1024,-22.807,natural-earth,637.773,-22.963979,15.982367,-22.666575,16.243964,20,Q2721025,3374855,boa-vista
CPV-5041,CV-BR,True,CV,Cape Verde,Brava,Brava,Brava,Brava,,,0,1,14.851,-24.7204,natural-earth,59.997,-24.758941,14.803941,-24.683258,14.900824,20,Q2571624,3374832,brava
CPV-5054,CV-MA,True,CV,Cape Verde,Maio,Maio,Maio,Maio,,,0,1,15.2115,-23.1806,natural-earth,269.783,-23.258168,15.118598,-23.110463,15.33275,20,Q2551133,3374487,maio
CPV-5043,CV-MO,True,CV,Cape Verde,Mosteiros,Mosteiros,Mosteiros,Mosteiros,,,0,1,15.0008,-24.3541,natural-earth,98.374,-24.429691,14.944918,-24.301476,15.045396,20,Q516835,3411924,mosteiros
CPV-5062,CV-PA,True,CV,Cape Verde,Paul,Paul,Paul,Paul,,,0,1,17.1179,-25.0151,natural-earth,37.518,-25.072976,17.078865,-24.971262,17.144924,20,Q1475374,3374391,paul
CPV-5060,CV-PN,True,CV,Cape Verde,Porto Novo,Porto Novo,Porto Novo,Porto Novo,,,0,1,17.0173,-25.2258,natural-earth,544.944,-25.360422,16.917182,-24.986682,17.136705,20,Q1552897,7602868,porto-novo
CPV-5053,CV-PR,True,CV,Cape Verde,Praia,Praia,Praia,Praia,,,0,1,14.9529,-23.5159,natural-earth,55.568,-23.56408,14.90762,-23.470448,14.98619,20,Q497019,3374332,praia
CPV-5057,CV-RB,True,CV,Cape Verde,Ribeira Brava,Ribeira Brava,Ribeira Brava,Municipio de Ribeira Brava,,,0,1,16.6197,-24.287,natural-earth,230.518,-24.376535,16.482652,-24.032826,16.681586,20,Q747221,7602869,ribeira-brava
CPV-5061,CV-RG,True,CV,Cape Verde,Ribeira Grande,Ribeira Grande,Ribeira Grande,Ribeira Grande,,,0,1,17.1418,-25.1204,natural-earth,161.674,-25.245351,17.085776,-25.025868,17.196601,20,Q1355642,3374274,ribeira-grande
CPV-5052,CV-RS,True,CV,Cape Verde,Ribeira Grande de Santiago,Ribeira Grande de Santiago,Ribeira Grande de Santiago,Ribeira Grande de Santiago,,,0,1,14.9768,-23.6404,natural-earth,140.225,-23.715077,14.90762,-23.539296,15.04092,20,Q499620,7603281,ribeira-grande-de-santiago
CPV-5056,CV-SL,True,CV,Cape Verde,Sal,Sal,Sal,Sal,,,0,1,16.7251,-22.9363,natural-earth,199.86,-22.991567,16.593411,-22.881337,16.860297,20,Q2721003,3374249,sal
CPV-5046,CV-CA,True,CV,Cape Verde,Santa Catarina,Santa Catarina,Santa Catarina,Santa Catarina,,,0,1,15.0918,-23.7027,natural-earth,279.657,-23.792592,14.968451,-23.618338,15.184396,20,Q494882,3374226,santa-catarina
CPV-5044,CV-CF,True,CV,Cape Verde,Santa Catarina do Fogo,Santa Catarina do Fogo,Santa Catarina do Fogo,Santa Catarina do Fogo,,,0,1,14.9241,-24.3301,natural-earth,70.973,-24.383431,14.869565,-24.295766,14.954846,20,Q2608046,7602870,santa-catarina-do-fogo
CPV-5048,CV-CR,True,CV,Cape Verde,Santa Cruz,Santa Cruz,Santa Cruz,Santa Cruz,,,0,1,15.1157,-23.5494,natural-earth,98.211,-23.6266,15.045984,-23.484659,15.170212,20,Q497472,3411925,santa-cruz
CPV-5051,CV-SD,True,CV,Cape Verde,São Domingos,São Domingos,São Domingos,São Domingos,,,0,1,15.0152,-23.5254,natural-earth,113.365,-23.596192,14.960723,-23.443105,15.064038,20,Q499009,3411926,sao-domingos
CPV-5042,CV-SF,True,CV,Cape Verde,São Filipe,São Filipe,São Filipe,São Filipe,,,0,1,14.9241,-24.4403,natural-earth,292.544,-24.526235,14.815985,-24.292836,15.025015,20,Q6430079,3411927,sao-filipe
CPV-5050,CV-SO,True,CV,Cape Verde,São Lourenço dos Órgãos,São Lourenço dos Órgãos,São Lourenço dos Órgãos,São Lourenço dos Órgãos,,,0,1,15.0439,-23.5781,natural-earth,32.091,-23.612039,15.011658,-23.526432,15.081557,20,Q494726,7602873,sao-lourenco-dos-orgaos
CPV-5047,CV-SM,True,CV,Cape Verde,São Miguel,São Miguel,São Miguel,São Miguel,,,0,1,15.178,-23.6356,natural-earth,70.447,-23.68699,15.119065,-23.591601,15.229722,20,Q494874,3411928,sao-miguel
CPV-5049,CV-SS,True,CV,Cape Verde,São Salvador do Mundo,São Salvador do Mundo,São Salvador do Mundo,São Salvador do Mundo,,,0,1,15.0678,-23.6164,natural-earth,40.366,-23.647959,15.03934,-23.578475,15.105778,20,Q494877,7602871,sao-salvador-do-mundo
CPV-5059,CV-SV,True,CV,Cape Verde,São Vicente,São Vicente,São Vicente,São Vicente,,,0,1,16.8449,-24.972,natural-earth,265.173,-25.094146,16.605505,-24.569512,16.923,20,Q648842,3374198,sao-vicente
CPV-5045,CV-TA,True,CV,Cape Verde,Tarrafal,Tarrafal,Tarrafal,Tarrafal,,,0,1,15.2355,-23.717,natural-earth,134.893,-23.785756,15.179966,-23.648549,15.33275,20,Q499598,3374161,tarrafal
CPV-5058,CV-TS,True,CV,Cape Verde,Tarrafal de São Nicolau,Tarrafal de São Nicolau,Tarrafal de São Nicolau,Tarrafal de São Nicolau,,,0,1,16.6006,-24.3493,natural-earth,106.402,-24.430653,16.482652,-24.314418,16.677123,20,Q1895853,7602872,tarrafal-de-sao-nicolau
CUW-5151,CW-X01,False,CW,Curaçao,Curaçao,Curaçao,Curaçao,Curazao,,,0,1,12.1558,-68.955,natural-earth,465.044,-69.171742,12.041327,-68.739735,12.391506,20,Q25279,,curacao
CYP-3466,CY-04,True,CY,Cyprus,Famagusta,Famagusta,Famagouste,Famagusta,,District,0,1,35.0164,33.9489,natural-earth,194.768,33.799001,34.961988,34.099132,35.073054,9,Q59148,-1,famagusta
CYP-3463,CY-03,True,CY,Cyprus,Larnaca,Larnaca,Larnaca,Lárnaca,,District,0,1,34.9728,33.8678,natural-earth,936.058,33.13005,34.707343,33.896268,35.073054,9,Q59153,146398,larnaca
CYP-3489,CY-02,True,CY,Cyprus,Limassol,Limassol,Limassol,Limasol,,District,0,1,34.7755,32.9674,natural-earth,1272.45,32.637419,34.625019,33.272553,34.960786,9,Q59150,146383,limassol
CYP-3464,CY-01,True,CY,Cyprus,Nicosia,Nicosia,Nicosie,Nicosia,,District,0,1,35.0214,33.043,natural-earth,1968.068,32.565382,34.879732,33.520621,35.199403,9,Q59147,146267,nicosia
CYP-3465,CY-05,True,CY,Cyprus,Paphos,Paphos,Paphos,Pafos,,District,0,1,34.9307,32.5276,natural-earth,1365.192,32.271739,34.660886,32.783405,35.178046,9,Q59133,146213,paphos
CZE-10370,CZ-JM,True,CZ,Czech Republic,Jihomoravský,South Moravian,Moravie du Sud,Moravia Meridional,,Region,0,1,49.1054,16.7484,natural-earth,7068.838,15.544187,48.604166,17.646029,49.634008,6,Q192697,3339536,jihomoravsky
CZE-1593,CZ-JC,True,CZ,Czech Republic,Jihočeský,South Bohemian,Bohême-du-Sud,Bohemia Meridional,,Region,0,1,49.0726,14.5598,natural-earth,9947.931,13.521131,48.557916,15.598426,49.613925,6,Q188373,3339537,jihocesky
CZE-1590,CZ-KA,True,CZ,Czech Republic,Karlovarský,Karlovy Vary,Karlovy Vary,Karlovy Vary,,Region,0,1,50.1601,12.7286,natural-earth,3273.426,12.076141,49.899185,13.289934,50.44302,6,Q191091,3339539,karlovarsky
CZE-1598,CZ-KR,True,CZ,Czech Republic,Královéhradecký,Hradec Králové,Hradec Králové,Hradec Králové,,Region,0,1,50.3723,15.8838,natural-earth,4743.758,15.116631,50.022331,16.584238,50.782361,6,Q193295,3339540,kralovehradecky
CZE-1597,CZ-LI,True,CZ,Czech Republic,Liberecký,Liberec,Liberec,Liberec,,Region,0,1,50.7339,14.9186,natural-earth,3187.021,14.338843,50.460378,15.624156,51.020685,6,Q193266,3339541,liberecky
CZE-1612,CZ-MO,True,CZ,Czech Republic,Moravskoslezský,Moravian-Silesian,Moravie-Silésie,Moravia-Silesia,,Region,0,1,49.7687,17.9683,natural-earth,5599.712,17.133501,49.377624,18.837434,50.315069,6,Q190550,3339573,moravskoslezsky
CZE-10372,CZ-OL,True,CZ,Czech Republic,Olomoucký,Olomouc,Olomouc,Olomouc,,Region,0,1,49.6928,17.1244,natural-earth,4938.587,16.723558,49.26089,17.90628,50.432943,6,Q193307,3339542,olomoucky
CZE-10373,CZ-PA,True,CZ,Czech Republic,Pardubický,Pardubice,Pardubice,Pardubice,,Region,0,1,49.8651,16.2784,natural-earth,4370.044,15.340247,49.595896,16.869762,50.189729,6,Q193317,3339574,pardubicky
CZE-10369,CZ-PL,True,CZ,Czech Republic,Plzeňský,Plzeň-,Plzeň-město,Pilsen,,Region,0,1,49.6458,13.2001,natural-earth,7830.489,12.383616,48.937634,13.835845,50.108475,6,Q1080673,3339575,plzensky
CZE-1595,CZ-PR,True,CZ,Czech Republic,Prague,Prague,Prague,Praga,,Region,0,1,50.0647,14.4487,natural-earth,515.006,14.213028,49.9507,14.684473,50.168833,9,Q1085,3067695,prague
CZE-1596,CZ-ST,True,CZ,Czech Republic,Středočeský,Central Bohemian,Bohême centrale,Bohemia Central,,Region,0,1,49.7498,14.4559,natural-earth,10869.534,13.405686,49.489494,15.506119,50.603431,6,Q188399,3339576,stredocesky
CZE-1594,CZ-VY,True,CZ,Czech Republic,Vysočina,Vysočina,Vysočina,Vysočina,,Region,0,1,49.4088,15.7721,natural-earth,6935.434,14.884952,48.945264,16.409063,49.875564,6,Q190930,3339538,vysocina
CZE-10371,CZ-ZL,True,CZ,Czech Republic,Zlínský,Zlín,Zlín,Zlín,,Region,0,1,49.1837,17.7745,natural-earth,3919.635,17.108321,48.841816,18.387009,49.527331,6,Q262111,3339578,zlinsky
CZE-10368,CZ-US,True,CZ,Czech Republic,Ústecký,Ústí nad Labem,région d'Ústí nad Labem,Ústí nad Labem,,Region,0,1,50.4996,13.8424,natural-earth,5297.854,12.960631,50.077416,14.634589,51.040012,6,Q192702,3339577,ustecky
DEU-1573,DE-BW,True,DE,Germany,Baden-Württemberg,Baden-Württemberg,Bade-Wurtemberg,Baden-Wurtemberg,,State,0,1,48.59,9.00328,natural-earth,36013.471,7.511872,47.532743,10.495101,49.795591,3,Q985,2953481,baden-wurttemberg
DEU-1591,DE-BY,True,DE,Germany,Bayern,Bavaria,Bavière,Baviera,,State,0,1,49.0056,11.3966,natural-earth,69804.127,8.976589,47.271121,13.816862,50.562857,3,Q980,2951839,bayern
DEU-1599,DE-BE,True,DE,Germany,Berlin,Berlin,Berlin,Berlín,,State,0,1,52.5131,13.4213,natural-earth,885.73,13.091635,52.342025,13.750923,52.663556,9,Q64,2950157,berlin
DEU-3487,DE-BB,True,DE,Germany,Brandenburg,Brandenburg,Brandebourg,Brandeburgo,,State,0,1,52.8156,12.9206,natural-earth,29919.116,11.27409,51.347977,14.761403,53.543811,3,Q1208,2945356,brandenburg
DEU-1575,DE-HB,True,DE,Germany,Bremen,Free Hanseatic Bremen,Brême,Bremen,,State,0,1,53.1211,8.74299,natural-earth,384.079,8.49605,53.024619,8.989922,53.617097,9,Q1209,2944387,bremen
DEU-1578,DE-HH,True,DE,Germany,Hamburg,Hamburg,Hambourg,Hamburgo,,State,0,1,53.559,10.0344,natural-earth,770.453,9.74081,53.404389,10.32798,53.72778,9,Q1055,2911297,hamburg
DEU-1574,DE-HE,True,DE,Germany,Hessen,Hesse,Hesse,Hesse,,State,0,1,50.6098,8.95873,natural-earth,20938.444,7.771392,49.396288,10.232895,51.655013,3,Q1199,2905330,hessen
DEU-3488,DE-MV,True,DE,Germany,Mecklenburg-Vorpommern,Mecklenburg-Western Pomerania,Mecklembourg-Poméranie-Occidentale,Mecklemburgo-Pomerania Occidental,,State,0,1,53.7528,12.5647,natural-earth,23108.98,10.601245,53.108241,14.391261,54.688422,3,Q1196,2872567,mecklenburg-vorpommern
DEU-1576,DE-NI,True,DE,Germany,Niedersachsen,Lower Saxony,Basse-Saxe,Baja Sajonia,,State,0,1,52.775,8.86184,natural-earth,47404.491,6.659516,51.290461,11.58134,53.892483,3,Q1197,2862926,niedersachsen
DEU-1572,DE-NW,True,DE,Germany,Nordrhein-Westfalen,North Rhine-Westphalia,Rhénanie-du-Nord-Westphalie,Renania del Norte-Westfalia,,State,0,1,51.6146,7.65708,natural-earth,34409.275,5.85249,50.32308,9.462141,52.524184,3,Q1198,2861876,nordrhein-westfalen
DEU-1580,DE-RP,True,DE,Germany,Rheinland-Pfalz,Rhineland-Palatinate,Rhénanie-Palatinat,Renania-Palatinado,,State,0,1,49.8685,7.36974,natural-earth,20028.919,6.096403,48.95825,8.504577,50.932705,3,Q1200,2847618,rheinland-pfalz
DEU-1581,DE-SL,True,DE,Germany,Saarland,Saarland,Sarre,Sarre,,State,0,1,49.4026,6.86625,natural-earth,2645.533,6.342279,49.105014,7.390588,49.629477,3,Q1201,2842635,saarland
DEU-1601,DE-SN,True,DE,Germany,Sachsen,Saxony,Saxe,Sajonia,,State,0,1,51.0053,13.4596,natural-earth,18101.018,11.897393,50.160815,15.022059,51.670076,3,Q1202,2842566,sachsen
DEU-1600,DE-ST,True,DE,Germany,Sachsen-Anhalt,Saxony-Anhalt,Saxe-Anhalt,Sajonia-Anhalt,,State,0,1,51.9338,11.6796,natural-earth,20585.846,10.569619,50.927899,13.236846,53.050302,3,Q1206,2842565,sachsen-anhalt
DEU-1579,DE-SH,True,DE,Germany,Schleswig-Holstein,Schleswig-Holstein,Schleswig-Holstein,Schleswig-Holstein,,State,0,1,54.1315,9.84605,natural-earth,15369.133,7.879893,53.363875,11.31422,55.065334,3,Q1194,2838632,schleswig-holstein
DEU-1577,DE-TH,True,DE,Germany,Thüringen,Thuringia,Thuringe,Turingia,,State,0,1,50.9052,11.0976,natural-earth,16010.167,9.877671,50.207272,12.647373,51.637365,3,Q1205,2822542,thuringen
DJI-1566,DJ-AS,True,DJ,Djibouti,Ali Sabieh,Ali Sabieh,Ali Sabieh,Ali Sabieh,,Region,0,1,11.2107,42.8985,natural-earth,1876.234,42.608145,10.978246,43.188815,11.478576,8,Q821008,225282,ali-sabieh
DJI-1568,DJ-AR,True,DJ,Djibouti,Arta,Arta,Arta,Arta,,Region,0,1,11.4461,42.8032,natural-earth,1726.665,42.365352,11.265488,43.240733,11.654224,8,Q705941,449265,arta
DJI-1569,DJ-DI,True,DJ,Djibouti,Dikhil,Dikhil,Dikhil,Dikhil,,Region,0,1,11.3884,42.2277,natural-earth,6841.846,41.74911,10.929825,42.706572,11.88091,7,Q283979,223889,dikhil
DJI-1567,DJ-DJ,True,DJ,Djibouti,Djibouti,Djibouti,Djibouti,Yibuti,,City,0,1,11.5524,43.037,natural-earth,179.993,42.900706,11.518806,43.173106,11.611762,9,Q3604,223818,djibouti
DJI-1570,DJ-OB,True,DJ,Djibouti,Obock,Obock,Obock,Obock,,Region,0,1,12.2842,43.0464,natural-earth,4637.618,42.673964,11.838842,43.418712,12.707913,7,Q844929,221525,obock
DJI-1571,DJ-TA,True,DJ,Djibouti,Tadjourah,Tadjourah,Tadjourah,Tadjoura,,Region,0,1,11.7972,42.5043,natural-earth,6671.517,41.97468,11.547471,43.086002,12.523371,8,Q645896,220781,tadjourah
DNK-3419,DK-84,True,DK,Denmark,Hovedstaden,Denmark,Hovedstaden,Capital,,Region,0,1,55.8486,12.3198,natural-earth,2517.955,11.841807,54.991638,15.151378,56.12873,7,Q26073,6418538,hovedstaden
DNK-3416,DK-82,True,DK,Denmark,Midtjylland,Central Denmark,Jutland-Central,Jutlandia Central,,Region,0,1,56.2367,9.26862,natural-earth,13127.87,8.103363,55.674465,11.649425,56.812567,7,Q26586,6418539,midtjylland
DNK-3418,DK-81,True,DK,Denmark,Nordjylland,North Denmark,Jutland-du-Nord,Jutlandia Septentrional,,Region,0,1,56.8261,9.73299,natural-earth,7880.556,8.236176,56.555256,11.197276,57.751166,7,Q26067,6418540,nordjylland
DNK-3420,DK-85,True,DK,Denmark,Sjaælland,Zealand,Sjælland,Selandia,,Region,0,1,55.4417,11.7483,natural-earth,7143.242,10.875499,54.56859,12.553722,55.996568,7,Q26589,6418541,sjaælland
DNK-3417,DK-83,True,DK,Denmark,Syddanmark,Southern Denmark,Danemark du Sud,Dinamarca Meridional,,Region,0,1,55.349,9.1292,natural-earth,11824.682,8.094005,54.735297,10.956716,55.942994,7,Q26061,6418542,syddanmark
DMA-1432,DM-02,True,DM,Dominica,Saint Andrew,Saint Andrew,Saint-Andrew,Parroquia de Saint Andrew,,Parish,0,1,15.5378,-61.3589,natural-earth,198.967,-61.449214,15.444872,-61.268625,15.633096,10,Q732322,3575632,saint-andrew
DMA-1433,DM-03,True,DM,Dominica,Saint David,Saint David,Saint-David,Parroquia de Saint David,,Parish,0,1,15.3956,-61.2919,natural-earth,117.76,-61.334571,15.316662,-61.249257,15.509914,10,Q1431129,3575630,saint-david
DMA-1434,DM-04,True,DM,Dominica,Saint George,Saint George,Saint-George,Parroquia de Saint George,,Parish,0,1,15.3,-61.3489,natural-earth,53.72,-61.393599,15.253798,-61.30416,15.345524,10,Q617801,3575628,saint-george
DMA-1435,DM-05,True,DM,Dominica,Saint John,Saint John,Saint-John,Parroquia de Saint John,,Parish,0,1,15.5767,-61.4483,natural-earth,65.28,-61.488922,15.503008,-61.407719,15.633857,10,Q1476285,3575626,saint-john
DMA-1436,DM-06,True,DM,Dominica,Saint Joseph,Saint Joseph,Saint-Joseph,Parroquia de Saint Joseph,,Parish,0,1,15.4355,-61.3863,natural-earth,115.455,-61.455329,15.389345,-61.317363,15.494455,10,Q1476302,3575625,saint-joseph
DMA-1437,DM-07,True,DM,Dominica,Saint Luke,Saint Luke,Saint-Luke,Parroquia de Saint Luke,,Parish,0,1,15.2483,-61.3644,natural-earth,3.461,-61.373179,15.235918,-61.355655,15.260347,10,Q1431099,3575622,saint-luke
DMA-1438,DM-08,True,DM,Dominica,Saint Mark,Saint Mark,Saint-Mark,Parroquia de Saint Mark,,Parish,0,1,15.2217,-61.3612,natural-earth,10.617,-61.376129,15.201809,-61.346384,15.243799,10,Q1431115,3575621,saint-mark
DMA-1439,DM-09,True,DM,Dominica,Saint Patrick,Saint Patrick,Saint-Patrick,Parroquia de Saint Patrick,,Parish,0,1,15.2768,-61.3052,natural-earth,74.347,-61.356611,15.211697,-61.253733,15.332668,10,Q1431108,3575620,saint-patrick
DMA-1440,DM-10,True,DM,Dominica,Saint Paul,Saint Paul,Saint-Paul,Parroquia de Saint Paul,,Parish,0,1,15.3529,-61.3717,natural-earth,61.943,-61.416007,15.312812,-61.32744,15.404951,10,Q339063,3575619,saint-paul
DMA-1441,DM-11,True,DM,Dominica,Saint Peter,Saint Peter,Saint-Peter,Parroquia de Saint Peter,,Parish,0,1,15.4986,-61.4448,natural-earth,31.347,-61.484002,15.46633,-61.405678,15.534168,10,Q1476294,3575618,saint-peter
DOM-1974,DO-02,True,DO,Dominican Republic,Azua,Azua,Azua,Azua,,Province,0,1,18.5981,-70.8169,natural-earth,2604.679,-71.16131,18.258734,-70.472463,18.988454,7,Q794239,3512209,azua
DOM-1969,DO-03,True,DO,Dominican Republic,Bahoruco,Baoruco,Baoruco,Bahoruco,,Province,0,1,18.5116,-71.307,natural-earth,1304.97,-71.620662,18.335987,-70.993284,18.650774,9,Q807079,3512050,bahoruco
DOM-1970,DO-04,True,DO,Dominican Republic,Barahona,Barahona,Barahona,Barahona,,Province,0,1,18.1674,-71.1872,natural-earth,1622.831,-71.423749,17.846584,-70.950702,18.525872,7,Q1137551,3512042,barahona
DOM-1966,DO-05,True,DO,Dominican Republic,Dajabón,Dajabón,Dajabón,Dajabón,,Province,0,1,19.4319,-71.5952,natural-earth,1118.074,-71.776519,19.217924,-71.413052,19.649017,7,Q1138575,3508951,dajabon
DOM-1985,DO-01,True,DO,Dominican Republic,Distrito Nacional,Nacional,Nacional,Nacional,,National District,0,1,18.4746,-69.9376,natural-earth,78.059,-69.997401,18.426464,-69.877822,18.53675,9,Q2499228,3496024,distrito-nacional
DOM-1979,DO-06,True,DO,Dominican Republic,Duarte,Duarte,Duarte,Duarte,,Province,0,1,19.1987,-70.0202,natural-earth,1469.008,-70.363632,19.038347,-69.676749,19.499327,9,Q1262745,3508718,duarte
DOM-1986,DO-08,True,DO,Dominican Republic,El Seybo,El Seibo,El Seibo,El Seibo,,Province,0,1,18.7649,-69.0568,natural-earth,1856.41,-69.328553,18.527345,-68.785146,19.051215,7,Q1774831,3506189,el-seybo
DOM-1967,DO-09,True,DO,Dominican Republic,Espaillat,Espaillat,Espaillat,Espaillat,,Province,0,1,19.5998,-70.3537,natural-earth,863.157,-70.613901,19.313602,-70.093416,19.714184,9,Q530231,3505867,espaillat
DOM-1980,DO-30,True,DO,Dominican Republic,Hato Mayor,Hato Mayor,Hato Mayor,Hato Mayor,,Province,0,1,18.981,-69.403,natural-earth,1384.445,-69.637837,18.521971,-69.189544,19.111151,7,Q937217,3504766,hato-mayor
DOM-1968,DO-19,True,DO,Dominican Republic,Hermanas,Hermanas Mirabal,Hermanas Mirabal,Hermanas Mirabal,,Province,0,1,19.403,-70.352,natural-earth,483.153,-70.467321,19.224925,-70.236586,19.558574,9,Q549386,3493282,hermanas
DOM-1971,DO-10,True,DO,Dominican Republic,Independencia,Independencia,Independencia,Independencia,,Province,0,1,18.3759,-71.6057,natural-earth,2093.929,-72.009838,18.135948,-71.200765,18.68473,9,Q1424401,3504326,independencia
DOM-1987,DO-11,True,DO,Dominican Republic,La Altagracia,La Altagracia,La Altagracia,La Altagracia,,Province,0,1,18.608,-68.6413,natural-earth,3200.096,-68.942866,18.107856,-68.328603,18.979885,9,Q1323353,3503706,la-altagracia
DOM-1972,DO-07,True,DO,Dominican Republic,La Estrelleta,La Estrelleta,Elías Piña,La Estrelleta,,Province,0,1,19.037,-71.65,natural-earth,1414.867,-71.865402,18.650774,-71.327372,19.298848,9,,3507269,la-estrelleta
DOM-1988,DO-12,True,DO,Dominican Republic,La Romana,La Romana,La Romana,La Romana,,Province,0,1,18.5221,-68.9869,natural-earth,524.381,-69.12177,18.395901,-68.852019,18.665683,7,Q1140742,3500955,la-romana
DOM-1975,DO-13,True,DO,Dominican Republic,La Vega,La Vega,La Vega,La Vega,,Province,0,1,19.0453,-70.6836,natural-earth,2297.832,-70.91918,18.676845,-70.277643,19.368844,7,Q594405,3499977,la-vega
DOM-1982,DO-14,True,DO,Dominican Republic,María Trinidad Sánchez,María Trinidad Sánchez,María Trinidad Sánchez,María Trinidad Sánchez,,Province,0,1,19.4682,-69.9933,natural-earth,1351.267,-70.21514,19.198053,-69.771478,19.680121,9,Q1949656,3496772,maria-trinidad-sanchez
DOM-1976,DO-28,True,DO,Dominican Republic,Monseñor Nouel,Monseñor Nouel,Monseñor Nouel,Monseñor Nouel,,Province,0,1,18.9242,-70.4081,natural-earth,978.772,-70.592378,18.71953,-70.223848,19.111728,9,Q1295496,3496274,monsenor-nouel
DOM-1964,DO-15,True,DO,Dominican Republic,Monte Cristi,Monte Cristi,Monte Cristi,Monte Cristi,,Province,0,1,19.7302,-71.4527,natural-earth,1933.049,-71.771067,19.532219,-71.133973,19.910346,7,Q592624,3496200,monte-cristi
DOM-1981,DO-29,True,DO,Dominican Republic,Monte Plata,Monte Plata,Monte Plata,Monte Plata,,Province,0,1,18.8533,-69.816,natural-earth,2660.243,-70.251184,18.571838,-69.380876,19.089998,7,Q1772745,3496132,monte-plata
DOM-1973,DO-16,True,DO,Dominican Republic,Pedernales,Pedernales,Pedernales,Pedernales,,Province,0,1,17.9396,-71.5201,natural-earth,2094.241,-71.776829,17.545559,-71.281017,18.292996,7,Q1352533,3495136,pedernales
DOM-1977,DO-17,True,DO,Dominican Republic,Peravia,Peravia,Peravia,Peravia,,Province,0,1,18.359,-70.3799,natural-earth,776.111,-70.579382,18.204088,-70.180388,18.503574,9,Q1331932,3495015,peravia
DOM-1965,DO-18,True,DO,Dominican Republic,Puerto Plata,Puerto Plata,Puerto Plata,Puerto Plata,,Province,0,1,19.7427,-70.7972,natural-earth,1819.237,-71.221774,19.517827,-70.372716,19.93769,7,Q693487,3494267,puerto-plata
DOM-1983,DO-20,True,DO,Dominican Republic,Samaná,Samaná,Samaná,Samaná,,Province,0,1,19.2717,-69.4756,natural-earth,966.526,-69.792815,19.008892,-69.158355,19.363349,7,Q1145487,3493232,samana
DOM-1984,DO-21,True,DO,Dominican Republic,San Cristóbal,San Cristóbal,San Cristóbal,San Cristóbal,,Province,0,1,18.5126,-70.1914,natural-earth,1205.37,-70.378799,18.231431,-70.004018,18.801721,7,Q1366107,3493186,san-cristobal
DOM-1978,DO-31,True,DO,Dominican Republic,San José de Ocoa,San José de Ocoa,San José de Ocoa,San José de Ocoa,,Province,0,1,18.6367,-70.525,natural-earth,840.576,-70.699994,18.413217,-70.350016,18.787949,9,Q1424391,6201372,san-jose-de-ocoa
DOM-1393,DO-22,True,DO,Dominican Republic,San Juan,San Juan,San Juan,San Juan,,Province,0,1,18.8948,-71.2622,natural-earth,3335.3,-71.633245,18.599614,-70.891197,19.191077,7,Q2001793,3493091,san-juan
DOM-1396,DO-23,True,DO,Dominican Republic,San Pedro de Macorís,San Pedro de Macorís,San Pedro de Macorís,San Pedro de Macorís,,Province,0,1,18.4796,-69.3484,natural-earth,1181.689,-69.616572,18.395901,-69.080171,18.802574,7,Q1366119,3493031,san-pedro-de-macoris
DOM-1390,DO-25,True,DO,Dominican Republic,Santiago,Santiago,Santiago,Santiago,,Province,0,1,19.2636,-70.8974,natural-earth,2797.858,-71.247041,19.025609,-70.547704,19.651101,7,Q1772983,3492918,santiago
DOM-1391,DO-26,True,DO,Dominican Republic,Santiago Rodríguez,Santiago Rodríguez,Santiago Rodríguez,Santiago Rodríguez,,Province,0,1,19.3626,-71.2919,natural-earth,1099.95,-71.515061,19.170174,-71.068706,19.560538,9,Q2021942,3492912,santiago-rodriguez
DOM-1394,DO-32,True,DO,Dominican Republic,Santo Domingo,Santo Domingo,Santo Domingo,Santo Domingo,,Province,0,1,18.5664,-69.8427,natural-earth,1263.991,-70.167184,18.410312,-69.518258,18.731673,7,Q1352536,6201373,santo-domingo
DOM-1395,DO-24,True,DO,Dominican Republic,Sánchez Ramírez,Sánchez Ramírez,Sánchez Ramírez,Sánchez Ramírez,,Province,0,1,19.0101,-70.15,natural-earth,1199.429,-70.392313,18.854767,-69.907769,19.155627,9,Q1836903,3493192,sanchez-ramirez
DOM-1392,DO-27,True,DO,Dominican Republic,Valverde,Valverde,Valverde,Valverde,,Province,0,1,19.5741,-71.0242,natural-earth,769.56,-71.184202,19.438659,-70.864119,19.751766,9,Q1774848,3492112,valverde
DZA-2143,DZ-01,True,DZ,Algeria,Adrar,Adrar,Adrar,Adrar,ولاية أدرا,Province,0,1,25.7004,-0.93557,natural-earth,476283.939,-5.661525,18.975561,3.790291,31.658585,6,Q188166,2508807,adrar
DZA-2195,DZ-16,True,DZ,Algeria,Alger,Algiers,Alger,Argel,ولاية الجزائر,Province,0,1,36.7024,3.09806,natural-earth,194.751,2.96631,36.649934,3.229808,36.814968,9,Q141026,2507475,alger
DZA-2163,DZ-23,True,DZ,Algeria,Annaba,Annaba,Wilaya d'Annaba,Annaba,ولاية عنابة,Province,0,1,36.823,7.53073,natural-earth,1459.3,7.262677,36.612443,7.798595,37.082994,9,Q213944,2506994,annaba
DZA-2199,DZ-44,True,DZ,Algeria,Aïn Defla,Aïn Defla,Aïn Defla,Aïn Defla,ولاية عين الدفلى,Province,0,1,36.1735,2.10714,natural-earth,4624.834,1.553167,35.860499,2.661109,36.443151,6,Q168953,2508226,ain-defla
DZA-2144,DZ-46,True,DZ,Algeria,Aïn Témouchent,Aïn Témouchent,Aïn Témouchent,Aïn Témouchent,ولاية عين تموشنت,Province,0,1,35.2708,-0.995722,natural-earth,1957.094,-1.361976,35.087393,-0.629491,35.623236,6,Q233670,2507899,ain-temouchent
DZA-2216,DZ-05,True,DZ,Algeria,Batna,Batna,Batna,Batna,ولاية باتنة,Province,0,1,35.5923,5.78213,natural-earth,12054.975,4.777001,34.764493,6.787266,35.915793,7,Q215452,2505569,batna
DZA-2211,DZ-07,True,DZ,Algeria,Biskra,Biskra,Biskra,Biskra,ولاية بسكرة,Province,0,1,34.7569,5.46698,natural-earth,20815.617,4.184427,33.57268,6.749542,35.288441,7,Q458402,2503822,biskra
DZA-2209,DZ-09,True,DZ,Algeria,Blida,Blida,Wilaya de Blida,Blida,البليدة,Province,0,1,36.503,2.99331,natural-earth,1940.395,2.476263,36.353285,3.51036,36.71347,7,Q233637,2503765,blida
DZA-2207,DZ-34,True,DZ,Algeria,Bordj Bou Arréridj,Bordj Bou Arréridj,Bordj Bou Arreridj,Bordj Bou Arréridj,ولاية برج بوعريريج,Province,0,1,36.0966,4.66926,natural-earth,4045.711,4.08433,35.777326,5.254181,36.42478,7,Q266411,2503699,bordj-bou-arreridj
DZA-2210,DZ-10,True,DZ,Algeria,Bouira,Bouïra,Bouira,Bouira,ولاية البويرة,Province,0,1,36.1884,3.84375,natural-earth,4531.637,3.283035,35.861119,4.404465,36.695797,7,Q233655,2502951,bouira
DZA-2196,DZ-35,True,DZ,Algeria,Boumerdès,Boumerdès,Boumerdès,Boumerdès,ولاية بومرداس,Province,0,1,36.7503,3.60632,natural-earth,1231.373,3.173269,36.597327,4.039463,36.917222,6,Q236752,2502638,boumerdes
DZA-2148,DZ-08,True,DZ,Algeria,Béchar,Béchar,Béchar,Béchar,ولاية بشار,Province,0,1,30.1882,-2.81838,natural-earth,165316.925,-6.000765,28.207245,0.399128,32.327304,6,Q215467,2505525,bechar
DZA-2208,DZ-06,True,DZ,Algeria,Béjaïa,Béjaïa,Béjaïa,Bujía,بجاية,Province,0,1,36.6189,4.91591,natural-earth,3540.527,4.356355,36.222906,5.475459,36.898017,7,Q233665,2505325,bejaia
DZA-2200,DZ-02,True,DZ,Algeria,Chlef,Chlef,Chlef,Chlef,ولاية الشلف,Province,0,1,36.2337,1.21078,natural-earth,4308.048,0.702366,35.841559,1.719203,36.547919,7,Q231752,2501296,chlef
DZA-2217,DZ-25,True,DZ,Algeria,Constantine,Constantine,Constantine,Constantina,قسنطينة,Province,0,1,36.3731,6.68301,natural-earth,2119.341,6.317734,36.106892,7.048283,36.607895,7,Q232043,2501147,constantine
DZA-2212,DZ-17,True,DZ,Algeria,Djelfa,Djelfa,Djelfa,Djelfa,ولاية الجلفة,Province,0,1,34.1508,3.70376,natural-earth,35159.001,2.285732,32.840761,5.121786,35.80474,7,Q233233,2500013,djelfa
DZA-2190,DZ-32,True,DZ,Algeria,El Bayadh,El Bayadh,El Bayadh,El Bayadh,ولاية البيض,Province,0,1,32.7753,0.971858,natural-earth,68416.409,-0.401133,30.708694,2.344849,34.438182,6,Q235703,2498541,el-bayadh
DZA-2191,DZ-39,True,DZ,Algeria,El Oued,El Oued,El Oued,El Oued,,Province,0,1,33.1137,7.03557,natural-earth,46372.055,5.008046,32.000192,9.063304,34.499807,6,Q233651,2497406,el-oued
DZA-2164,DZ-36,True,DZ,Algeria,El Tarf,El Tarf,El Tarf,El Tarf,ولاية الطارف,Province,0,1,36.7012,8.14597,natural-earth,2732.403,7.649745,36.404135,8.642552,36.958075,6,Q236788,2497322,el-tarf
DZA-2192,DZ-47,True,DZ,Algeria,Ghardaïa,Ghardaïa,Ghardaïa,Ghardaïa,ولاية غرداية,Province,0,1,31.1547,3.11396,natural-earth,75561.554,1.943427,29.036367,4.97828,33.029638,6,Q17601,2496045,ghardaia
DZA-2218,DZ-24,True,DZ,Algeria,Guelma,Guelma,Guelma,Guelma,ولاية قالمة,Province,0,1,36.4381,7.46291,natural-earth,3782.871,6.937954,36.042503,7.987864,36.726131,7,Q235727,2495659,guelma
DZA-2188,DZ-33,True,DZ,Algeria,Illizi,Illizi,Illizi,Illizi,ولاية اليزي,Province,0,1,26.8506,8.7628,natural-earth,196436.172,5.815749,24.000137,11.71014,30.022793,6,Q233659,2493455,illizi
DZA-2165,DZ-18,True,DZ,Algeria,Jijel,Jijel,Jijel,Jijel,ولاية جيجل,Province,0,1,36.7106,5.95292,natural-earth,2406.16,5.427349,36.523972,6.478499,36.935315,7,Q235718,2492910,jijel
DZA-2219,DZ-40,True,DZ,Algeria,Khenchela,Khenchela,Khenchela,Khenchela,ولاية خنشلة,Province,0,1,34.8896,7.02787,natural-earth,9856.996,6.5109,34.160577,7.544842,35.68392,6,Q213950,2491887,khenchela
DZA-2193,DZ-03,True,DZ,Algeria,Laghouat,Laghouat,Laghouat,Laghouat,ولاية الأغواط,Province,0,1,33.4521,2.75622,natural-earth,27128.164,1.336229,32.695989,4.176211,34.69287,7,Q231748,2491188,laghouat
DZA-2214,DZ-28,True,DZ,Algeria,M'Sila,M'Sila,M'Sila,M'Sila,ولاية المسيلة,Province,0,1,35.3592,4.37961,natural-earth,17652.618,3.379515,34.2322,5.379703,36.029093,6,Q240870,2486682,m-sila
DZA-2201,DZ-29,True,DZ,Algeria,Mascara,Mascara,Mascara,Muaskar,ولاية معسكر,Province,0,1,35.3625,0.167566,natural-earth,5773.852,-0.545362,35.02148,0.880494,35.783759,7,Q236776,2490095,mascara
DZA-2220,DZ-43,True,DZ,Algeria,Mila,Mila,Mila,Mila,ولاية ميلة,Province,0,1,36.2449,6.1311,natural-earth,3549.962,5.737201,35.892797,6.525008,36.624251,6,Q235723,2487449,mila
DZA-2202,DZ-27,True,DZ,Algeria,Mostaganem,Mostaganem,Mostaganem,Mostaganem,ولاية مستغانم,Province,0,1,35.9631,0.313449,natural-earth,2228.836,-0.11438,35.68206,0.741278,36.337755,7,Q221445,2487130,mostaganem
DZA-2213,DZ-26,True,DZ,Algeria,Médéa,Médéa,Médéa,Médéa,ولاية المدية,Province,0,1,35.8958,2.76411,natural-earth,9048.947,2.158194,35.439077,3.633866,36.490176,7,Q235810,2488831,medea
DZA-2149,DZ-45,True,DZ,Algeria,Naâma,Naama,Naâma,Naama,ولاية النعامة,Province,0,1,33.1649,-0.830564,natural-earth,30787.942,-1.746788,32.10463,0.086021,34.31372,6,Q233675,2486512,naama
DZA-2145,DZ-31,True,DZ,Algeria,Oran,Oran,Oran,Orán,ولاية وهران,Province,0,1,35.5208,-0.610009,natural-earth,2511.827,-1.106353,35.294538,-0.113678,35.90705,7,Q231331,2485920,oran
DZA-2194,DZ-30,True,DZ,Algeria,Ouargla,Ouargla,Ouargla,Ouargla,ورقلة,Province,0,1,31.0014,6.2527,natural-earth,211447.611,2.985999,28.461855,9.519708,33.441887,6,Q235709,2485794,ouargla
DZA-2221,DZ-04,True,DZ,Algeria,Oum el Bouaghi,Oum El Bouaghi,Oum El Bouaghi,Oum el-Bouaghi,ولاية أم البواقي,Province,0,1,35.891,7.00715,natural-earth,6334.583,6.148442,35.447811,7.865856,36.192442,7,Q235705,2484618,oum-el-bouaghi
DZA-2203,DZ-48,True,DZ,Algeria,Relizane,Relizane,Relizane,Relizan,ولاية غليزان,Province,0,1,35.8174,0.820498,natural-earth,4904.272,0.229371,35.43608,1.411625,36.201357,6,Q236758,2483666,relizane
DZA-2204,DZ-20,True,DZ,Algeria,Saïda,Saïda,Saïda,Saida,ولاية سعيدة,Province,0,1,34.5917,0.178599,natural-earth,9260.464,-0.49968,33.915036,0.856878,35.160593,7,Q233640,2482557,saida
DZA-2146,DZ-22,True,DZ,Algeria,Sidi Bel Abbès,Sidi Bel Abbès,Sidi Bel Abbès,Sidi Bel Abbes,ولاية سيدي بلعباس,Province,0,1,34.8335,-0.586496,natural-earth,7640.017,-1.120417,34.215121,-0.052575,35.429388,7,Q235714,2481001,sidi-bel-abbes
DZA-2166,DZ-21,True,DZ,Algeria,Skikda,Skikda,Skikda,Skikda,سكيكدة,Province,0,1,36.7555,6.81608,natural-earth,4095.682,6.247831,36.432867,7.384232,37.09394,7,Q234227,2479532,skikda
DZA-2222,DZ-41,True,DZ,Algeria,Souk Ahras,Souk Ahras,Souk Ahras,Souk Ahras,ولاية سوق أهراس,Province,0,1,36.1547,7.84211,natural-earth,4031.598,7.324959,35.830992,8.359675,36.491995,9,Q236772,2479213,souk-ahras
DZA-2215,DZ-19,True,DZ,Algeria,Sétif,Sétif,Sétif,Sétif,ولاية سطيف,Province,0,1,36.0513,5.38428,natural-earth,6191.001,4.785217,35.632399,5.983335,36.590635,9,Q237164,2481696,setif
DZA-2189,DZ-11,True,DZ,Algeria,Tamanghasset,Tamanghasset,Tamanrasset,Tamanghasset,ولاية تمنراست,Province,0,1,23.0089,6.39695,natural-earth,610669.312,0.825407,19.06077,11.968861,29.123546,6,Q229467,2478217,tamanghasset
DZA-2205,DZ-14,True,DZ,Algeria,Tiaret,Tiaret,Tiaret,Tiaret,ولاية تيارت,Province,0,1,34.9048,1.55627,natural-earth,20279.873,0.492249,34.068929,2.620285,35.689812,6,Q233258,2476893,tiaret
DZA-2150,DZ-37,True,DZ,Algeria,Tindouf,Tindouf,Tindouf,Tinduf,ولاية تندوف,Province,0,1,27.4985,-5.8285,natural-earth,152772.821,-8.682385,25.508881,-2.974257,29.579127,6,Q231151,2476302,tindouf
DZA-2198,DZ-42,True,DZ,Algeria,Tipaza,Tipasa,Tipaza,Tipasa,ولاية تيبازة,Province,0,1,36.527,2.34141,natural-earth,1972.638,1.647786,36.366669,3.03504,36.815863,6,Q235814,2476027,tipaza
DZA-2206,DZ-38,True,DZ,Algeria,Tissemsilt,Tissemsilt,Tissemsilt,Tissemsilt,ولاية تسمسيلت,Province,0,1,35.7302,1.77868,natural-earth,3023.043,1.245588,35.544032,2.311777,36.005658,6,Q235805,2475858,tissemsilt
DZA-2197,DZ-15,True,DZ,Algeria,Tizi Ouzou,Tizi Ouzou,Tizi Ouzou,Tizi Ouzou,ولاية غليزان,Province,0,1,36.6814,4.19086,natural-earth,2825.305,3.733654,36.46625,4.648068,36.911607,7,Q233645,2475741,tizi-ouzou
DZA-2147,DZ-13,True,DZ,Algeria,Tlemcen,Tlemcen,Tlemcen,Tlemecén,تلمسان,Province,0,1,34.7431,-1.49045,natural-earth,9557.192,-2.222564,34.092021,-0.758475,35.319899,7,Q233632,2475683,tlemcen
DZA-2223,DZ-12,True,DZ,Algeria,Tébessa,Tébessa,Tébessa,Tébessa,ولاية تبسة,Province,0,1,34.9437,7.78338,natural-earth,13466.384,7.135772,34.108306,8.431299,36.004211,9,Q267224,2477457,tebessa
ECU-1266,EC-A,True,EC,Ecuador,Azuay,Azuay,Azuay,Azuay,,Province,0,1,-3.15279,-79.0909,natural-earth,8669.476,-79.760475,-3.636005,-78.421358,-2.497057,7,Q220451,3660431,azuay
ECU-1277,EC-B,True,EC,Ecuador,Bolivar,Bolívar,Bolívar,Bolívar,,Province,0,1,-1.67621,-79.1205,natural-earth,4115.891,-79.388379,-2.203689,-78.852649,-1.152281,7,Q261165,3660130,bolivar
ECU-1409,EC-C,True,EC,Ecuador,Carchi,Carchi,Carchi,Carchi,,Province,0,1,0.686611,-78.0243,natural-earth,3675.924,-78.534787,0.345664,-77.514138,1.18712,7,Q321729,3659718,carchi
ECU-1278,EC-F,True,EC,Ecuador,Cañar,Cañar,Cañar,Cañar,,Province,0,1,-2.54413,-78.9978,natural-earth,4059.834,-79.514314,-2.826235,-78.481225,-2.203689,7,Q335471,3659849,canar
ECU-1284,EC-H,True,EC,Ecuador,Chimborazo,Chimborazo,Chimborazo,Chimborazo,,Province,0,1,-1.88915,-78.7417,natural-earth,5779.541,-79.130074,-2.40037,-78.353377,-1.424357,7,Q238492,3659237,chimborazo
ECU-1279,EC-X,True,EC,Ecuador,Cotopaxi,Cotopaxi,Cotopaxi,Cotopaxi,,Province,0,1,-0.813335,-78.8554,natural-earth,6013.474,-79.322982,-1.20928,-78.387794,-0.345147,7,Q241140,3658766,cotopaxi
ECU-1267,EC-O,True,EC,Ecuador,El Oro,El Oro,El Oro,El Oro,,Province,0,1,-3.43657,-79.8552,natural-earth,6234.093,-80.344106,-3.880696,-79.366339,-3.045438,7,Q466019,3658195,el-oro
ECU-1335,EC-E,True,EC,Ecuador,Esmeraldas,Esmeraldas,Esmeraldas,Esmeraldas,,Province,0,1,1.29253,-78.9448,natural-earth,15938.425,-80.108632,-0.050126,-78.423399,1.434312,7,Q335526,3657986,esmeraldas
ECU-1270,EC-W,True,EC,Ecuador,Galápagos,Galápagos,Galápagos,Galápagos,,Province,0,1,-1.36804,-89.685,natural-earth,7747.95,-92.011586,-1.401625,-89.254791,1.664374,7,Q475038,3657879,galapagos
ECU-1280,EC-G,True,EC,Ecuador,Guayas,Guayas,Guayas,Guayas,,Province,0,1,-1.98384,-79.8608,natural-earth,15048.156,-80.542747,-3.064671,-79.127283,-0.837313,7,Q335464,3657505,guayas
ECU-1410,EC-I,True,EC,Ecuador,Imbabura,Imbabura,Imbabura,Imbabura,,Province,0,1,0.55271,-78.4124,natural-earth,4615.984,-79.010701,0.133274,-77.814082,0.871937,7,Q321863,3655635,imbabura
ECU-1268,EC-L,True,EC,Ecuador,Loja,Loja,Loja,Loja,,Province,0,1,-4.15948,-79.8079,natural-earth,11518.262,-80.514073,-4.770456,-79.101006,-3.328014,7,Q504238,3654665,loja
ECU-1281,EC-R,True,EC,Ecuador,Los Rios,Los Ríos,Los Ríos,Los Ríos,,Province,0,1,-1.22191,-79.4787,natural-earth,7157.488,-79.870546,-2.154338,-79.086821,-0.543739,7,Q504260,3654592,los-rios
ECU-1282,EC-M,True,EC,Ecuador,Manabi,Manabí,Manabí,Manabí,,Province,0,1,-0.727203,-80.1619,natural-earth,19345.367,-80.91618,-1.841851,-79.406931,0.375326,7,Q504666,3654451,manabi
ECU-1285,EC-S,True,EC,Ecuador,Morona Santiago,Morona-Santiago,Morona-Santiago,Morona Santiago,,Province,0,1,-2.4505,-77.8071,natural-earth,23549.014,-78.94378,-3.579316,-76.669662,-1.446991,7,Q549522,3654005,morona-santiago
ECU-1289,EC-N,True,EC,Ecuador,Napo,Napo,Napo,Napo,,Province,0,1,-1.2733,-78.5209,natural-earth,3405.384,-78.927554,-1.526366,-78.114167,-0.963558,7,Q211900,3650445,napo
ECU-1286,EC-D,True,EC,Ecuador,Orellana,Orellana,Orellana,Orellana,,Province,0,1,-0.875888,-76.4248,natural-earth,21347.85,-77.621716,-1.54664,-75.227264,-0.047335,7,Q499475,3830306,orellana
ECU-1288,EC-Y,True,EC,Ecuador,Pastaza,Pastaza,Pastaza,Pastaza,,Province,0,1,-1.84655,-76.8768,natural-earth,29260.35,-78.172561,-2.577052,-75.58074,-1.010377,7,Q214814,3653392,pastaza
ECU-1287,EC-P,True,EC,Ecuador,Pichincha,Pichincha,Pichincha,Pichincha,,Province,0,1,-0.087133,-78.5045,natural-earth,9419.707,-79.363832,-0.684351,-77.832686,0.318896,7,Q272586,3653224,pichincha
ECU-5507,EC-SE,True,EC,Ecuador,Santa Elena,Santa Elena,Santa Elena,Santa Elena,,Province,0,1,-2.15487,-80.5772,natural-earth,4193.654,-81.01301,-2.529762,-80.213446,-1.655558,7,Q1124125,7062138,santa-elena
ECU-5508,EC-SD,True,EC,Ecuador,Santo Domingo de los Tsáchilas,Santo Domingo de los Tsáchilas,Santo Domingo de los Tsáchilas,Santo Domingo de los Tsáchilas,,Province,0,1,-0.34834,-79.2525,natural-earth,3958.784,-79.607306,-0.695875,-78.74537,0.046923,7,Q1123208,7062136,santo-domingo-de-los-tsachilas
ECU-1411,EC-U,True,EC,Ecuador,Sucumbios,Sucumbíos,Sucumbíos,Sucumbíos,,Province,0,1,-0.085516,-76.6135,natural-earth,18170.322,-77.970817,-0.643526,-75.255583,0.661201,7,Q499456,3830305,sucumbios
ECU-1290,EC-T,True,EC,Ecuador,Tungurahua,Tungurahua,Tungurahua,Tungurahua,,Province,0,1,-0.624499,-77.7382,natural-earth,12632.404,-78.441537,-1.237133,-77.034905,0.031936,7,Q504252,3653890,tungurahua
ECU-1269,EC-Z,True,EC,Ecuador,Zamora Chinchipe,Zamora Chinchipe,Zamora-Chinchipe,Zamora Chinchipe,,Province,0,1,-3.93679,-78.8595,natural-earth,10309.748,-79.460823,-5.011373,-78.375872,-3.322743,7,Q744670,3649953,zamora-chinchipe
EST-1654,EE-37,True,EE,Estonia,Harju,Harju,Harju,Harju,,County,0,1,59.3206,25.1734,natural-earth,4479.782,23.718492,58.984669,25.945476,59.670885,8,Q180200,592170,harju
EST-1660,EE-39,True,EE,Estonia,Hiiu,Hiiu,Hiiu,Hiiu,,County,0,1,58.8594,22.5428,natural-earth,1067.446,22.044688,58.686998,23.040538,59.089504,8,Q1466462,592133,hiiu
EST-1655,EE-44,True,EE,Estonia,Ida-Viru,Ida-Viru,Viru oriental,Ida-Viru,,County,0,1,59.1333,27.4446,natural-earth,3886.67,26.703001,58.818867,28.186475,59.50255,8,Q189963,592075,ida-viru
EST-1656,EE-51,True,EE,Estonia,Järva,Järva,Järva,Järva,,County,0,1,58.9729,25.6829,natural-earth,2582.294,25.199837,58.613684,26.165979,59.292092,8,Q188068,591961,jarva
EST-1657,EE-49,True,EE,Estonia,Jõgeva,Jõgeva,Jõgeva,Jõgeva,,County,0,1,58.7313,26.5975,natural-earth,2948.145,25.749157,58.484673,27.446269,58.956763,8,Q189974,591901,jogeva
EST-1661,EE-57,True,EE,Estonia,Lääne,Lääne,Lääne,Lääne,,County,0,1,59.0075,23.2541,natural-earth,2366.363,23.114106,58.544167,24.186875,59.258287,8,Q189968,590856,laane
EST-1658,EE-59,True,EE,Estonia,Lääne-Viru,Lääne-Viru,Viru occidental,Lääne-Viru,,County,0,1,59.229,26.3773,natural-earth,3484.32,25.813236,58.885527,26.941333,59.634345,8,Q189952,590854,laane-viru
EST-2346,EE-67,True,EE,Estonia,Pärnu,Pärnu,Pärnu,Pärnu,,County,0,1,58.1294,23.9802,natural-earth,4839.668,23.585805,57.85864,25.292648,58.751246,8,Q185036,589576,parnu
EST-2347,EE-65,True,EE,Estonia,Põlva,Põlva,Põlva,Põlva,,County,0,1,58.0905,27.1696,natural-earth,2243.379,26.54022,57.813087,27.799316,58.263421,8,Q191813,589373,polva
EST-2348,EE-70,True,EE,Estonia,Rapla,Rapla,Rapla,Rapla,,County,0,1,58.9829,24.6953,natural-earth,2914.239,24.07019,58.670321,25.32045,59.226566,8,Q192352,589115,rapla
EST-2352,EE-74,True,EE,Estonia,Saare,Saare,Saare,Saare,,Municipality,0,1,57.8027,23.2464,natural-earth,2966.021,21.832367,57.784369,23.400238,58.681098,8,Q203272,588879,saare
EST-1659,EE-78,True,EE,Estonia,Tartu,Tartu,Tartu,Tartu,,County,0,1,58.3727,26.7967,natural-earth,3691.043,26.0387,58.120561,27.554886,58.709403,8,Q192370,588334,tartu
EST-2349,EE-82,True,EE,Estonia,Valga,Valga,Valga,Valga,,County,0,1,57.9402,26.0733,natural-earth,2050.554,25.551816,57.561764,26.594997,58.175364,8,Q192362,587875,valga
EST-2350,EE-84,True,EE,Estonia,Viljandi,Viljandi,Viljandi,Viljandi,,County,0,1,58.3005,25.5603,natural-earth,3624.71,24.954994,57.94986,26.165514,58.689777,7,Q192061,587590,viljandi
EST-2351,EE-86,True,EE,Estonia,Võru,Võru,Võru,Võru,,County,0,1,57.7735,26.9602,natural-earth,2431.63,26.364882,57.515819,27.556343,57.957393,8,Q188076,587448,voru
EGY-1537,EG-DK,True,EG,Egypt,Ad Daqahliyah,Dakahlia,Dakahleya,Dacalia,,Governorate,0,1,31.0304,31.4929,natural-earth,3625.528,31.213888,30.570331,32.256602,31.529664,6,Q31068,361849,ad-daqahliyah
EGY-1556,EG-BA,True,EG,Egypt,Al Bahr al Ahmar,Red Sea,Mer-Rouge,Mar Rojo,,Governorate,0,1,25.2164,33.7267,natural-earth,191802.93,30.815411,21.995387,36.899181,29.298755,6,Q30831,361468,al-bahr-al-ahmar
EGY-1541,EG-BH,True,EG,Egypt,Al Buhayrah,Beheira,Beheira,Behera,,Governorate,0,1,30.5945,30.2522,natural-earth,11781.829,29.62489,29.898201,30.87949,31.497992,6,Q30630,361370,al-buhayrah
EGY-1542,EG-FYM,True,EG,Egypt,Al Fayyum,Faiyum,Fayoum,Fayún,,Governorate,0,1,29.2965,30.4584,natural-earth,6009.539,29.814852,28.976242,31.101854,29.737074,9,Q30656,361323,al-fayyum
EGY-1530,EG-GH,True,EG,Egypt,Al Gharbiyah,Gharbia,Gharbeya,Occidental,,Governorate,0,1,30.8504,31.0287,natural-earth,1928.554,30.751643,30.565086,31.305717,31.133087,6,Q30835,361294,al-gharbiyah
EGY-1543,EG-ALX,True,EG,Egypt,Al Iskandariyah,Alexandria,Alexandrie,Alejandría,,Governorate,0,1,30.8251,29.754,natural-earth,2306.944,29.59807,30.337089,30.098481,31.333482,9,Q29943,361059,al-iskandariyah
EGY-1531,EG-IS,True,EG,Egypt,Al Isma`iliyah,Ismailia,Ismaïlia,Ismailia,,Governorate,0,1,30.6765,32.2811,natural-earth,5713.043,31.763467,30.203764,32.79865,31.118773,7,Q31067,361056,al-isma-iliyah
EGY-1544,EG-GZ,True,EG,Egypt,Al Jizah,Giza,Gizeh,Guiza,,Governorate,0,1,29.3499,29.7204,natural-earth,37595.048,27.324772,27.667898,31.932656,30.345822,6,Q30832,360997,al-jizah
EGY-1532,EG-MNF,True,EG,Egypt,Al Minufiyah,Monufia,Menufeya,Menufia,,Governorate,0,1,30.5076,31.0029,natural-earth,1449.917,30.796084,30.175445,31.262154,30.71673,6,Q30786,360689,al-minufiyah
EGY-1545,EG-MN,True,EG,Egypt,Al Minya,Minya,Minya,Menia,,Governorate,0,1,28.2141,30.1604,natural-earth,19411.625,28.653218,27.608703,30.960002,28.780957,9,Q30675,360688,al-minya
EGY-1533,EG-C,True,EG,Egypt,Al Qahirah,Cairo,du Caire,El Cairo,,Governorate,0,1,29.9801,31.5788,natural-earth,3137.735,31.221175,29.759863,31.936377,30.339027,9,Q30805,360631,al-qahirah
EGY-1534,EG-KB,True,EG,Egypt,Al Qalyubiyah,Qalyubia,Qalyubiya,Caliubia,,Governorate,0,1,30.2725,31.325,natural-earth,1012.13,31.056069,30.114777,31.593865,30.588392,6,Q31075,360621,al-qalyubiyah
EGY-1550,EG-WAD,True,EG,Egypt,Al Wadi at Jadid,New Valley,la Nouvelle-Vallée,Nuevo Valle,,Governorate,0,1,24.8314,28.9556,natural-earth,453946.91,24.981245,21.994369,32.930321,27.667898,6,Q30650,360483,al-wadi-at-jadid
EGY-1536,EG-SUZ,True,EG,Egypt,As Suways,Suez,Suez,Suez,,Governorate,0,1,29.6098,32.1523,natural-earth,9039.351,31.869146,28.951334,32.854822,30.265646,9,Q31070,359797,as-suways
EGY-1535,EG-SHR,True,EG,Egypt,Ash Sharqiyah,Al Sharqia,Ach-Charqiya,Oriental,,Governorate,0,1,30.8161,31.8817,natural-earth,4922.699,31.272541,30.190431,32.289998,31.170356,6,Q31074,360016,ash-sharqiyah
EGY-1548,EG-ASN,True,EG,Egypt,Aswan,Aswan,Assouan,Asuán,,Governorate,0,1,22.6543,32.2794,natural-earth,15591.726,31.22505,21.995351,33.333707,25.269879,7,Q29937,359787,aswan
EGY-1549,EG-AST,True,EG,Egypt,Asyut,Asyut,Assiout,Asiut,,Governorate,0,1,27.2223,31.1431,natural-earth,2606.535,30.667203,26.828776,31.619032,27.634024,7,Q29965,359781,asyut
EGY-1546,EG-BNS,True,EG,Egypt,Bani Suwayf,Beni Suef,Beni Souef,Beni Suef,,Governorate,0,1,28.8948,30.5041,natural-earth,4803.127,29.749223,28.715664,31.258899,29.401229,9,Q30683,359171,bani-suwayf
EGY-1538,EG-PTS,True,EG,Egypt,Bur Sa`id,Port Said,Port-Saïd,Puerto Saíd,,Governorate,0,1,31.1245,32.4293,natural-earth,400.953,32.25646,30.973743,32.602072,31.288804,9,Q31079,358617,bur-sa-id
EGY-1539,EG-DT,True,EG,Egypt,Dumyat,Damietta,Damiette,Damieta,,Governorate,0,1,31.4067,31.7285,natural-earth,671.126,31.499246,31.164791,32.093761,31.53559,9,Q30644,358044,dumyat
EGY-1557,EG-JS,True,EG,Egypt,Janub Sina',South Sinai,Sinaï Sud,Sinaí del Sur,,Governorate,0,1,28.925,33.7687,natural-earth,28999.949,32.651775,27.728583,34.885509,29.925202,6,Q30815,355182,janub-sina
EGY-1547,EG-KFS,True,EG,Egypt,Kafr ash Shaykh,Kafr el-Sheikh,de Kafr el-Cheik,Kafr el Sheij,,Governorate,0,1,31.2075,30.853,natural-earth,3462.563,30.355724,30.982502,31.349907,31.607896,9,Q30946,354500,kafr-ash-shaykh
EGY-5494,EG-LX,True,EG,Egypt,Luxor,Luxor,Louxor,Lúxor,,Governorate,0,1,25.705,32.6501,natural-earth,12.318,32.624912,25.683121,32.66937,25.729935,9,Q30797,7603259,luxor
EGY-1540,EG-MT,True,EG,Egypt,Matruh,Matrouh,Marsa-Matruh,Matrú,,Governorate,0,1,29.6121,27.5083,natural-earth,159111.778,24.688343,27.666503,30.328619,31.65648,6,Q30682,352603,matruh
EGY-1551,EG-KN,True,EG,Egypt,Qina,Qena,Qena,Quena,,Governorate,0,1,26.1216,32.4417,natural-earth,3600.51,31.952345,25.145701,32.931148,26.262506,9,Q31065,350546,qina
EGY-1558,EG-SIN,True,EG,Egypt,Shamal Sina',North Sinai,Sinaï Nord,Sinaí del Norte,,Governorate,0,1,30.5071,33.6723,natural-earth,27294.616,32.59954,29.489496,34.886729,31.314267,6,Q30662,349401,shamal-sina
EGY-1552,EG-SHG,True,EG,Egypt,Suhaj,Sohag,Sohag,Suhag,,Governorate,0,1,26.5104,31.8037,natural-earth,2650.672,31.299981,26.131196,32.307517,26.940113,6,Q30669,347794,suhaj
SAH+00?,EH-X01,False,EH,Western Sahara,Western Sahara,Western Sahara,Sahara occidental,Sahara Occidental,,,0,1,23.813,-12.8924,natural-earth,90696.437,-17.104644,20.766913,-8.680809,27.661465,20,,0,western-sahara
ERI-1561,ER-AN,True,ER,Eritrea,Anseba,Anseba,Anseba,Anseba,,Region,0,1,15.2792,39.0563,natural-earth,1567.472,38.786294,15.153778,39.326261,15.57569,6,Q569468,448501,anseba
ERI-1562,ER-DU,True,ER,Eritrea,Debub,Debub,Debub,Debub,,Region,0,1,15.6179,40.1691,natural-earth,33063.193,37.98593,14.335241,40.595435,18.004828,6,Q27728,448502,debub
ERI-1565,ER-DK,True,ER,Eritrea,Debubawi Keyih Bahri,Southern Red Sea,Debub-Keih-Bahri,Debubawi Keyih Bahri,,Region,0,1,13.5712,41.7389,natural-earth,22493.645,40.353687,12.360022,43.123871,14.95539,6,Q27928,448499,debubawi-keyih-bahri
ERI-1560,ER-GB,True,ER,Eritrea,Gash Barka,Gash-Barka,Gash-Barka,Gash-Barka,,Region,0,1,15.0297,37.6058,natural-earth,33806.776,36.423647,14.105497,38.788155,16.435393,6,Q873012,448500,gash-barka
ERI-1564,ER-MA,True,ER,Eritrea,Maekel,Maekel,Maekel,Maekel,,Region,0,1,14.858,38.9679,natural-earth,9590.57,38.212893,14.416305,39.722985,15.176025,6,Q27710,448498,maekel
ERI-1563,ER-SK,True,ER,Eritrea,Semenawi Keyih Bahri,Northern Red Sea,Semien-Keih-Bahri,Semenawi Keyih Bahri,,Region,0,1,16.6263,37.9175,natural-earth,22450.417,36.876539,15.544865,38.958687,17.539344,6,Q27910,448497,semenawi-keyih-bahri
ES-andalucia,,False,ES,Spain,Andalucía,Andalucía,,,,,8,1,37.550847,-4.836975,polylabel,87654.614,-7.529691,36.006456,-1.641618,38.728412,3,,,andalucia
ES-aragon,,False,ES,Spain,Aragón,Aragón,,,,,3,1,41.585938,-0.553177,polylabel,47557.727,-2.17335,39.852245,0.769545,42.918727,3,,,aragon
ES-asturias,,False,ES,Spain,Asturias,Asturias,,,,,1,1,43.309479,-5.83445,polylabel,10657.985,-7.171624,42.892834,-4.513259,43.66295,3,,,asturias
ES-canary-is,,False,ES,Spain,Canary Is.,Canary Is.,,,,,2,1,28.219266,-16.611433,polylabel,7446.104,-18.167226,27.642239,-13.417795,29.289455,20,,,canary-is
ES-cantabria,,False,ES,Spain,Cantabria,Cantabria,,,,,1,1,43.168426,-4.12899,polylabel,5338.043,-4.83603,42.762506,-3.149544,43.518256,3,,,cantabria
ES-castilla-y-leon,,False,ES,Spain,Castilla y León,Castilla y León,,,,,9,1,41.744427,-4.929434,polylabel,94643.746,-7.071036,40.088819,-1.785544,43.23855,3,,,castilla-y-leon
ES-castilla-la-mancha,,False,ES,Spain,Castilla-La Mancha,Castilla-La Mancha,,,,,5,1,39.417596,-2.439587,polylabel,79332.439,-5.391009,38.023623,-0.903479,41.322129,3,,,castilla-la-mancha
ES-cataluna,,False,ES,Spain,Cataluña,Cataluña,,,,,4,1,41.798543,1.278954,polylabel,31924.063,0.167463,40.526163,3.317719,42.846585,3,,,cataluna
ES-ceuta,,False,ES,Spain,Ceuta,Ceuta,,,,,1,1,35.885534,-5.348367,polylabel,42.725,-5.398859,35.847357,-5.28307,35.926174,9,,,ceuta
ES-extremadura,,False,ES,Spain,Extremadura,Extremadura,,,,,2,1,39.215853,-6.064495,polylabel,42068.465,-7.557286,37.938977,-4.658392,40.48032,3,,,extremadura
ES-foral-de-navarra,,False,ES,Spain,Foral de Navarra,Foral de Navarra,,,,,1,1,42.684607,-1.672448,polylabel,10076.567,-2.494545,41.908863,-0.745032,43.304929,3,,,foral-de-navarra
ES-galicia,,False,ES,Spain,Galicia,Galicia,,,,,4,1,42.728854,-7.771279,polylabel,29542.932,-9.291982,41.805951,-6.735707,43.793443,3,,,galicia
ES-islas-baleares,,False,ES,Spain,Islas Baleares,Islas Baleares,,,,,1,1,39.607991,2.973936,polylabel,5111.912,1.212169,38.638646,4.337087,40.079413,3,,,islas-baleares
ES-la-rioja,,False,ES,Spain,La Rioja,La Rioja,,,,,1,1,42.34577,-2.822621,polylabel,5323.293,-3.120967,41.918449,-1.685783,42.644116,3,,,la-rioja
ES-madrid,,False,ES,Spain,Madrid,Madrid,,,,,1,1,40.518973,-3.760673,polylabel,7991.417,-4.571886,39.893534,-3.062236,41.161751,7,,,madrid
ES-melilla,,False,ES,Spain,Melilla,Melilla,,,,,1,1,35.295721,-2.947511,polylabel,18.095,-2.96692,35.267874,-2.912913,35.329779,9,,,melilla
ES-murcia,,False,ES,Spain,Murcia,Murcia,,,,,1,1,37.903978,-1.563507,polylabel,11302.948,-2.338534,37.381036,-0.701243,38.754095,7,,,murcia
ES-pais-vasco,,False,ES,Spain,País Vasco,País Vasco,,,,,3,1,43.002594,-2.610556,polylabel,7049.119,-3.44503,42.496683,-1.74973,43.452501,3,,,pais-vasco
ES-valenciana,,False,ES,Spain,Valenciana,Valenciana,,,,,3,1,39.430272,-0.760488,polylabel,23245.386,-1.518274,37.84291,0.52376,40.779914,6,,,valenciana
ETH-3133,ET-AA,True,ET,Ethiopia,Addis Ababa,Addis Ababa,Addis-Abeba,Adís Abeba,,Administrative State,0,1,8.966,38.7815,natural-earth,553.188,38.655036,8.832588,38.907941,9.096887,9,Q3624,444178,addis-ababa
ETH-3111,ET-AF,True,ET,Ethiopia,Afar,Afar,Afar,Afar,,Administrative State,0,1,12.1232,41.0236,natural-earth,94507.512,39.668204,8.842923,42.379459,14.465966,3,Q193494,444179,afar
ETH-3109,ET-AM,True,ET,Ethiopia,Amhara,Amhara,Amhara,Amhara,,Administrative State,0,1,11.6981,37.7222,natural-earth,156786.962,35.248379,8.756107,40.196648,13.776176,3,Q203009,444180,amhara
ETH-3132,ET-BE,True,ET,Ethiopia,Benshangul-Gumaz,Benishangul-Gumuz,Benishangul-Gumuz,Benishangul-Gumaz,,Administrative State,0,1,10.5396,35.6017,natural-earth,50275.166,34.066892,8.787113,37.046142,12.03787,3,Q207635,444181,benshangul-gumaz
ETH-3135,ET-DD,True,ET,Ethiopia,Dire Dawa,Dire Dawa,Dire Dawa,Dire Dawa,,Administrative State,0,1,9.56155,42.0364,natural-earth,1063.669,41.731748,9.473763,42.341013,9.780566,9,Q193486,444182,dire-dawa
ETH-3130,ET-GA,True,ET,Ethiopia,Gambela Peoples,Gambela,Gambela,Gambela,,Administrative State,0,1,7.86869,34.1775,natural-earth,25592.244,32.9898,7.012053,35.365625,8.607692,3,Q207638,444183,gambela-peoples
ETH-3136,ET-HA,True,ET,Ethiopia,Harari People,Harari,Harar,Harar,,Administrative State,0,1,9.29063,42.1676,natural-earth,365.326,42.061133,9.188664,42.274144,9.384828,3,Q1033855,444184,harari-people
ETH-3131,ET-OR,True,ET,Ethiopia,Oromiya,Oromia,Oromia,Oromía,,Administrative State,0,1,7.55642,40.2242,natural-earth,326991.496,34.083096,3.513585,42.914311,10.382235,3,Q202107,444185,oromiya
ETH-3134,ET-SO,True,ET,Ethiopia,Somali,Somali,Somali,Somali,,Administrative State,0,1,7.09365,43.5345,natural-earth,311887.831,39.090441,3.403333,47.979169,11.08966,3,Q202800,444186,somali
ETH-3129,ET-SN,True,ET,Ethiopia,"Southern Nations, Nationalities and Peoples",Southern Nations,région des nations,las Naciones,,Administrative State,0,1,6.21467,36.4494,natural-earth,114646.594,34.195773,4.43118,39.135007,8.457288,3,Q203193,444188,southern-nations-nationalities-and-peoples
ETH-3110,ET-TI,True,ET,Ethiopia,Tigray,Tigray,Tigré,Tigray,,Administrative State,0,1,14.1003,38.2158,natural-earth,49396.376,36.432122,12.251061,39.999839,14.879532,3,Q200127,444187,tigray
FIN-3177,FI-08,True,FI,Finland,Central Finland,Central Finland,Finlande-Centrale,Finlandia Central,,Province,0,1,62.5246,25.3934,natural-earth,19276.517,24.020271,61.451133,26.76646,63.600924,5,Q5697,830685,central-finland
FIN-3181,FI-07,True,FI,Finland,Central Ostrobothnia,Central Ostrobothnia,Ostrobotnie-Centrale,Ostrobotnia Central,,Province,0,1,63.6751,24.0097,natural-earth,5295.021,22.990733,63.119197,25.028685,64.168077,5,Q5696,830675,central-ostrobothnia
FIN-3191,FI-19,True,FI,Finland,Finland Proper,Finland Proper,Finlande-Propre,Finlandia Propia,,Region,0,1,60.6134,22.7128,natural-earth,9664.546,21.18629,59.849514,23.913921,61.091103,5,Q5712,830708,finland-proper
FIN-3179,FI-05,True,FI,Finland,Kainuu,Kainuu,Kainuu,Kainuu,,Province,0,1,64.5496,28.441,natural-earth,24317.919,26.295997,63.678646,30.586432,65.524063,5,Q5694,830664,kainuu
FIN-3187,FI-09,True,FI,Finland,Kymenlaakso,Kymenlaakso,Vallée de la Kymi,Kymenlaakso,,Province,0,1,60.4164,26.5799,natural-earth,5448.013,26.042783,60.378079,28.003782,61.28706,5,Q5698,830703,kymenlaakso
FIN-3176,FI-10,True,FI,Finland,Lapland,Lapland,Laponie,Laponia finlandesa,,Province,0,1,67.5811,26.5614,natural-earth,97589.063,20.623165,65.591918,30.009413,70.07531,5,Q5700,830603,lapland
FIN-3190,FI-13,True,FI,Finland,North Karelia,North Karelia,Carélie du Nord,Carelia del Norte,,Province,0,1,62.7879,29.9637,natural-earth,21259.214,28.358404,61.72414,31.569525,63.883362,5,Q5703,830686,north-karelia
FIN-3180,FI-14,True,FI,Finland,Northern Ostrobothnia,Northern Ostrobothnia,Ostrobotnie du Nord,Ostrobotnia del Norte,,Province,0,1,65.1599,26.2356,natural-earth,36600.152,23.706472,63.430289,30.11628,66.484366,5,Q5704,830667,northern-ostrobothnia
FIN-3178,FI-15,True,FI,Finland,Northern Savonia,Northern Savonia,Savonie du Nord,Savonia del Norte,,Province,0,1,63.1933,27.5702,natural-earth,19819.127,26.052188,62.260128,29.088282,64.033404,5,Q5706,830690,northern-savonia
FIN-3182,FI-12,True,FI,Finland,Ostrobothnia,Ostrobothnia,Ostrobotnie,Ostrobotnia,,Province,0,1,63.0354,22.1482,natural-earth,7271.247,21.065196,61.939187,23.733983,63.801703,5,Q5702,830676,ostrobothnia
FIN-3186,FI-11,True,FI,Finland,Pirkanmaa,Pirkanmaa,Pirkanmaa,Pirkanmaa,,Region,0,1,61.6936,23.7573,natural-earth,14961.873,22.549249,60.946332,24.995715,62.488021,5,Q5701,830704,pirkanmaa
FIN-3184,FI-16,True,FI,Finland,Päijät-Häme,Päijänne Tavastia,Päijät-Häme,Päijänne Tavastia,,Province,0,1,61.2034,25.6876,natural-earth,5997.971,24.860013,60.688441,26.515105,61.798037,5,Q5708,831040,paijat-hame
FIN-3192,FI-17,True,FI,Finland,Satakunta,Satakunta,Satakunta,Satakunta,,Region,0,1,61.4773,22.1012,natural-earth,8355.464,21.316694,60.88569,23.000901,62.304053,5,Q5709,831041,satakunta
FIN-3188,FI-02,True,FI,Finland,South Karelia,South Karelia,Carélie du Sud,Karelia del Sur,,Province,0,1,61.2148,28.5567,natural-earth,7266.0,26.968514,60.664226,30.145649,61.850799,5,Q5691,830699,south-karelia
FIN-3183,FI-03,True,FI,Finland,Southern Ostrobothnia,Southern Ostrobothnia,Ostrobotnie du Sud,Ostrobotnia del Sur,,Province,0,1,62.7521,23.1486,natural-earth,13911.22,21.53236,61.985312,24.58251,63.489768,5,Q5692,830682,southern-ostrobothnia
FIN-3189,FI-04,True,FI,Finland,Southern Savonia,Southern Savonia,Savonie du Sud,Savonia del Sur,,Province,0,1,61.8152,27.9693,natural-earth,19060.965,26.244838,61.151539,29.693826,62.653334,5,Q5693,830695,southern-savonia
FIN-3185,FI-06,True,FI,Finland,Tavastia Proper,Tavastia Proper,Kanta-Häme,Tavastia Propia,,Region,0,1,60.9239,24.4224,natural-earth,5857.549,23.138257,60.552893,25.287583,61.322304,5,Q5695,830705,tavastia-proper
FIN-3193,FI-18,True,FI,Finland,Uusimaa,Uusimaa,Uusimaa,Uusimaa,,Province,0,1,60.4179,24.8475,natural-earth,8986.114,22.888194,59.811225,26.553302,60.830137,5,Q5711,830709,uusimaa
FJI-2617,FJ-C,True,FJ,Fiji,Central,Central,centrale,División Central,,Division,0,1,-18.3823,178.132,natural-earth,4582.055,177.768199,-18.41546,178.711436,-17.550258,7,Q1053789,2205272,central
FJI-2618,FJ-E,True,FJ,Fiji,Eastern,Eastern,orientale,División Este,,Division,0,1,-20.6657,-178.72,natural-earth,1410.418,-179.871938,-20.671808,179.952403,-17.149102,7,Q182169,4036647,eastern
FJI-2619,FJ-N,True,FJ,Fiji,Northern,Northern,septentrionale,División Norte,,Division,0,1,-16.8107,178.308,natural-earth,6359.34,-180.0,-17.007013,180.0,-16.12127,7,Q1062430,2199295,northern
FJI-2658,FJ-R,True,FJ,Fiji,Rotuma,Rotuma,Rotuma,Rotuma,,Division,0,1,-12.4964,177.067,natural-earth,39.694,177.00587,-12.51686,177.12908,-12.475274,7,Q459763,6324593,rotuma
FJI-2620,FJ-W,True,FJ,Fiji,Western,Western,occidentale,División Oeste,,Division,0,1,-21.6878,174.61,natural-earth,6600.652,174.588878,-21.711114,178.448622,-16.676853,7,Q1062451,2194371,western
FLK-5152,FK-X01,False,FK,Falkland Islands,Falkland Islands,Falkland Islands,Îles Falkland,Islas Malvinas,,,0,1,-51.8593,-59.1944,natural-earth,11553.356,-61.318186,-52.406523,-57.734283,-51.027765,20,,0,falkland-islands
FSM-4942,FM-TRK,True,FM,Federated States of Micronesia,Chuuk,Chuuk State,Chuuk,Estado de Chuuk,,,0,1,7.353819,151.634005,polylabel,71.957,149.180837,5.286038,153.710704,8.987494,20,Q221684,2082282,chuuk
FSM-4944,FM-KSA,True,FM,Federated States of Micronesia,Kosrae,Kosrae,Kosrae,Kosrae,,,0,1,5.320439,162.988566,polylabel,114.185,162.91212,5.269761,163.04656,5.379706,20,Q459848,2082036,kosrae
FSM-4941,FM-PNI,True,FM,Federated States of Micronesia,Pohnpei,Pohnpei State,Pohnpei,Pohnpei,,,0,1,6.86579,158.163,natural-earth,399.98,154.238455,0.918158,158.338634,8.185085,20,Q7771127,2081550,pohnpei
FSM-4943,FM-YAP,True,FM,Federated States of Micronesia,Yap,Yap State,Yap,Estado de Yap,,,0,1,9.524812,138.178995,polylabel,95.019,138.063813,9.412055,140.532888,9.77558,20,Q11342951,2081175,yap
FRO-1443,FO-X00,False,FO,Faroe Islands,Eysturoyar,Eysturoy,Eysturoy,Eysturoy,,Region,0,1,62.1385,-6.95941,natural-earth,1320.586,-7.644154,61.39411,-6.275787,62.398912,8,Q200939,,eysturoyar
FR-auvergne-rhone-alpes,FR-ARA,False,FR,France,Auvergne-Rhône-Alpes,Auvergne-Rhône-Alpes,,,,,12,1,45.244879,4.921898,polylabel,70756.487,2.058713,44.12178,7.160679,46.793216,3,,,auvergne-rhone-alpes
FR-bourgogne-franche-comte,FR-BFC,False,FR,France,Bourgogne-Franche-Comté,Bourgogne-Franche-Comté,,,,,8,1,47.13753,4.404777,polylabel,47866.0,2.830876,46.171752,7.151492,48.411744,3,,,bourgogne-franche-comte
FR-bretagne,FR-BRE,False,FR,France,Bretagne,Bretagne,,,,,4,1,48.068695,-2.397181,polylabel,27258.057,-5.132802,47.296617,-1.039333,48.876654,3,,,bretagne
FR-centre-val-de-loire,FR-CVL,False,FR,France,Centre-Val de Loire,Centre-Val de Loire,,,,,6,1,47.394978,1.621443,polylabel,39242.698,0.06676,46.350939,3.117927,48.939549,3,,,centre-val-de-loire
CLP+00?,-99-X02,False,FR,Clipperton Island,Clipperton Island,Clipperton Island,île Clipperton,Isla Clipperton,,,0,1,10.2973,-109.222,natural-earth,5.022,-109.234242,10.281562,-109.210357,10.311021,20,Q161258,0,clipperton-island
FR-corse,FR-COR,False,FR,France,Corse,Corse,,,,,2,1,42.248492,9.110862,polylabel,8652.83,8.545258,41.365912,9.559581,43.017401,3,,,corse
FR-grand-est,FR-GES,False,FR,France,Grand Est,Grand Est,,,,,10,1,48.894933,4.789897,polylabel,57201.576,3.389487,47.416797,8.200305,50.161332,3,,,grand-est
FR-guadeloupe,FR-GUA,False,FR,France,Guadeloupe,Guadeloupe,,,,,1,1,16.113146,-61.665093,polylabel,1663.025,-61.797841,15.846991,-60.989247,16.513088,20,,,guadeloupe
FR-guyane-francaise,FR-GUF,False,FR,France,Guyane française,Guyane française,,,,,1,1,3.955168,-53.021364,polylabel,83551.735,-54.615292,2.110673,-51.649037,5.744765,5,,,guyane-francaise
FR-hauts-de-france,FR-HDF,False,FR,France,Hauts-de-France,Hauts-de-France,,,,,5,1,49.89613,2.763595,polylabel,31879.211,1.373069,48.846945,4.250222,51.087541,3,,,hauts-de-france
FR-martinique,FR-MTQ,False,FR,France,Martinique,Martinique,,,,,1,1,14.727641,-61.072742,polylabel,1101.442,-61.228831,14.408108,-60.810414,14.876899,4,,,martinique
FR-mayotte,FR-MAY,False,FR,France,Mayotte,Mayotte,,,,,1,1,-12.775376,45.147973,polylabel,396.412,45.042491,-12.98919,45.290863,-12.647231,20,,,mayotte
FR-normandie,FR-NOR,False,FR,France,Normandie,Normandie,,,,,5,1,49.375454,1.019757,polylabel,30036.027,-1.945627,48.180833,1.78344,50.06572,3,,,normandie
FR-nouvelle-aquitaine,FR-NAQ,False,FR,France,Nouvelle-Aquitaine,Nouvelle-Aquitaine,,,,,12,1,45.541888,0.466437,polylabel,84797.345,-1.797172,42.772636,2.597746,47.160588,3,,,nouvelle-aquitaine
FR-occitanie,FR-OCC,False,FR,France,Occitanie,Occitanie,,,,,13,1,43.567178,2.164648,polylabel,73351.067,-0.317059,42.325661,4.849812,45.045049,3,,,occitanie
FR-pays-de-la-loire,FR-PDL,False,FR,France,Pays de la Loire,Pays de la Loire,,,,,5,1,47.755614,-0.420206,polylabel,32042.184,-2.556386,46.27912,0.912883,48.561278,3,,,pays-de-la-loire
FR-provence-alpes-cote-d-azur,FR-PAC,False,FR,France,Provence-Alpes-Côte-d'Azur,Provence-Alpes-Côte-d'Azur,,,,,6,1,43.954335,6.324986,polylabel,31283.292,4.205903,42.987128,7.691912,45.124788,3,,,provence-alpes-cote-d-azur
FR-reunion,FR-LRE,False,FR,France,Réunion,Réunion,,,,,1,1,-21.094216,55.517917,polylabel,2589.51,55.225434,-21.370782,55.854503,-20.861423,20,,,reunion
FR-ile-de-france,FR-IDF,False,FR,France,Île-de-France,Île-de-France,,,,,8,1,48.633925,2.6965,polylabel,12068.254,1.443457,48.121661,3.537802,49.230664,3,,,ile-de-france
GAB-2168,GA-1,True,GA,Gabon,Estuaire,Estuaire,Estuaire,Estuaire,,Province,0,1,0.32201,10.1365,natural-earth,19779.705,9.298839,-0.578001,10.973987,1.061265,5,Q281109,2400682,estuaire
GAB-2627,GA-2,True,GA,Gabon,Haut-Ogooué,Haut-Ogooué,Haut-Ogooué,Haut-Ogooué,,Province,0,1,-1.13187,13.6198,natural-earth,33925.072,12.741014,-2.501603,14.498991,0.04067,5,Q654438,2400454,haut-ogooue
GAB-2621,GA-3,True,GA,Gabon,Moyen-Ogooué,Moyen-Ogooué,Moyen-Ogooué,Moyen-Ogooué,,Province,0,1,-0.374156,10.5724,natural-earth,17936.724,9.561877,-1.255479,11.582839,0.235283,5,Q590802,2397842,moyen-ogooue
GAB-2622,GA-4,True,GA,Gabon,Ngounié,Ngounié,Ngounié,Ngounié,,Province,0,1,-1.48647,11.1859,natural-earth,37602.653,9.8724,-2.804996,12.499784,-0.575365,5,Q823774,2397466,ngounie
GAB-2623,GA-5,True,GA,Gabon,Nyanga,Nyanga,Nyanga,Nyanga,,Province,0,1,-2.97713,10.9768,natural-earth,20141.441,9.961721,-3.936856,11.954908,-2.253764,5,Q846017,2397141,nyanga
GAB-2186,GA-6,True,GA,Gabon,Ogooué-Ivindo,Ogooué-Ivindo,Ogooué-Ivindo,Ogooué-Ivindo,,Province,0,1,0.72338,12.8739,natural-earth,43027.769,11.280118,-0.753494,14.468088,1.434436,5,Q823822,2396926,ogooue-ivindo
GAB-2628,GA-7,True,GA,Gabon,Ogooué-Lolo,Ogooué-Lolo,Ogooué-Lolo,Ogooué-Lolo,,Province,0,1,-0.972672,12.5284,natural-earth,29119.18,11.497831,-1.924894,13.558997,0.28143,5,Q823762,2396925,ogooue-lolo
GAB-2624,GA-8,True,GA,Gabon,Ogooué-Maritime,Ogooué-Maritime,Ogooué-Maritime,Ogooué-Maritime,,Province,0,1,-0.682548,8.99566,natural-earth,21547.104,8.695567,-2.745406,10.607136,-0.271648,5,Q823751,2396924,ogooue-maritime
GAB-2187,GA-9,True,GA,Gabon,Wouleu-Ntem,Woleu-Ntem,Woleu-Ntem,Woleu-Ntem,,Province,0,1,1.43947,11.8313,natural-earth,38053.542,10.364463,0.230115,13.298392,2.322495,5,Q823800,2396076,wouleu-ntem
GB-east,,False,GB,United Kingdom,East,East,,,,,11,1,52.18104,0.368596,polylabel,18891.124,-0.730027,51.446369,1.771169,52.986396,9,,,east
GB-east-midlands,,False,GB,United Kingdom,East Midlands,East Midlands,,,,,9,1,52.845545,-0.948653,polylabel,15558.025,-2.018631,51.976337,0.356619,53.607994,9,,,east-midlands
GB-east-wales,,False,GB,United Kingdom,East Wales,East Wales,,,,,15,1,51.996447,-4.048631,polylabel,13165.378,-5.310943,51.420441,-2.961312,53.426947,9,,,east-wales
GB-eastern,,False,GB,United Kingdom,Eastern,Eastern,,,,,12,1,56.455015,-4.093295,polylabel,18035.973,-4.83696,55.111295,-2.022857,56.984636,9,,,eastern
GB-greater-london,,False,GB,United Kingdom,Greater London,Greater London,,,,,33,1,51.49848,-0.103265,polylabel,1598.782,-0.497199,51.282451,0.336109,51.689093,9,,,greater-london
GB-highlands-and-islands,,False,GB,United Kingdom,Highlands and Islands,Highlands and Islands,,,,,6,1,57.29239,-4.878126,polylabel,40618.823,-13.691314,55.297065,-0.754791,60.847886,9,,,highlands-and-islands
GB-north-east,,False,GB,United Kingdom,North East,North East,,,,,12,1,55.0636,-1.959103,polylabel,8632.931,-2.685007,54.441587,-0.778836,55.805487,9,,,north-east
GB-north-eastern,,False,GB,United Kingdom,North Eastern,North Eastern,,,,,2,1,57.223625,-2.472905,polylabel,6535.4,-3.796404,56.740383,-1.759348,57.704983,9,,,north-eastern
GB-north-west,,False,GB,United Kingdom,North West,North West,,,,,23,1,54.613729,-2.873413,polylabel,14212.093,-3.634185,52.947156,-1.897217,55.190827,9,,,north-west
GB-northern-ireland,,False,GB,United Kingdom,Northern Ireland,Northern Ireland,,,,,26,1,54.684312,-6.461751,polylabel,14188.159,-8.173837,54.034573,-5.430776,55.311347,9,,,northern-ireland
GB-south-east,,False,GB,United Kingdom,South East,South East,,,,,19,1,51.355719,-0.983796,polylabel,18994.523,-1.950056,50.582506,1.448253,52.192473,9,,,south-east
GB-south-west,,False,GB,United Kingdom,South West,South West,,,,,16,1,51.126781,-2.409758,polylabel,23686.382,-6.348948,49.909613,-1.485847,52.10576,9,,,south-west
GB-south-western,,False,GB,United Kingdom,South Western,South Western,,,,,12,1,55.387842,-4.092777,polylabel,12728.715,-5.180653,54.632961,-2.850288,56.077818,9,,,south-western
GB-west-midlands,,False,GB,United Kingdom,West Midlands,West Midlands,,,,,14,1,52.534823,-2.18165,polylabel,12907.556,-3.215122,51.817665,-1.165272,53.213806,9,,,west-midlands
GB-west-wales-and-the-valleys,,False,GB,United Kingdom,West Wales and the Valleys,West Wales and the Valleys,,,,,7,1,52.203237,-3.403536,polylabel,7548.038,-3.927455,51.384223,-2.647043,53.351793,9,,,west-wales-and-the-valleys
GB-yorkshire-and-the-humber,,False,GB,United Kingdom,Yorkshire and the Humber,Yorkshire and the Humber,,,,,15,1,53.886398,-1.375311,polylabel,15434.862,-2.551441,53.289667,0.149262,54.557411,9,,,yorkshire-and-the-humber
GRD-5069,GD-10,True,GD,Grenada,Carriacou and Petite Martinique,Carriacou and Petite Martinique,Dépendance de Carriacou et Petite Martinique,Carriacou et Petite Martinique,,Dependency,0,1,12.4733,-61.4461,natural-earth,34.255,-61.496246,12.440375,-61.42162,12.529731,20,Q3044818,7303836,carriacou-and-petite-martinique
GRD-5070,GD-01,True,GD,Grenada,Saint Andrew,Saint Andrew,Paroisse de Saint Andrew,Parroquia de Saint Andrew,,Parish,0,1,12.1224,-61.6329,natural-earth,75.745,-61.688028,12.069037,-61.603222,12.179165,20,Q977183,3579938,saint-andrew
GRD-5071,GD-02,True,GD,Grenada,Saint David,Saint David,Paroisse de Saint David,Parroquia de Saint David,,Parish,0,1,12.055,-61.6617,natural-earth,41.286,-61.696253,12.02204,-61.624501,12.089511,20,Q2087806,3579932,saint-david
GRD-5072,GD-03,True,GD,Grenada,Saint George,Saint George,Paroisse de Saint George,Parroquia de Saint George,,Parish,0,1,12.0681,-61.7226,natural-earth,83.791,-61.790517,12.002834,-61.676513,12.110896,20,Q576651,3579926,saint-george
GRD-5073,GD-04,True,GD,Grenada,Saint John,Saint John,Paroisse de Saint John,Parroquia de Saint John,,Parish,0,1,12.1446,-61.7094,natural-earth,48.677,-61.751047,12.110073,-61.66253,12.183947,20,Q1476289,3579919,saint-john
GRD-5074,GD-05,True,GD,Grenada,Saint Mark,Saint Mark,Paroisse de Saint Mark,Parroquia de Saint Mark,,Parish,0,1,12.189,-61.6749,natural-earth,23.611,-61.715148,12.158602,-61.65595,12.223333,20,Q1291077,3579913,saint-mark
GRD-5075,GD-06,True,GD,Grenada,Saint Patrick,Saint Patrick,Paroisse de Saint Patrick,Parroquia de Saint Patrick,,Parish,0,1,12.2147,-61.6342,natural-earth,41.247,-61.682134,12.176691,-61.602773,12.239732,20,Q1476309,3579907,saint-patrick
GEO-3015,GE-AB,True,GE,Georgia,Abkhazia,Abkhazia,Abkhazie,Abjasia,,Autonomous Republic,0,1,43.1479,41.0701,natural-earth,8622.341,39.985976,42.406457,42.154334,43.575843,7,Q23334,6643410,abkhazia
GEO-3027,GE-AJ,True,GE,Georgia,Ajaria,Adjara,Adjarie,Ayaria,,Autonomous Republic,0,1,41.6552,42.0537,natural-earth,2951.491,41.520763,41.421814,42.586648,41.902615,7,Q45693,615929,ajaria
GEO-3028,GE-GU,True,GE,Georgia,Guria,Guria,Gourie,Guria,,Region,0,1,41.9634,42.1824,natural-earth,1922.844,41.715249,41.793599,42.649624,42.158616,7,Q19038,865538,guria
GEO-3030,GE-IM,True,GE,Georgia,Imereti,Imereti,Iméréthie,Imericia,,Region,0,1,42.093,42.9894,natural-earth,6216.245,42.206034,41.805872,43.77276,42.524097,7,Q200045,865539,imereti
GEO-3033,GE-KA,True,GE,Georgia,Kakheti,Kakheti,Kakhétie,Kajetia,,Region,0,1,41.6527,45.8579,natural-earth,11179.825,45.021366,41.044111,46.694803,42.559842,7,Q169674,865537,kakheti
GEO-3037,GE-KK,True,GE,Georgia,Kvemo Kartli,Kvemo Kartli,Basse Kartlie,Kvemo Kartli,,Region,0,1,41.4755,44.5029,natural-earth,6409.398,43.672714,41.164617,45.333096,41.844165,7,Q200048,865536,kvemo-kartli
GEO-3034,GE-MM,True,GE,Georgia,Mtskheta-Mtianeti,Mtskheta-Mtianeti,Mtskheta-Mtianeti,Mtsjeta-Mtianeti,,Region,0,1,42.2106,44.7435,natural-earth,6948.98,44.185803,41.685621,45.301571,42.75951,7,Q203339,865541,mtskheta-mtianeti
GEO-3035,GE-RL,True,GE,Georgia,Racha-Lechkhumi-Kvemo Svaneti,Racha-Lechkhumi and Kvemo Svaneti,Racha-Lechkhumi et Kvemo Svaneti,Racha-Lechjumi y Kvemo Svaneti,,Region,0,1,42.6296,43.1304,natural-earth,5156.369,42.352588,42.339586,43.908152,42.934471,7,Q38893,865542,racha-lechkhumi-kvemo-svaneti
GEO-3029,GE-SZ,True,GE,Georgia,Samegrelo-Zemo Svaneti,Samegrelo-Zemo Svaneti,Mingrélie-Haute Svanétie,Samegrelo-Zemo Svaneti,,Region,0,1,42.5492,42.3632,natural-earth,7563.865,41.551195,42.059343,43.175228,43.236018,7,Q200309,865543,samegrelo-zemo-svaneti
GEO-3038,GE-SJ,True,GE,Georgia,Samtskhe-Javakheti,Samtskhe–Javakheti,Samtskhé-Djavakhétie,Samtsje-Yavajeti,,Region,0,1,41.5149,43.2296,natural-earth,6522.401,42.481159,41.104521,43.978186,41.917958,7,Q19039,865544,samtskhe-javakheti
GEO-3039,GE-SK,True,GE,Georgia,Shida Kartli,Shida Kartli,Kartlie intérieure,Shida Kartli,,Region,0,1,42.1586,43.9997,natural-earth,5734.048,43.426218,41.71717,44.573228,42.626508,7,Q200047,865540,shida-kartli
GEO-3036,GE-TB,True,GE,Georgia,Tbilisi,Tbilisi,Tbilissi,Tiflis,,Independent City,0,1,41.7153,44.845,natural-earth,234.516,44.680715,41.625031,45.009274,41.79533,9,Q994,611716,tbilisi
GGY+00?,GG-X01,False,GG,Guernsey,Sark,Sark,Sercq,Sark,,,0,1,49.4309,-2.36628,natural-earth,72.69,-2.673451,49.411566,-2.170318,49.731391,20,,0,sark
GHA-2158,GH-AH,True,GH,Ghana,Ashanti,Ashanti,Ashanti,Ashanti,,Region,0,1,6.75219,-1.3296,natural-earth,25001.678,-2.445427,5.8537,-0.21378,7.623437,5,Q398417,2304116,ashanti
GHA-2159,GH-BA,True,GH,Ghana,Brong Ahafo,Brong-Ahafo,Brong Ahafo,Brong-Ahafo,,Region,0,1,8.16555,-1.42805,natural-earth,39976.211,-3.097274,6.386716,0.241309,8.788301,5,Q397737,2302547,brong-ahafo
GHA-2160,GH-CP,True,GH,Ghana,Central,Central,Région du Centre,Central,,Region,0,1,5.49477,-1.26555,natural-earth,9904.252,-2.1718,5.019269,-0.359307,6.297652,5,Q846323,2302353,central
GHA-2161,GH-EP,True,GH,Ghana,Eastern,Eastern,Région Orientale,Oriental,,Region,0,1,6.42584,-0.460431,natural-earth,19320.638,-1.24351,5.725904,0.322647,7.192843,5,Q405670,2301360,eastern
GHA-2172,GH-AA,True,GH,Ghana,Greater Accra,Greater Accra,Grand Accra,Gran Acra,,Region,0,1,5.83921,0.105309,natural-earth,3223.575,-0.510041,5.498672,0.720659,6.000254,9,Q431729,2300569,greater-accra
GHA-2155,GH-NP,True,GH,Ghana,Northern,Northern,Région du Nord,Norte,,Region,0,1,9.27258,-1.11905,natural-earth,69707.336,-2.774839,7.964501,0.537569,10.700254,5,Q502215,2297169,northern
GHA-2156,GH-UE,True,GH,Ghana,Upper East,Upper East,Haut Ghana oriental,Alta Oriental,,Region,0,1,10.8183,-0.779779,natural-earth,8633.661,-1.578503,10.298597,0.019409,11.162937,5,Q712828,2294291,upper-east
GHA-2157,GH-UW,True,GH,Ghana,Upper West,Upper West,Haut Ghana occidental,Alta Occidental,,Region,0,1,10.404,-2.14449,natural-earth,18592.923,-2.932504,9.653325,-1.356062,11.026589,5,Q715805,2294286,upper-west
GHA-2173,GH-TV,True,GH,Ghana,Volta,Volta,Volta,Volta,,Region,0,1,7.33855,0.396325,natural-earth,20088.038,-0.394906,5.755439,1.187968,8.778302,5,Q712832,2294234,volta
GHA-2162,GH-WP,True,GH,Ghana,Western,Western,Région Occidentale,Occidental,,Region,0,1,5.70024,-2.34206,natural-earth,25228.11,-3.262509,4.737128,-1.421148,7.054053,5,Q870155,2294076,western
GIB+00?,GI-X01,False,GI,Gibraltar,Gibraltar,Gibraltar,Gibraltar,Gibraltar,,,0,1,36.1291,-5.34595,natural-earth,3.692,-5.358387,36.1105,-5.338773,36.14112,20,,0,gibraltar
GRL-2740,GL-KU,True,GL,Greenland,Kommune Kujalleq,Kujalleq,Kujalleq,Kujalleq,,Lansdele,0,1,61.5451,-44.296,natural-earth,49296.71,-48.242665,59.792629,-42.082387,62.759589,7,Q478813,7602005,kommune-kujalleq
GRL-2739,GL-SM,True,GL,Greenland,Kommuneqarfik Sermersooq,Sermersooq,Sermersooq,Sermersooq,,Lansdele,0,1,64.0596,-44.037,natural-earth,541026.286,-52.194556,60.964545,-21.476796,71.942844,7,Q695387,7602007,kommuneqarfik-sermersooq
GRL-2742,GL-UO,True,GL,Greenland,Nationalparken,Northeast Greenland National Park,parc national du Nord-Est du Groenland,Parque nacional del noreste de Groenlandia,,Lansdele,0,1,77.0582,-33.4567,natural-earth,869280.124,-61.850642,70.999594,-11.37682,83.634101,7,Q309276,,nationalparken
GRL-2738,GL-UO,True,GL,Greenland,Pituffik,Pituffik,Pituffik,Pituffik,,Lansdele,0,1,76.4432,-68.3611,natural-earth,656.166,-69.079498,76.300821,-67.642817,76.60075,7,Q1991632,,pituffik
GRL-2743,GL-QA,True,GL,Greenland,Qaasuitsup Kommunia,Qaasuitsup,Qaasuitsup,Qaasuitsup,,Lansdele,0,1,74.5573,-49.3311,natural-earth,573831.477,-73.05724,67.494818,-43.99997,81.228339,7,Q641460,7602003,qaasuitsup-kommunia
GRL-2741,GL-QE,True,GL,Greenland,Qeqqata Kommunia,Qeqqata,Qeqqata,Qeqqata,,Lansdele,0,1,66.5487,-47.3782,natural-earth,103797.959,-53.964915,64.571831,-43.99997,67.769232,7,Q476233,7602006,qeqqata-kommunia
GMB-2153,GM-B,True,GM,Gambia,Banjul,Banjul,Banjul,Banjul,,Independent City,0,1,13.4063,-16.6831,natural-earth,209.409,-16.762929,13.334641,-16.585317,13.496161,6,Q3726,2413875,banjul
GMB-2151,GM-M,True,GM,Gambia,Central River,Central River,de Central River,División Central River,,Division,0,1,13.637,-14.9804,natural-earth,3046.726,-15.49803,13.323094,-14.462135,13.819984,6,Q824431,2412707,central-river
GMB-2154,GM-L,True,GM,Gambia,Lower River,Lower River,Lower River,División Lower River,,Division,0,1,13.4062,-15.7046,natural-earth,1478.346,-16.22761,13.248512,-15.181331,13.562687,6,Q824421,2412716,lower-river
GMB-5513,GM-N,True,GM,Gambia,North Bank,North Bank,North Bank,División North Bank,,Division,0,1,13.5236,-15.9799,natural-earth,2152.255,-16.561399,13.336859,-15.30191,13.641522,6,Q846161,2412353,north-bank
GMB-2152,GM-U,True,GM,Gambia,Upper River,Upper River,Upper River,División Upper River,,Division,0,1,13.3797,-14.1857,natural-earth,1984.335,-14.552109,13.228574,-13.818713,13.579146,6,Q824373,2411711,upper-river
GMB-5512,GM-W,True,GM,Gambia,West Coast,West Coast,West Coast,División Western,,Division,0,1,13.2212,-16.3138,natural-earth,1669.523,-16.829701,13.065009,-15.824367,13.404975,6,Q846158,2411683,west-coast
GIN-5627,GN-BE,True,GN,Guinea,Beyla,Beyla Prefecture,Beyla,Beyla,,Prefecture,0,1,8.81391,-8.40726,natural-earth,12693.488,-8.969148,8.015171,-7.662447,9.418651,7,Q853169,2423124,beyla
GIN-5628,GN-BF,True,GN,Guinea,Boffa,Boffa Prefecture,Boffa,Ayuntamiento del Boffa,,Prefecture,0,1,10.3994,-14.0764,natural-earth,5119.617,-14.550893,9.850043,-13.612442,10.740843,7,Q890340,2422967,boffa
GIN-5629,GN-BK,True,GN,Guinea,Boke,Boké,Boké,Boké,,Prefecture,0,1,11.1674,-14.3088,natural-earth,10877.353,-15.081125,10.473375,-13.758767,11.66885,7,Q862611,2422923,boke
GIN-5630,GN-C,True,GN,Guinea,Conakry,Conakry,Conakry,Conakri,,Administrative Zone,0,1,9.5392,-13.6847,natural-earth,24.902,-13.726226,9.505805,-13.643267,9.573835,9,Q3733,2422464,conakry
GIN-5631,GN-CO,True,GN,Guinea,Coyah,Coyah Prefecture,Coyah,Coyah,,Prefecture,0,1,9.79103,-13.3482,natural-earth,1433.626,-13.528193,9.524482,-13.089549,9.998574,7,Q616816,2595299,coyah
GIN-5632,GN-DB,True,GN,Guinea,Dabola,Dabola Prefecture,Dabola,Ayuntamiento del Dabola,,Prefecture,0,1,10.7774,-11.2004,natural-earth,6021.364,-11.606406,9.994283,-10.598107,11.112552,7,Q1156587,2422441,dabola
GIN-5633,GN-DL,True,GN,Guinea,Dalaba,Dalaba Prefecture,Dalaba,Ayuntamiento del Dalaba,,Prefecture,0,1,10.8327,-12.2144,natural-earth,3857.396,-12.649532,10.491246,-11.779628,11.305977,7,Q623302,2422377,dalaba
GIN-5634,GN-DI,True,GN,Guinea,Dinguiraye,Dinguiraye Prefecture,Dinguiraye,Ayuntamiento del Dinguiraye,,Prefecture,0,1,11.5609,-10.6749,natural-earth,13018.531,-11.423079,10.944963,-9.888772,12.219462,7,Q1226479,2421902,dinguiraye
GIN-5635,GN-DU,True,GN,Guinea,Dubréka,Dubréka Prefecture,Dubréka,Dubréka,,Prefecture,0,1,10.1137,-13.468,natural-earth,3659.74,-13.913435,9.50019,-13.113585,10.404169,7,Q1263263,2421533,dubreka
GIN-5636,GN-FA,True,GN,Guinea,Faranah,Faranah,Faranah,Faranah,,Prefecture,0,1,9.98517,-10.881,natural-earth,13504.772,-11.449173,9.047617,-10.122426,10.662089,7,Q870166,2421272,faranah
GIN-5637,GN-FO,True,GN,Guinea,Forécariah,Forécariah Prefecture,Forécariah,Forécariah,,Prefecture,0,1,9.38543,-13.0624,natural-earth,4029.649,-13.520863,9.041465,-12.601552,9.698134,7,Q1439329,2420983,forecariah
GIN-5638,GN-FR,True,GN,Guinea,Fria,Fria Prefecture,Fria,Fria,,Prefecture,0,1,10.4732,-13.4957,natural-earth,2371.007,-13.828634,10.239199,-13.19629,10.714778,7,Q1456055,2420883,fria
GIN-5639,GN-GA,True,GN,Guinea,Gaoual,Gaoual Prefecture,Gaoual,Ayuntamiento Gaoual,,Prefecture,0,1,11.7453,-13.3943,natural-earth,11097.877,-14.047955,11.129476,-12.704154,12.310858,7,Q614669,2420825,gaoual
GIN-5640,GN-GU,True,GN,Guinea,Guéckédou,Guéckédou Prefecture,Guéckédou,Guéckédou,,Prefecture,0,1,8.70329,-10.2232,natural-earth,4656.591,-10.735283,8.2696,-9.769992,9.185176,7,Q623142,2420561,gueckedou
GIN-5641,GN-K,True,GN,Guinea,Kankan,Kankan,Kankan,Kankan,,Prefecture,0,1,10.1319,-9.12624,natural-earth,17050.209,-9.955201,9.335173,-8.070433,10.749676,6,Q870191,2419991,kankan
GIN-5643,GN-KD,True,GN,Guinea,Kindia,Kindia,Kindia,Kindia,,Prefecture,0,1,10.0552,-12.7298,natural-earth,8599.734,-13.281831,9.562935,-12.109807,10.619042,7,Q868520,2419531,kindia
GIN-5644,GN-KS,True,GN,Guinea,Kissidougou,Kissidougou Prefecture,Kissidougou,Kissidougou,,Prefecture,0,1,9.25638,-9.89138,natural-earth,9071.939,-10.478244,8.860002,-9.221203,9.716565,7,Q1470920,2419470,kissidougou
GIN-5645,GN-KB,True,GN,Guinea,Koubia,Koubia Prefecture,Koubia,Ayuntamiento Koubia,,Prefecture,0,1,11.6162,-11.7074,natural-earth,3379.918,-12.31747,11.285668,-11.343989,12.134609,7,Q623409,2595302,koubia
GIN-5646,GN-KN,True,GN,Guinea,Koundara,Koundara Prefecture,Koundara,Ayuntamiento Koundara,,Prefecture,0,1,12.3537,-13.1823,natural-earth,5344.887,-13.736314,12.015428,-12.57813,12.673388,7,Q1781312,2418595,koundara
GIN-5647,GN-KO,True,GN,Guinea,Kouroussa,Kouroussa Prefecture,Kouroussa,Kouroussa,,Prefecture,0,1,10.7221,-10.0204,natural-earth,16021.592,-10.897856,9.595823,-9.343053,11.466543,6,Q1471573,2418435,kouroussa
GIN-5642,GN-KE,True,GN,Guinea,Kérouané,Kérouané Prefecture,Kérouane,Kérouané,,Prefecture,0,1,9.33012,-8.90504,natural-earth,5739.976,-9.3361,8.910652,-8.465766,9.740195,6,Q962654,2419618,kerouane
GIN-5648,GN-LA,True,GN,Guinea,Labé,Labé Prefecture,Labé,Labé,,Prefecture,0,1,11.515,-12.3404,natural-earth,2050.294,-12.525667,11.148415,-12.055486,11.727772,7,Q1781303,2418360,labe
GIN-5650,GN-LO,True,GN,Guinea,Lola,Lola Prefecture,Lola,Lola,,Prefecture,0,1,7.85522,-8.33352,natural-earth,2885.807,-8.57278,7.544295,-8.067229,8.219965,7,Q623145,2595304,lola
GIN-5649,GN-LE,True,GN,Guinea,Lélouma,Lélouma Prefecture,Lélouma,Ayuntamiento del Lélouma,,Prefecture,0,1,11.4687,-12.6338,natural-earth,2356.092,-12.989718,10.985867,-12.461628,11.725678,7,Q253661,2595303,lelouma
GIN-5651,GN-MC,True,GN,Guinea,Macenta,Macenta Prefecture,Macenta,Macenta,,Prefecture,0,1,8.54658,-9.31986,natural-earth,8998.116,-9.919899,7.754584,-8.856339,9.089725,7,Q949332,2417987,macenta
GIN-5652,GN-ML,True,GN,Guinea,Mali,Mali Prefecture,Mali,Ayuntamiento del Mali,,Prefecture,0,1,12.0218,-12.1222,natural-earth,10357.814,-12.862956,11.65294,-11.388422,12.431645,7,Q1781017,2417885,mali
GIN-5653,GN-MM,True,GN,Guinea,Mamou,Mamou Prefecture,Mamou,Mamou,,Prefecture,0,1,10.3442,-11.8934,natural-earth,7979.107,-12.426006,9.881676,-11.249235,11.326182,7,Q623295,2417831,mamou
GIN-5654,GN-MD,True,GN,Guinea,Mandiana,Mandiana Prefecture,Mandiana,Ayuntamiento Mandiana,,Prefecture,0,1,10.7221,-8.66537,natural-earth,11115.644,-9.373097,9.949988,-7.962584,11.649471,6,Q1470878,2595305,mandiana
GIN-5655,GN-NZ,True,GN,Guinea,Nzérékoré,Nzérékoré Prefecture,Nzérékoré,Nzérékoré,,Prefecture,0,1,8.05075,-8.73838,natural-earth,3813.36,-9.069404,7.622017,-8.429713,8.364177,7,Q1471203,2416968,nzerekore
GIN-5656,GN-PI,True,GN,Guinea,Pita,Pita Prefecture,Pita,Ayuntamiento Pita,,Prefecture,0,1,10.9341,-12.62,natural-earth,4137.258,-12.964035,10.469938,-12.121839,11.321661,7,Q736507,2416440,pita
GIN-5657,GN-SI,True,GN,Guinea,Siguiri,Siguiri Prefecture,Siguiri,Siguiri,,Prefecture,0,1,11.5701,-9.3936,natural-earth,17774.583,-10.207718,10.863844,-8.726517,12.497533,6,Q1780649,2415702,siguiri
GIN-5658,GN-TO,True,GN,Guinea,Tougué,Tougué Prefecture,Tougué,Tougué,,Prefecture,0,1,11.4503,-11.4677,natural-earth,4495.179,-12.005489,10.99951,-11.119313,12.040403,7,Q1432094,2414544,tougue
GIN-5660,GN-TE,True,GN,Guinea,Télimélé,Télimélé Prefecture,Télimélé,Télimélé,,Prefecture,0,1,10.9156,-13.3113,natural-earth,7664.46,-14.144532,10.397239,-12.874868,11.366102,7,Q922545,2414925,telimele
GIN-5659,GN-YO,True,GN,Guinea,Yomou,Yomou Prefecture,Yomou,Yomou,,Prefecture,0,1,7.61555,-9.08019,natural-earth,4088.258,-9.490708,7.190208,-8.725742,8.053227,7,Q623139,2414077,yomou
GNQ-1467,GQ-AN,True,GQ,Equatorial Guinea,Annobón,Annobón,Annobón,Annobón,,Province,0,1,-1.44699,5.62933,natural-earth,14.245,5.61199,-1.475681,5.646251,-1.415785,8,Q3736616,2310307,annobon
GNQ-1478,GQ-BN,True,GQ,Equatorial Guinea,Bioko Norte,Bioko Norte,Bioko-Norte,Bioko Norte,,Province,0,1,3.66783,8.79508,natural-earth,638.626,8.626814,3.515123,8.963145,3.772406,8,Q845834,2566978,bioko-norte
GNQ-1479,GQ-BS,True,GQ,Equatorial Guinea,Bioko Sur,Bioko Sur,Bioko-Sur,Bioko Sur,,Province,0,1,3.42557,8.64291,natural-earth,1355.795,8.422048,3.197333,8.863536,3.633887,8,Q845817,2566979,bioko-sur
GNQ-1468,GQ-CS,True,GQ,Equatorial Guinea,Centro Sur,Centro Sur,Centro-Sur,Centro Sur,,Province,0,1,1.46235,10.4494,natural-earth,8369.864,9.917876,0.999742,10.980963,2.165654,8,Q845823,2566980,centro-sur
GNQ-1469,GQ-KN,True,GQ,Equatorial Guinea,Kié-Ntem,Kié-Ntem,Kié-Ntem,Kié-Ntem,,Province,0,1,2.04853,10.8707,natural-earth,3327.522,10.409686,1.732013,11.332001,2.16576,8,Q853393,2566981,kie-ntem
GNQ-1470,GQ-LI,True,GQ,Equatorial Guinea,Litoral,Litoral,Litoral,Litoral,,Province,0,1,1.30717,9.7992,natural-earth,7225.191,9.34669,0.924854,10.276303,2.341742,8,Q203873,2566982,litoral
GNQ-1471,GQ-WN,True,GQ,Equatorial Guinea,Wele-Nzás,Wele-Nzas,Wele-Nzas,Wele-Nzas,,Province,0,1,1.33965,10.9267,natural-earth,5859.819,10.517374,0.999165,11.336341,1.995563,8,Q853400,2566983,wele-nzas
GRC-3001,GR-A,True,GR,Greece,Anatoliki Makedonia kai Thraki,East Macedonia and Thrace,Macédoine-Orientale-et-Thrace,Macedonia Oriental y Tracia,Ανατολική Μακεδονία και Θράκη,Region,0,1,41.1043,25.2076,natural-earth,14059.625,23.619158,40.398139,26.636596,41.750476,6,Q171314,6697803,anatoliki-makedonia-kai-thraki
GRC-2884,GR-A1,True,GR,Greece,Attiki,Attica,Attique,Ática,Αττική,Region,0,1,38.0626,23.7997,natural-earth,3795.664,22.899669,35.829169,24.087413,38.343573,6,Q758056,6692632,attiki
GRC-2992,GR-69,True,GR,Greece,Ayion Oros,Mount Athos,mont Athos,Monte Athos,Όρος Άθως,Autonomous Monastic State,0,1,40.2922,24.1925,natural-earth,334.529,23.991222,40.124701,24.393809,40.449164,6,Q130321,736572,ayion-oros
GRC-2886,GR-G,True,GR,Greece,Dytiki Ellada,West Greece,Grèce-Occidentale,Grecia Occidental,Δυτικής Ελλάδος,Region,0,1,38.0299,21.7273,natural-earth,10929.19,20.72934,37.373068,22.372206,39.153941,6,Q170291,6697810,dytiki-ellada
GRC-2892,GR-C,True,GR,Greece,Dytiki Makedonia,West Macedonia,Macédoine-Occidentale,Macedonia Occidental,Δυτικής Μακεδονίας,Region,0,1,40.3834,21.4551,natural-earth,9702.802,20.739552,39.795194,22.171081,40.927994,6,Q165408,6697811,dytiki-makedonia
GRC-2883,GR-F,True,GR,Greece,Ionioi Nisoi,Ionian Islands,Îles Ioniennes,Periferia de Islas Jónicas,Ιόνια νησιά,Region,0,1,38.2419,20.5554,natural-earth,2237.372,19.626475,37.651516,20.996349,39.82453,6,Q1147674,6697805,ionioi-nisoi
GRC-2949,GR-D,True,GR,Greece,Ipeiros,Epirus,Épire,Epiro,Ήπειρος,Region,0,1,39.6365,20.6925,natural-earth,8710.521,19.999848,38.9501,21.385083,40.326634,6,Q180484,6697804,ipeiros
GRC-2991,GR-B,True,GR,Greece,Kentriki Makedonia,Centre Macedonia,Macédoine-Centrale,Macedonia Central,Κεντρική Μακεδονία,Region,0,1,40.8836,22.8519,natural-earth,19212.536,21.692661,39.912665,24.12166,41.399903,6,Q17152,6697801,kentriki-makedonia
GRC-2990,GR-M,True,GR,Greece,Kriti,Crete,Crète,Creta,Κρήτη,Region,0,1,35.1921,25.0652,natural-earth,8315.018,23.51824,34.815009,26.321137,35.686957,6,Q34374,6697802,kriti
GRC-3013,GR-L,True,GR,Greece,Notio Aigaio,South Aegean,Égée-Méridionale,Egeo Meridional,Νοτίου Αιγαίου,Region,0,1,37.0538,25.4867,natural-earth,5036.375,24.275157,35.349351,28.239757,38.00023,6,Q173616,6697808,notio-aigaio
GRC-2885,GR-J,True,GR,Greece,Peloponnisos,Peloponnese,Péloponnèse,Periferia de Peloponeso,ΙΠελοπόννησος,Region,0,1,37.3319,22.3501,natural-earth,15516.796,21.567556,36.390937,23.442115,38.16295,6,Q202484,6697807,peloponnisos
GRC-2989,GR-H,True,GR,Greece,Stereá Elláda,Central Greece,Grèce-Centrale,Grecia Central,Κεντρική Ελλάδα,Region,0,1,38.6373,22.6102,natural-earth,15467.362,21.362345,37.960028,24.683849,39.243729,6,Q199580,6697800,sterea-ellada
GRC-2900,GR-E,True,GR,Greece,Thessalia,Thessalia,Thessalie,Tesalia,Θεσσαλία,Region,0,1,39.5322,22.1914,natural-earth,14119.454,21.110371,38.957028,24.094737,40.173621,6,Q166919,6697809,thessalia
GRC-2988,GR-K,True,GR,Greece,Voreio Aigaio,North Aegean,Égée-Septentrionale,Egeo Septentrional,Βορείου Αιγαίου,Region,0,1,39.9531,25.2262,natural-earth,3806.495,24.973643,37.51317,27.067882,40.0362,6,Q173620,6697806,voreio-aigaio
SGS+00?,GS-X01,False,GS,South Georgia and the Islands,South Georgia and the South Sandwich Islands,South Georgia and the South Sandwich Islands,Géorgie du Sud et les Îles Sandwich du Sud,Islas Georgias del Sur y Sandwich del Sur,,,0,1,-59.4548,-27.1942,natural-earth,3940.567,-42.119008,-59.472752,-26.239329,-53.457127,20,,0,south-georgia-and-the-south-sandwich-islands
GTM-1948,GT-AV,True,GT,Guatemala,Alta Verapaz,Alta Verapaz,Alta Verapaz,Alta Verapaz,,Department,0,1,15.6455,-90.1072,natural-earth,9948.036,-90.818146,15.151065,-89.396347,16.082378,7,Q504637,3599773,alta-verapaz
GTM-1942,GT-BV,True,GT,Guatemala,Baja Verapaz,Baja Verapaz,Baja Verapaz,Baja Verapaz,,Department,0,1,15.0766,-90.3946,natural-earth,2889.884,-90.871915,14.881521,-89.917374,15.295708,7,Q504647,3599602,baja-verapaz
GTM-1949,GT-CM,True,GT,Guatemala,Chimaltenango,Chimaltenango,Chimaltenango,Chimaltenango,,Department,0,1,14.7313,-90.8859,natural-earth,1739.097,-91.114149,14.382843,-90.657613,14.941879,9,Q765975,3598571,chimaltenango
GTM-1960,GT-CQ,True,GT,Guatemala,Chiquimula,Chiquimula,Chiquimula,Chiquimula,,Department,0,1,14.6668,-89.4399,natural-earth,2382.703,-89.736352,14.415478,-89.142694,14.94932,9,Q753037,3598464,chiquimula
GTM-1956,GT-PR,True,GT,Guatemala,El Progreso,El Progreso,El Progreso,El Progreso,,Department,0,1,14.9038,-90.0911,natural-earth,1926.151,-90.417602,14.674298,-89.764567,15.15985,9,Q795591,3596416,el-progreso
GTM-1950,GT-ES,True,GT,Guatemala,Escuintla,Escuintla,Escuintla,Escuintla,,Department,0,1,14.1674,-91.0243,natural-earth,4816.919,-91.551869,13.911135,-90.51571,14.489297,9,Q795587,3595802,escuintla
GTM-1951,GT-GU,True,GT,Guatemala,Guatemala,Guatemala,Guatemala,Guatemala,,Department,0,1,14.6006,-90.4872,natural-earth,2215.555,-90.765229,14.256236,-90.209088,14.917023,9,Q695660,3595530,guatemala
GTM-1943,GT-HU,True,GT,Guatemala,Huehuetenango,Huehuetenango,Huehuetenango,Huehuetenango,,Department,0,1,15.6369,-91.5504,natural-earth,7318.423,-92.105931,15.155974,-90.994798,16.069869,9,Q842266,3595415,huehuetenango
GTM-1959,GT-IZ,True,GT,Guatemala,Izabal,Izabal,Izabal,Izabal,,Department,0,1,15.5246,-88.9414,natural-earth,8666.952,-89.661369,15.071284,-88.220937,15.969631,7,Q693658,3595259,izabal
GTM-1961,GT-JA,True,GT,Guatemala,Jalapa,Jalapa,Jalapa,Jalapa,,Department,0,1,14.6255,-89.9727,natural-earth,1995.131,-90.285207,14.433486,-89.660232,14.877645,9,Q795441,3595236,jalapa
GTM-1962,GT-JU,True,GT,Guatemala,Jutiapa,Jutiapa,Jutiapa,Jutiapa,,Department,0,1,14.2384,-89.8946,natural-earth,3335.544,-90.292855,13.731404,-89.496148,14.577612,9,Q765984,3595067,jutiapa
GTM-1944,GT-PE,True,GT,Guatemala,Petén,Petén,Petén,Petén,,Department,0,1,16.888,-90.0321,natural-earth,36179.988,-91.442502,15.842108,-89.149205,17.81602,7,Q466061,3591410,peten
GTM-1945,GT-QZ,True,GT,Guatemala,Quezaltenango,Quetzaltenango,Quetzaltenango,Quetzaltenango,,Department,0,1,14.7269,-91.7831,natural-earth,1922.023,-92.137962,14.511724,-91.42829,15.22088,9,Q844502,3590978,quezaltenango
GTM-3467,GT-QC,True,GT,Guatemala,Quiché,Quiché,Quiché,Quiché,,Department,0,1,15.5049,-90.8819,natural-earth,7078.702,-91.332223,14.807107,-90.431503,16.07926,9,Q669802,3590964,quiche
GTM-1946,GT-RE,True,GT,Guatemala,Retalhuleu,Retalhuleu,Retalhuleu,Retalhuleu,,Department,0,1,14.3957,-91.8364,natural-earth,2001.592,-92.162395,14.117349,-91.510507,14.740134,9,Q888307,3590857,retalhuleu
GTM-1953,GT-SA,True,GT,Guatemala,Sacatepéquez,Sacatepéquez,Sacatepéquez,Sacatepéquez,,Department,0,1,14.6139,-90.7545,natural-earth,685.531,-90.891475,14.404909,-90.61759,14.77791,7,Q508804,3590686,sacatepequez
GTM-1947,GT-SM,True,GT,Guatemala,San Marcos,San Marcos,San Marcos,San Marcos,,Department,0,1,15.0311,-91.9311,natural-earth,3639.526,-92.246257,14.487326,-91.616108,15.454469,9,Q883907,3589801,san-marcos
GTM-1957,GT-SR,True,GT,Guatemala,Santa Rosa,Santa Rosa,Santa Rosa,Santa Rosa,,Department,0,1,14.1651,-90.3389,natural-earth,3105.309,-90.627434,13.788716,-90.050338,14.519062,7,Q885656,3589172,santa-rosa
GTM-1954,GT-SO,True,GT,Guatemala,Sololá,Sololá,Sololá,Sololá,,Department,0,1,14.7372,-91.2727,natural-earth,1133.623,-91.476607,14.530431,-91.068828,14.910666,9,Q178136,3588697,solola
GTM-1952,GT-SU,True,GT,Guatemala,Suchitepéquez,Suchitepéquez,Suchitepéquez,Suchitepéquez,,Department,0,1,14.5182,-91.3803,natural-earth,2315.646,-91.665226,14.04829,-91.09539,14.739566,7,Q883734,3588668,suchitepequez
GTM-1955,GT-TO,True,GT,Guatemala,Totonicapán,Totonicapán,Totonicapán,Totonicapán,,Department,0,1,15.0474,-91.3884,natural-earth,1308.388,-91.593887,14.817649,-91.182982,15.264908,9,Q885644,3588257,totonicapan
GTM-1963,GT-ZA,True,GT,Guatemala,Zacapa,Zacapa,Zacapa,Zacapa,,Department,0,1,15.0329,-89.5127,natural-earth,2587.245,-89.877997,14.779873,-89.14694,15.302891,9,Q780784,3587586,zacapa
GUM+00?,GU-X01,False,GU,Guam,Guam,Guam,Guam,Guam,,,0,1,13.4733,144.789,natural-earth,566.328,144.624197,13.241034,144.952159,13.65412,20,Q16635,0,guam
GNB-776,GW-BA,True,GW,Guinea Bissau,Bafatá,Bafatá,Bafatá,Bafatá,,Region,0,1,12.1429,-14.707,natural-earth,5985.831,-15.070909,11.597639,-14.343108,12.678109,7,Q799791,2375255,bafata
GNB-5500,GW-BM,True,GW,Guinea Bissau,Biombo,Biombo,Biombo,Biombo,,Region,0,1,11.8108,-15.7839,natural-earth,857.607,-16.165517,11.734809,-15.624131,12.031462,7,Q872228,2374820,biombo
GNB-769,GW-BS,True,GW,Guinea Bissau,Bissau,Bissau,Bissau,Bisáu,,Autonomous Sector,0,1,11.8919,-15.6119,natural-earth,128.193,-15.678288,11.804753,-15.545557,11.965885,9,Q3739,2374776,bissau
GNB-770,GW-BL,True,GW,Guinea Bissau,Bolama,Bolama,Bolama-Bijagos,Bolama,,Region,0,1,11.5187,-15.962,natural-earth,1388.34,-16.426259,11.028957,-15.336293,11.692672,7,Q151909,2374689,bolama
GNB-771,GW-CA,True,GW,Guinea Bissau,Cacheu,Cacheu,Cacheu,Cacheu,,Region,0,1,12.19,-16.0628,natural-earth,4621.203,-16.728437,11.885443,-15.397272,12.557122,7,Q780838,2374312,cacheu
GNB-777,GW-GA,True,GW,Guinea Bissau,Gabú,Gabú,Gabu,Gabú,,Region,0,1,12.1569,-14.1098,natural-earth,8864.151,-14.558356,11.560575,-13.660712,12.675897,7,Q872212,2372533,gabu
GNB-772,GW-OI,True,GW,Guinea Bissau,Oio,Oio,Oio,Oio,,Region,0,1,12.2794,-15.3013,natural-earth,5386.478,-15.752806,11.898084,-14.849708,12.679434,8,Q853991,2371071,oio
GNB-773,GW-QU,True,GW,Guinea Bissau,Quinara,Quinara,Quinara,Quinara,,Region,0,1,11.5576,-15.1905,natural-earth,2570.46,-15.551381,11.333889,-14.829787,11.940131,8,Q862617,2370360,quinara
GNB-778,GW-TO,True,GW,Guinea Bissau,Tombali,Tombali,Tombali,Tombali,,Region,0,1,11.2932,-14.9293,natural-earth,3155.051,-15.42634,10.927639,-14.432268,11.698614,8,Q1047255,2368955,tombali
GUY-675,GY-BA,True,GY,Guyana,Barima-Waini,Barima-Waini,Barima-Waini,Barima-Waini,,Region,0,1,7.74233,-59.7502,natural-earth,19883.998,-60.730578,6.95061,-58.780666,8.55801,6,Q537740,3379515,barima-waini
GUY-680,GY-CU,True,GY,Guyana,Cuyuni-Mazaruni,Cuyuni-Mazaruni,Cuyuni-Mazaruni,Cuyuni-Mazaruni,,Region,0,1,7.16881,-58.8206,natural-earth,5589.318,-59.177183,6.713957,-58.464223,7.665077,6,Q1146777,3376407,cuyuni-mazaruni
GUY-678,GY-DE,True,GY,Guyana,Demerara-Mahaica,Demerara-Mahaica,Demerara-Mahaica,Demerara-Mahaica,,Region,0,1,6.54128,-58.3773,natural-earth,3197.824,-58.833561,6.105855,-58.173498,6.977647,6,Q1185362,3378741,demerara-mahaica
GUY-677,GY-EB,True,GY,Guyana,East Berbice-Corentyne,East Berbice-Corentyne,Berbice oriental-Courantyne,Berbice Oriental-Corentyne,,Region,0,1,6.56415,-58.0942,natural-earth,2125.156,-58.30597,6.079862,-57.882379,6.832221,6,Q1277758,3378950,east-berbice-corentyne
GUY-679,GY-ES,True,GY,Guyana,Essequibo Islands-West Demerara,Mahaica-Berbice,Mahaica-Berbice,Mahaica-Berbice,,Region,0,1,6.23705,-57.8277,natural-earth,3846.277,-58.136343,5.839489,-57.519093,6.712827,6,Q1466671,3377274,essequibo-islands-west-demerara
GUY-671,GY-MA,True,GY,Guyana,Mahaica-Berbice,Mahaica-Berbice,Mahaica-Berbice,Mahaica-Berbice,,Region,0,1,2.56716,-57.4923,natural-earth,36479.376,-58.50216,1.453781,-56.481819,6.339505,6,Q1466671,3378840,mahaica-berbice
GUY-676,GY-PM,True,GY,Guyana,Pomeroon-Supenaam,Pomeroon-Supenaam,Pomeroon-Supenaam,Pomeroon-Supenaam,,Region,0,1,6.18361,-59.9838,natural-earth,48175.795,-61.396713,5.155394,-58.570244,7.193153,6,Q680382,3379023,pomeroon-supenaam
GUY-672,GY-PT,True,GY,Guyana,Potaro-Siparuni,Potaro-Siparuni,Potaro-Siparuni,Potaro-Siparuni,,Region,0,1,4.93151,-59.2238,natural-earth,20666.007,-60.16485,3.999549,-58.282173,5.709083,6,Q1454035,3376386,potaro-siparuni
GUY-674,GY-UD,True,GY,Guyana,Upper Demerara-Berbice,Upper Demerara-Berbice,Haut-Demerara-Berbice,Alto Demerara-Berbice,,Region,0,1,2.6693,-58.9648,natural-earth,55606.166,-60.00008,1.18582,-57.928913,4.508976,6,Q1309042,3375463,upper-demerara-berbice
GUY-673,GY-UT,True,GY,Guyana,Upper Takutu-Upper Essequibo,Upper Takutu-Upper Essequibo,Haut-Takutu-Haut-Essequibo,Alto Tacutu-Alto Esequibo,,Region,0,1,5.36479,-58.2455,natural-earth,16569.467,-58.884927,4.613776,-57.606013,6.464877,6,Q1516381,3375469,upper-takutu-upper-essequibo
HKG-5153,HK-X01,False,HK,Hong Kong S.A.R.,Central and Western,Central and Western District,Central and Western District,Central y Occidental,,,0,1,22.2741,114.144,natural-earth,11.325,114.112559,22.257383,114.165701,22.288723,20,,7533598,central-and-western
HKG-5155,HK-X03,False,HK,Hong Kong S.A.R.,Eastern,Siu Ma Shan,Este,Oriental,,,0,1,22.2706,114.213,natural-earth,17.136,114.178884,22.248887,114.251475,22.291856,20,,7533608,eastern
HKG-5170,HK-X18,False,HK,Hong Kong S.A.R.,Islands,Lantau Island,Islands,Islas,,,0,1,22.2597,113.954,natural-earth,152.114,113.837332,22.177069,114.154633,22.316164,20,,1819708,islands
HKG-5158,HK-X06,False,HK,Hong Kong S.A.R.,Kowloon City,Kowloon City,Kowloon City,Ciudad de Kowloon,,,0,1,22.3268,114.19,natural-earth,13.076,114.170032,22.291083,114.214854,22.347988,20,,7533612,kowloon-city
HKG-5164,HK-X12,False,HK,Hong Kong S.A.R.,Kwai Tsing,Kwai Tsing,Kwai Tsing,Kwai Tsing,,,0,1,22.351,114.14,natural-earth,12.531,114.112488,22.331999,114.159479,22.379893,20,,7533615,kwai-tsing
HKG-5161,HK-X09,False,HK,Hong Kong S.A.R.,Kwun Tong,Kwun Tong,Kwun Tong,Kwun Tong,,,0,1,22.3159,114.225,natural-earth,12.869,114.205159,22.281684,114.243448,22.334539,20,,7533614,kwun-tong
HKG-5168,HK-X16,False,HK,Hong Kong S.A.R.,North,North District,Nord,Norte,,,0,1,22.5063,114.148,natural-earth,132.027,114.082367,22.468069,114.332774,22.563946,20,,7533617,north
HKG-5162,HK-X10,False,HK,Hong Kong S.A.R.,Sai Kung,Sai Kung,Sai Kung,Sai Kung,,,0,1,22.3463,114.249,natural-earth,111.743,114.223094,22.258287,114.401296,22.446275,20,,1819049,sai-kung
HKG-5163,HK-X11,False,HK,Hong Kong S.A.R.,Sha Tin,Sha Tin,Sha Tin,Sha Tin,,,0,1,22.3807,114.2,natural-earth,63.991,114.150524,22.341871,114.251966,22.435533,20,,7533618,sha-tin
HKG-5159,HK-X07,False,HK,Hong Kong S.A.R.,Sham Shui Po,Sham Shui Po,Sham Shui Po,Sham Shui Po,,,0,1,22.3331,114.164,natural-earth,5.539,114.145684,22.322252,114.176275,22.344779,20,,7533611,sham-shui-po
HKG-5156,HK-X04,False,HK,Hong Kong S.A.R.,Southern,Southern District,Sud,Meridional,,,0,1,22.2402,114.204,natural-earth,47.228,114.112559,22.189561,114.256114,22.271511,20,,7533609,southern
HKG-5169,HK-X17,False,HK,Hong Kong S.A.R.,Tai Po,Tai Po,Tai Po,Tai Po,,,0,1,22.4447,114.154,natural-earth,133.592,114.125554,22.3955,114.367849,22.511949,20,,1818672,tai-po
HKG-5165,HK-X13,False,HK,Hong Kong S.A.R.,Tsuen Wan,Tsuen Wan,Tsuen Wan,Tsuen Wan,,,0,1,22.3869,114.12,natural-earth,69.999,113.995632,22.315835,114.173153,22.417825,20,,1818458,tsuen-wan
HKG-5166,HK-X14,False,HK,Hong Kong S.A.R.,Tuen Mun,Tuen Mun,Tuen Mun,Tuen Mun,,,0,1,22.3846,113.991,natural-earth,64.388,113.896983,22.350369,114.035817,22.426785,20,,7533616,tuen-mun
HKG-5154,HK-X02,False,HK,Hong Kong S.A.R.,Wan Chai,Wan Chai,Wan Chai,Wan Chai,,,0,1,22.2699,114.178,natural-earth,6.054,114.162485,22.258232,114.195002,22.279364,20,,7533607,wan-chai
HKG-5160,HK-X08,False,HK,Hong Kong S.A.R.,Wong Tai Sin,Wong Tai Sin District,Wong Tai Sin,Wong Tai Sin,,,0,1,22.3432,114.215,natural-earth,8.451,114.18562,22.333074,114.234018,22.355703,20,,7533613,wong-tai-sin
HKG-5157,HK-X05,False,HK,Hong Kong S.A.R.,Yau Tsim Mong,Yau Tsim Mong,Yau Tsim Mong,Yau Tsim Mong,,,0,1,22.3128,114.169,natural-earth,3.93,114.159516,22.288723,114.177055,22.323053,20,,7533610,yau-tsim-mong
HKG-5167,HK-X15,False,HK,Hong Kong S.A.R.,Yuen Long,Yuen Long,Yuen Long,Yuen Long,,,0,1,22.4415,114.058,natural-earth,172.843,113.94101,22.382234,114.1396,22.522935,20,,1818224,yuen-long
HMD+00?,HM-X01,False,HM,Heard Island and McDonald Islands,Heard Island and McDonald Islands,Heard Island and McDonald Islands,Îles Heard et McDonald,Islas Heard y McDonald,,,0,1,-53.1036,73.5247,natural-earth,393.219,73.236013,-53.19256,73.812185,-52.961602,20,,6620381,heard-island-and-mcdonald-islands
HND-637,HN-AT,True,HN,Honduras,Atlántida,Atlántida,Atlántida,Atlántida,,Department,0,1,15.6343,-87.0783,natural-earth,4535.26,-87.794868,15.426552,-86.361674,15.935492,7,Q622619,3615027,atlantida
HND-661,HN-CH,True,HN,Honduras,Choluteca,Choluteca,Choluteca,Choluteca,,Department,0,1,13.2587,-87.1074,natural-earth,4498.473,-87.512237,12.979777,-86.701861,13.760607,9,Q899272,3613527,choluteca
HND-638,HN-CL,True,HN,Honduras,Colón,Colón,Colón,Colón,,Department,0,1,15.7786,-85.7236,natural-earth,8334.319,-86.44725,15.068745,-84.999948,16.033149,7,Q867117,3613358,colon
HND-646,HN-CM,True,HN,Honduras,Comayagua,Comayagua,Comayagua,Comayagua,,Department,0,1,14.6577,-87.678,natural-earth,5121.146,-88.077874,14.051029,-87.208341,15.057634,9,Q823443,3613319,comayagua
HND-651,HN-CP,True,HN,Honduras,Copán,Copán,Copán,Copán,,Department,0,1,14.8909,-88.9362,natural-earth,3294.986,-89.23243,14.500304,-88.639287,15.299962,9,Q843984,3613229,copan
HND-647,HN-CR,True,HN,Honduras,Cortés,Cortés,Cortés,Cortés,,Department,0,1,15.5336,-88.0359,natural-earth,3985.346,-88.467434,14.803541,-87.725157,15.921022,7,Q767244,3613140,cortes
HND-662,HN-EP,True,HN,Honduras,El Paraíso,El Paraíso,El Paraíso,El Paraíso,,Department,0,1,14.037,-86.5592,natural-earth,7654.212,-87.224128,13.505791,-85.563146,14.423823,7,Q867108,3610942,el-paraiso
HND-639,HN-FM,True,HN,Honduras,Francisco Morazán,Francisco Morazán,Francisco Morazán,Francisco Morazán,,Department,0,1,14.3474,-87.1815,natural-earth,8619.381,-87.649399,13.660045,-86.713565,15.031899,7,Q867126,3609672,francisco-morazan
HND-640,HN-GD,True,HN,Honduras,Gracias a Dios,Gracias a Dios,Gracias a Dios,Gracias a Dios,,Department,0,1,15.1219,-84.3701,natural-earth,16100.259,-84.999949,14.619471,-83.130444,15.987942,7,Q867112,3609583,gracias-a-dios
HND-648,HN-IN,True,HN,Honduras,Intibucá,Intibucá,Intibucá,Intibucá,,Department,0,1,14.3981,-88.1754,natural-earth,3149.991,-88.502293,13.851197,-87.847785,14.664842,7,Q262125,3608833,intibuca
HND-641,HN-IB,True,HN,Honduras,Islas de la Bahía,Bay Islands,Islas de la Bahía,Islas de la Bahía,,Department,0,1,16.1048,-86.9319,natural-earth,258.251,-86.997405,16.066388,-83.912343,17.418647,7,Q751725,3608814,islas-de-la-bahia
HND-649,HN-LP,True,HN,Honduras,La Paz,La Paz,La Paz,La Paz,,Department,0,1,14.138,-87.9144,natural-earth,2611.753,-88.232232,13.834195,-87.596586,14.429094,9,Q866886,3607251,la-paz
HND-652,HN-LE,True,HN,Honduras,Lempira,Lempira,Lempira,Lempira,,Department,0,1,14.4408,-88.6478,natural-earth,4310.829,-88.978879,13.969068,-88.3168,14.941672,7,Q744138,3606066,lempira
HND-653,HN-OC,True,HN,Honduras,Ocotepeque,Ocotepeque,Ocotepeque,Ocotepeque,,Department,0,1,14.5248,-89.0399,natural-earth,1686.033,-89.363791,14.210176,-88.715329,14.72892,9,Q867084,3604318,ocotepeque
HND-642,HN-OL,True,HN,Honduras,Olancho,Olancho,Olancho,Olancho,,Department,0,1,14.8052,-85.9937,natural-earth,23979.723,-86.987476,14.042012,-84.999948,15.584992,7,Q867089,3604249,olancho
HND-650,HN-SB,True,HN,Honduras,Santa Bárbara,Santa Bárbara,Santa Bárbara,Santa Bárbara,,Department,0,1,15.0527,-88.33,natural-earth,5102.749,-88.760899,14.64877,-87.985813,15.540447,9,Q591139,3601689,santa-barbara
HND-645,HN-VA,True,HN,Honduras,Valle,Valle,Valle,Valle,,Department,0,1,13.5753,-87.5992,natural-earth,1602.43,-87.817169,13.249172,-87.347789,13.849904,7,Q867097,3600456,valle
HND-643,HN-YO,True,HN,Honduras,Yoro,Yoro,Yoro,Yoro,,Department,0,1,15.233,-87.206,natural-earth,7796.453,-87.935118,14.897747,-86.232896,15.721005,9,Q1123380,3600193,yoro
HRV-1607,HR-07,True,HR,Croatia,Bjelovarsko-bilogorska,Bjelovar-Bilogora,Bjelovar-Bilogora,Bjelovar-Bilogora,,County,0,1,45.7207,16.9948,natural-earth,2666.236,16.496699,45.467664,17.492917,46.081632,9,Q58060,3337511,bjelovarsko-bilogorska
HRV-1602,HR-12,True,HR,Croatia,Brodsko-Posavska,Brod-Posavina,Brod-Posavina,Brod-Posavina,,County,0,1,45.1454,17.8112,natural-earth,1838.361,17.081573,45.055287,18.541121,45.387256,9,Q58129,3337512,brodsko-posavska
HRV-1604,HR-12,True,HR,Croatia,Brodsko-Posavska,Požega-Slavonia,Požega-Slavonie,Požega-Eslavonia,,County,0,1,45.3863,17.6849,natural-earth,2387.571,16.925923,45.185563,18.44397,45.63029,9,Q58111,3337512,brodsko-posavska
HRV-1490,HR-19,True,HR,Croatia,Dubrovacko-Neretvanska,Dubrovnik-Neretva,Dubrovnik-Neretva,Dubrovnik-Neretva,,County,0,1,42.761,16.8699,natural-earth,1442.739,16.631684,42.416327,18.497816,43.156849,9,Q58289,3337513,dubrovacko-neretvanska
HRV-1589,HR-21,True,HR,Croatia,Grad Zagreb,Zagreb,Zagreb,Zagreb,,City,0,1,45.8251,15.9958,natural-earth,702.648,15.765839,45.622384,16.226845,45.970373,9,Q1435,3337532,grad-zagreb
HRV-1592,HR-18,True,HR,Croatia,Istarska,Istria,Comitat d'Istrie,Istria,,County,0,1,45.1248,13.8682,natural-earth,2769.805,13.501475,44.772406,14.234682,45.514226,9,Q58268,3337514,istarska
HRV-1583,HR-04,True,HR,Croatia,Karlovacka,Karlovac,Karlovac,Karlovac,,County,0,1,45.3396,15.4054,natural-earth,3286.688,14.968265,44.878553,15.842527,45.695299,9,Q57071,3337515,karlovacka
HRV-1608,HR-06,True,HR,Croatia,Koprivničko-Križevačka,Koprivnica-Križevci,Koprivnica-Križevci,Koprivnica-Križevci,,County,0,1,46.1914,16.831,natural-earth,1669.994,16.345442,45.870275,17.316803,46.364758,9,Q58026,3337518,koprivnicko-krizevacka
HRV-1582,HR-02,True,HR,Croatia,Krapinsko-Zagorska,Krapina-Zagorje,Krapina-Zagorje,Krapina-Zagorje,,County,0,1,46.0883,15.9228,natural-earth,1271.013,15.58988,45.911048,16.255887,46.259308,9,Q57056,3337519,krapinsko-zagorska
HRV-1584,HR-09,True,HR,Croatia,Licko-Senjska,Lika-Senj,Lika-Senj,Lika-Senj,,County,0,1,44.7521,15.2031,natural-earth,3753.942,14.733653,44.29914,15.653494,45.126858,9,Q58081,3337520,licko-senjska
HRV-1609,HR-20,True,HR,Croatia,Medimurska,Međimurje,Međimurje,Međimurje,,County,0,1,46.398,16.5464,natural-earth,808.228,16.233665,46.280948,16.859411,46.546979,9,Q58330,3337521,medimurska
HRV-1603,HR-14,True,HR,Croatia,Osjecko-Baranjska,Osijek-Baranja,Osijek-Baranja,Osijek-Baranja,,County,0,1,45.4948,18.506,natural-earth,3573.259,17.906234,45.190524,19.106255,45.931203,9,Q58159,3337522,osjecko-baranjska
HRV-1586,HR-08,True,HR,Croatia,Primorsko-Goranska,Primorje-Gorski,Primorje-Gorski,Primorje-Gorski,,County,0,1,45.3736,14.6925,natural-earth,3384.852,14.116224,44.482245,15.234399,45.667808,9,Q58071,3337524,primorsko-goranska
HRV-1587,HR-03,True,HR,Croatia,Sisacko-Moslavacka,Sisak-Moslavina,Sisak-Moslavina,Sisak-Moslavina,,County,0,1,45.4687,16.4156,natural-earth,5052.483,15.63055,45.001234,17.200584,45.823095,9,Q57060,3337526,sisacko-moslavacka
HRV-1492,HR-17,True,HR,Croatia,Splitsko-Dalmatinska,Split-Dalmatia,Split-Dalmatie,Split-Dalmacia,,County,0,1,43.5266,16.788,natural-earth,4193.205,16.012796,43.011461,17.450913,43.970236,9,Q58253,3337527,splitsko-dalmatinska
HRV-1610,HR-05,True,HR,Croatia,Varaždinska,Varaždin,Varaždin,Varaždin,,County,0,1,46.1918,16.3267,natural-earth,1187.081,15.879323,46.012592,16.774305,46.394714,9,Q57967,3337528,varazdinska
HRV-1606,HR-10,True,HR,Croatia,Viroviticko-Podravska,Virovitica-Podravina,Virovitica-Podravina,Virovitica-Podravina,,County,0,1,45.7303,17.6078,natural-earth,2082.079,17.132319,45.470196,18.083217,45.984636,9,Q58092,3337533,viroviticko-podravska
HRV-1605,HR-16,True,HR,Croatia,Vukovarsko-Srijemska,Vukovar-Syrmia,Vukovar-Syrmie,Vukovar-Srijem,,County,0,1,45.1467,18.9549,natural-earth,2343.03,18.502313,44.86119,19.407838,45.481307,9,Q58225,3337529,vukovarsko-srijemska
HRV-1493,HR-13,True,HR,Croatia,Zadarska,Zadar,Zadar,Zadar,,County,0,1,44.2007,15.7536,natural-earth,6055.779,14.595063,43.863731,16.527446,44.950125,9,Q58146,3337530,zadarska
HRV-1588,HR-01,True,HR,Croatia,Zagrebacka,Zagreb,Zagreb,Zagreb,,County,0,1,45.7203,15.5948,natural-earth,2672.898,15.248919,45.472729,16.695963,46.063752,9,Q27038,3337531,zagrebacka
HRV-1491,HR-15,True,HR,Croatia,Šibensko-Kninska,Šibenik-Knin,Šibenik-Knin,Šibenik-Knin,,County,0,1,43.7911,16.0356,natural-earth,1758.346,15.227794,43.497138,16.432,44.034729,9,Q58194,3337525,sibensko-kninska
HTI-1385,HT-CE,True,HT,Haiti,Centre,Centre,Centre,Centro,,Department,0,1,19.029,-72.0025,natural-earth,3489.777,-72.36519,18.680682,-71.639111,19.335771,7,Q844528,3728069,centre
HTI-1359,HT-GA,True,HT,Haiti,Grand'Anse,Grand'Anse,Grand'Anse,Grand’Anse,,Department,0,1,18.5137,-74.1273,natural-earth,1888.235,-74.489166,18.36012,-73.714589,18.670315,7,Q913231,3724613,grand-anse
HTI-1384,HT-AR,True,HT,Haiti,L'Artibonite,Artibonite,Artibonite,Artibonito,,Department,0,1,19.3089,-72.5089,natural-earth,4969.796,-73.12181,18.86443,-72.200058,19.810781,7,Q844024,3731053,l-artibonite
HTI-1360,HT-NI,True,HT,Haiti,Nippes,Nippes,Nippes,Nippes,,Department,0,1,18.4297,-73.3909,natural-earth,1207.2,-73.784044,18.220904,-72.997735,18.587633,7,Q125232,7115999,nippes
HTI-1387,HT-ND,True,HT,Haiti,Nord,Nord,Nord,Norte,,Department,0,1,19.6412,-72.3274,natural-earth,2055.95,-72.675843,19.258308,-71.978883,19.875721,7,Q943932,3719543,nord
HTI-1386,HT-NE,True,HT,Haiti,Nord-Est,Nord-Est,Nord-Est,Noreste,,Department,0,1,19.4929,-71.9088,natural-earth,1563.254,-72.113706,19.275465,-71.70319,19.732327,7,Q928694,3719540,nord-est
HTI-1361,HT-NO,True,HT,Haiti,Nord-Ouest,Nord-Ouest,Nord-Ouest,Noroeste,,Department,0,1,19.8257,-73.0166,natural-earth,2105.784,-73.468129,19.614936,-72.565177,20.089789,7,Q608361,3719536,nord-ouest
HTI-1388,HT-OU,True,HT,Haiti,Ouest,Ouest,Ouest,Oeste,,Department,0,1,18.5501,-72.2399,natural-earth,4983.801,-73.299631,18.262968,-71.709339,18.972847,7,Q1434621,3719432,ouest
HTI-1362,HT-SD,True,HT,Haiti,Sud,Sud,Sud,Sur,,Department,0,1,18.2929,-73.7855,natural-earth,2676.087,-74.452648,18.025946,-73.006934,18.429315,7,Q936704,3716952,sud
HTI-1389,HT-SE,True,HT,Haiti,Sud-Est,Sud-Est,Sud-Est,Sureste,,Department,0,1,18.2947,-72.3683,natural-earth,2034.354,-73.014504,18.039252,-71.721112,18.401513,7,Q936717,3716950,sud-est
HU-central-hungary,,False,HU,Hungary,Central Hungary,Central Hungary,,,,,3,1,47.488017,19.195013,polylabel,6922.101,18.684989,46.945507,20.202106,48.054349,7,,,central-hungary
HU-central-transdanubia,,False,HU,Hungary,Central Transdanubia,Central Transdanubia,,,,,7,1,47.34238,18.327163,polylabel,11739.776,17.098006,46.649246,18.967969,47.832194,7,,,central-transdanubia
HU-great-southern-plain,,False,HU,Hungary,Great Southern Plain,Great Southern Plain,,,,,7,1,46.598065,19.46265,polylabel,18390.012,18.785758,45.905582,21.671369,47.23598,7,,,great-southern-plain
HU-northern-great-plain,,False,HU,Hungary,Northern Great Plain,Northern Great Plain,,,,,6,1,47.568645,21.476643,polylabel,17504.103,19.664567,46.764355,22.877601,48.418157,7,,,northern-great-plain
HU-northern-hungary,,False,HU,Hungary,Northern Hungary,Northern Hungary,,,,,6,1,48.081016,20.693187,polylabel,13175.648,18.933595,47.425219,22.158263,48.569233,7,,,northern-hungary
HU-southern-transdanubia,,False,HU,Hungary,Southern Transdanubia,Southern Transdanubia,,,,,6,1,46.324206,17.962115,polylabel,14212.735,16.879312,45.741343,19.001766,46.971965,7,,,southern-transdanubia
HU-western-transdanubia,,False,HU,Hungary,Western Transdanubia,Western Transdanubia,,,,,8,1,46.801045,16.786302,polylabel,11002.239,16.094035,46.301774,17.929066,48.020274,7,,,western-transdanubia
IDN-1136,ID-AC,True,ID,Indonesia,Aceh,Aceh,Aceh,Aceh,,Autonomous Province,0,1,4.41533,96.9956,natural-earth,56165.978,95.012706,2.014716,98.282481,5.910102,6,Q1823,1215638,aceh
IDN-1232,ID-BA,True,ID,Indonesia,Bali,Bali,Bali,Bali,,Province,0,1,-8.3412,115.179,natural-earth,5608.723,114.447927,-8.851821,115.714203,-8.055108,2,Q3125978,1650535,bali
IDN-1231,ID-BB,True,ID,Indonesia,Bangka-Belitung,Bangka Belitung Islands,Îles Bangka Belitung,Bangka-Belitung,,Province,0,1,-2.95817,106.819,natural-earth,16613.119,105.125499,-3.242446,108.293712,-1.48919,2,Q1866,1923047,bangka-belitung
IDN-1226,ID-BT,True,ID,Indonesia,Banten,Banten,Banten,Bantén,,Province,0,1,-6.25794,106.167,natural-earth,9556.089,105.117686,-7.002699,106.766176,-5.881036,2,Q3540,1923045,banten
IDN-1225,ID-BE,True,ID,Indonesia,Bengkulu,Bengkulu,Bengkulu,Bengkulu,,Province,0,1,-3.48606,102.368,natural-earth,21092.415,101.026596,-5.499282,103.765274,-2.236246,7,Q1890,1649147,bengkulu
IDN-1837,ID-GO,True,ID,Indonesia,Gorontalo,Gorontalo,Gorontalo,Gorontalo,,Province,0,1,0.760501,122.331,natural-earth,11960.403,121.160439,0.297838,123.501072,1.027665,7,Q5067,1923046,gorontalo
IDN-1227,ID-JK,True,ID,Indonesia,Jakarta Raya,Jakarta,Jakarta,Yakarta,,Special district,0,1,-6.22462,106.837,natural-earth,819.568,106.684114,-6.381522,106.989315,-6.058852,9,Q3630,1642907,jakarta-raya
IDN-1930,ID-JA,True,ID,Indonesia,Jambi,Jambi,Jambi,Jambi,,Province,0,1,-1.65497,102.823,natural-earth,51160.594,101.113911,-2.782362,104.531586,-0.74618,6,Q2051,1642856,jambi
IDN-1223,ID-JB,True,ID,Indonesia,Jawa Barat,West Java,Java occidental,Java Occidental,,Province,0,1,-6.90763,107.638,natural-earth,37256.18,106.375365,-7.818501,108.89512,-5.914321,2,Q3724,1642672,jawa-barat
IDN-1224,ID-JT,True,ID,Indonesia,Jawa Tengah,Central Java,Java central,Java Central,,Province,0,1,-7.2901,109.896,natural-earth,34203.888,108.546894,-8.226372,111.672699,-5.831638,2,Q3557,1642669,jawa-tengah
IDN-1233,ID-JI,True,ID,Indonesia,Jawa Timur,East Java,Java oriental,Java Oriental,,Province,0,1,-7.88129,112.616,natural-earth,47449.173,110.94435,-8.777927,115.896007,-5.726007,2,Q3586,1642668,jawa-timur
IDN-1228,ID-KB,True,ID,Indonesia,Kalimantan Barat,West Kalimantan,Kalimantan occidental,Borneo Occidental,,Province,0,1,-0.063647,111.304,natural-earth,148814.992,108.677257,-3.080743,114.208926,2.083238,2,Q3916,1641900,kalimantan-barat
IDN-1234,ID-KS,True,ID,Indonesia,Kalimantan Selatan,South Kalimantan,Kalimantan du Sud,Borneo Meridional,,Province,0,1,-3.00713,115.451,natural-earth,38804.563,114.310683,-4.827813,116.57289,-1.360744,2,Q3906,1641899,kalimantan-selatan
IDN-1931,ID-KT,True,ID,Indonesia,Kalimantan Tengah,Central Kalimantan,Kalimantan central,Borneo Central,,Province,0,1,-1.84217,113.286,natural-earth,152715.232,110.754242,-3.572035,115.81658,0.740058,2,Q3891,1641898,kalimantan-tengah
IDN-1185,ID-KI,True,ID,Indonesia,Kalimantan Timur,East Kalimantan,Kalimantan oriental,Kalimantan Oriental,,Province,0,1,1.28915,116.354,natural-earth,196598.174,113.776394,-2.362976,119.011729,4.396787,2,Q3899,1641897,kalimantan-timur
IDN-1796,ID-KR,True,ID,Indonesia,Kepulauan Riau,Riau Islands,Îles Riau,Islas Riau,,Province,0,1,-0.142639,104.601,natural-earth,6839.517,103.314789,-0.661716,109.113943,4.772366,2,Q2223,1996551,kepulauan-riau
IDN-1229,ID-LA,True,ID,Indonesia,Lampung,Lampung,Lampung,Lampung,,Province,0,1,-4.919,105.059,natural-earth,33069.486,103.608153,-5.930434,105.909679,-3.751657,2,Q2110,1638535,lampung
IDN-554,ID-MA,True,ID,Indonesia,Maluku,Maluku,Moluques,Molucas,,Province,0,1,-8.24814,128.161,natural-earth,45145.047,125.774181,-8.351332,134.888194,-2.780043,2,Q5093,1636627,maluku
IDN-538,ID-MU,True,ID,Indonesia,Maluku Utara,North Maluku,Moluques du Nord,Molucas Septentrional,,Province,0,1,-2.28945,125.976,natural-earth,31504.464,124.300629,-2.474216,129.571544,2.633612,2,Q5094,1958070,maluku-utara
IDN-555,ID-NB,True,ID,Indonesia,Nusa Tenggara Barat,West Nusa Tenggara,Petites Îles de la Sonde occidentales,Nusatenggara Occidental,,Province,0,1,-8.57106,116.294,natural-earth,19726.958,115.828638,-9.107293,119.203624,-8.083266,2,Q5062,1633792,nusa-tenggara-barat
IDN-1235,ID-NT,True,ID,Indonesia,Nusa Tenggara Timur,East Nusa Tenggara,Petites Îles de la Sonde orientales,Nusatenggara Oriental,,Province,0,1,-8.58443,120.689,natural-earth,46643.185,118.935395,-10.922621,125.162365,-8.069594,2,Q5061,1633791,nusa-tenggara-timur
IDN-558,ID-PA,True,ID,Indonesia,Papua,Papua,Papouasie,Papúa,,Province,0,1,-4.10825,138.689,natural-earth,313966.419,134.233802,-9.106134,140.977627,-0.627618,2,Q5095,1643012,papua
IDN-1933,ID-PB,True,ID,Indonesia,Papua Barat,West Papua,Papouasie occidentale,Papúa Occidental,,Province,0,1,-1.32525,132.825,natural-earth,95752.022,129.714854,-4.300714,135.265108,1.075914,2,Q5096,1996549,papua-barat
IDN-492,ID-RI,True,ID,Indonesia,Riau,Riau,Riau,Riau,,Province,0,1,0.396892,101.745,natural-earth,88661.432,100.065706,-1.084946,103.813975,2.554551,2,Q2175,1629652,riau
IDN-1237,ID-SR,True,ID,Indonesia,Sulawesi Barat,West Sulawesi,Sulawesi occidental,Célebes Occidental,,Province,0,1,-2.69615,119.316,natural-earth,16710.916,118.757335,-3.573989,119.87349,-0.833692,2,Q5082,1996550,sulawesi-barat
IDN-1236,ID-SN,True,ID,Indonesia,Sulawesi Selatan,South Sulawesi,Sulawesi du Sud,Célebes Meridional,,Province,0,1,-3.7444,119.99,natural-earth,47013.143,119.352794,-7.416925,121.837087,-1.837665,2,Q5078,1626232,sulawesi-selatan
IDN-557,ID-ST,True,ID,Indonesia,Sulawesi Tengah,Central Sulawesi,Sulawesi central,Célebes Central,,Province,0,1,-1.30097,120.153,natural-earth,61002.36,119.48695,-3.245864,123.889659,1.353664,2,Q5065,1626231,sulawesi-tengah
IDN-556,ID-SG,True,ID,Indonesia,Sulawesi Tenggara,Southeast Sulawesi,Sulawesi du Sud-Est,Célebes Suroriental,,Province,0,1,-4.0746,122.119,natural-earth,34936.015,120.867686,-6.027439,124.073985,-2.865561,2,Q5075,1626230,sulawesi-tenggara
IDN-513,ID-SA,True,ID,Indonesia,Sulawesi Utara,North Sulawesi,Sulawesi du Nord,Célebes Septentrional,,Province,0,1,0.853039,124.446,natural-earth,14932.721,123.097191,0.266506,127.145763,5.565375,2,Q5068,1626229,sulawesi-utara
IDN-539,ID-SB,True,ID,Indonesia,Sumatera Barat,West Sumatra,Sumatra occidental,Sumatra Occidental,,Province,0,1,-0.642611,100.611,natural-earth,41841.337,98.593761,-3.334405,101.842549,0.88806,2,Q2772,1626197,sumatera-barat
IDN-1230,ID-SS,True,ID,Indonesia,Sumatera Selatan,South Sumatra,Sumatra du Sud,Sumatra Meridional,,Province,0,1,-3.3824,104.073,natural-earth,85078.036,102.066825,-4.946726,106.079763,-1.688941,2,Q2271,1626196,sumatera-selatan
IDN-381,ID-SU,True,ID,Indonesia,Sumatera Utara,North Sumatra,Sumatra du Nord,Sumatra Septentrional,,Province,0,1,2.36304,99.2161,natural-earth,73450.404,97.06365,-0.586602,100.443978,4.294777,2,Q2140,1213642,sumatera-utara
IDN-540,ID-YO,True,ID,Indonesia,Yogyakarta,Yogyakarta,Territoire spécial de Yogyakarta,Especial de Yogyakarta,,Special region,0,1,-7.83533,110.443,natural-earth,3053.86,110.04274,-8.200843,110.84356,-7.560055,7,Q3741,1621176,yogyakarta
IRL-77,IE-CW,True,IE,Ireland,Carlow,Carlow,Carlow,Carlow,,County,0,1,52.715,-6.79431,natural-earth,903.281,-7.092611,52.465945,-6.496006,52.915892,8,Q181882,2965767,carlow
IRL-79,IE-CN,True,IE,Ireland,Cavan,Cavan,Cavan,Cavan,,County,0,1,53.9623,-7.27176,natural-earth,1884.024,-8.048676,53.773359,-6.748291,54.298873,8,Q187402,2965534,cavan
IRL-76,IE-CE,True,IE,Ireland,Clare,Clare,Clare,Clare,,County,0,1,52.8909,-9.10704,natural-earth,3222.877,-9.93635,52.556708,-8.277913,53.166205,8,Q181862,2965479,clare
IRL-78,IE-CO,True,IE,Ireland,Cork,Cork,Cork,Cork,,County,0,1,51.9396,-8.83835,natural-earth,7169.861,-10.162831,51.445705,-7.851804,52.379232,9,Q162475,2965139,cork
IRL-5569,IE-CO,True,IE,Ireland,Cork,Cork,Cork,Cork,,City,0,1,51.8868,-8.47351,natural-earth,60.544,-8.5436,51.852151,-8.388499,51.92391,9,Q162475,7778678,cork
IRL-729,IE-DL,True,IE,Ireland,Donegal,Donegal,Donegal,Donegal,,County,0,1,54.8924,-8.02986,natural-earth,4769.363,-8.79776,54.463477,-6.939565,55.386379,9,Q179424,2964751,donegal
IRL-5575,IE-D,True,IE,Ireland,Dublin,Dublin,Dublin,Dublín,,County,0,1,53.3683,-6.26188,natural-earth,110.441,-6.377373,53.309633,-6.14977,53.423002,9,Q173500,7778677,dublin
IRL-5576,IE-D,True,IE,Ireland,Dún Laoghaire–Rathdown,Dún Laoghaire–Rathdown,Comté de Dun Laoghaire-Rathdown,Dún Laoghaire-Rathdown,,County,0,1,53.26,-6.18788,natural-earth,135.932,-6.28558,53.191947,-6.088938,53.31725,9,,6941716,dun-laoghaire-rathdown
IRL-5574,IE-D,True,IE,Ireland,Fingal,Fingal,Fingal,Fingal,,County,0,1,53.4927,-6.2769,natural-earth,418.104,-6.471459,53.359465,-6.050852,53.634469,9,Q520000,6693220,fingal
IRL-713,IE-G,True,IE,Ireland,Galway,Galway,Galway,Galway,,County,0,1,53.4045,-8.61598,natural-earth,5991.605,-10.203236,52.968343,-7.969198,53.717342,9,Q169923,2964179,galway
IRL-5568,IE-G,True,IE,Ireland,Galway,Galway,Galway,Galway,,City,0,1,53.302,-9.03273,natural-earth,67.241,-9.119875,53.261625,-8.909661,53.331943,9,Q169923,7778676,galway
IRL-725,IE-KY,True,IE,Ireland,Kerry,Kerry,Kerry,Kerry,,County,0,1,52.1195,-9.5547,natural-earth,4780.226,-10.478179,51.686561,-9.118172,52.577216,8,Q184469,2963517,kerry
IRL-721,IE-KE,True,IE,Ireland,Kildare,Kildare,Kildare,Kildare,,County,0,1,53.1364,-6.79999,natural-earth,1713.296,-7.143667,52.862665,-6.456319,53.449296,8,Q173332,2963435,kildare
IRL-722,IE-KK,True,IE,Ireland,Kilkenny,Kilkenny,Kilkenny,Kilkenny,,County,0,1,52.5758,-7.2941,natural-earth,2046.662,-7.668234,52.247354,-6.91996,52.888193,9,Q180231,2963397,kilkenny
IRL-723,IE-LS,True,IE,Ireland,Laoighis,Laois,Laois,Laois,,County,0,1,53.0116,-7.32962,natural-earth,1696.956,-7.728489,52.779828,-6.93076,53.208019,8,Q55299,2963031,laoighis
IRL-730,IE-LM,True,IE,Ireland,Leitrim,Leitrim,Leitrim,Leitrim,,County,0,1,54.0513,-7.99465,natural-earth,1610.799,-8.413977,53.808085,-7.57532,54.477973,8,Q107397,2962975,leitrim
IRL-726,IE-LK,True,IE,Ireland,Limerick,Limerick,Limerick,Limerick,,County,0,1,52.5242,-8.75892,natural-earth,2677.56,-9.362542,52.276809,-8.155233,52.755075,9,Q178283,2962941,limerick
IRL-5570,IE-LK,True,IE,Ireland,Limerick,Limerick,Limerick,Limerick,,City,0,1,52.6485,-8.60278,natural-earth,29.121,-8.665796,52.623561,-8.563533,52.681022,9,Q178283,7778675,limerick
IRL-731,IE-LD,True,IE,Ireland,Longford,Longford,Longford,Longford,,County,0,1,53.7166,-7.70239,natural-earth,1105.411,-8.032347,53.524278,-7.372439,53.935209,8,Q186220,2962839,longford
IRL-712,IE-LH,True,IE,Ireland,Louth,Louth,Louth,Louth,,County,0,1,53.9259,-6.48625,natural-earth,783.701,-6.684367,53.715223,-6.107289,54.110652,8,Q183539,2962793,louth
IRL-714,IE-MO,True,IE,Ireland,Mayo,Mayo,Mayo,Mayo,,County,0,1,53.895,-9.23048,natural-earth,5528.574,-10.26594,53.475238,-8.583217,54.33808,8,Q178626,2962666,mayo
IRL-715,IE-MH,True,IE,Ireland,Meath,Meath,Meath,Meath,,County,0,1,53.6324,-6.71387,natural-earth,2334.857,-7.338539,53.375657,-6.197994,53.916503,8,Q183544,2962661,meath
IRL-3412,IE-MN,True,IE,Ireland,Monaghan,Monaghan,Monaghan,Monaghan,,Administrative County,0,1,54.2106,-6.94174,natural-earth,1268.685,-7.333165,53.905134,-6.550525,54.413166,8,Q184760,2962567,monaghan
IRL-724,IE-TA,True,IE,Ireland,North Tipperary,Tipperary,Tipperary,Tipperary,,County,0,1,52.7597,-7.97632,natural-earth,2168.802,-8.476971,52.522691,-7.629632,53.170398,8,Q184618,2961190,north-tipperary
IRL-716,IE-OY,True,IE,Ireland,Offaly,Offaly,comté d'Offaly,Offaly,,County,0,1,53.2565,-7.53214,natural-earth,2017.925,-8.07653,52.853105,-6.987759,53.427592,8,Q184445,2962187,offaly
IRL-727,IE-RN,True,IE,Ireland,Roscommon,Roscommon,Roscommon,Roscommon,,County,0,1,53.7738,-8.21208,natural-earth,2492.934,-8.817105,53.276232,-7.884655,54.114682,9,Q179437,2961731,roscommon
IRL-728,IE-SO,True,IE,Ireland,Sligo,Sligo,Sligo,Sligo,,County,0,1,54.1277,-8.489,natural-earth,1826.029,-9.134999,53.911645,-8.15699,54.475002,9,Q179325,2961422,sligo
IRL-5573,IE-D,True,IE,Ireland,South Dublin,South Dublin,Comté de Dublin Sud,Dublín Sur,,County,0,1,53.2831,-6.40147,natural-earth,243.198,-6.529183,53.176806,-6.264004,53.373169,9,,7288565,south-dublin
IRL-5572,IE-TA,True,IE,Ireland,South Tipperary,Tipperary,Tipperary,Tipperary,,County,0,1,52.4462,-7.83145,natural-earth,2114.278,-8.392841,52.20715,-7.364635,52.731459,8,Q184618,2961189,south-tipperary
IRL-1444,IE-WD,True,IE,Ireland,Waterford,Waterford,Waterford,Waterford,,County,0,1,52.199,-7.59292,natural-earth,1787.235,-8.14774,51.944566,-6.955149,52.359853,9,Q184594,2960991,waterford
IRL-5571,IE-WD,True,IE,Ireland,Waterford,Waterford,Waterford,Waterford,,City,0,1,52.2284,-7.07931,natural-earth,42.144,-7.15302,52.20696,-7.002774,52.271487,9,Q184594,7778674,waterford
IRL-717,IE-WH,True,IE,Ireland,Westmeath,Westmeath,Westmeath,Westmeath,,County,0,1,53.5252,-7.4553,natural-earth,1854.304,-7.962997,53.324652,-6.947607,53.795373,8,Q182633,2960972,westmeath
IRL-718,IE-WX,True,IE,Ireland,Wexford,Wexford,Wexford,Wexford,,County,0,1,52.4423,-6.58517,natural-earth,2329.24,-7.019333,52.124661,-6.151031,52.79161,8,Q184599,2960963,wexford
IRL-719,IE-WW,True,IE,Ireland,Wicklow,Wicklow,Wicklow,Wicklow,,County,0,1,52.9947,-6.38849,natural-earth,1974.95,-6.783637,52.681798,-5.99352,53.223987,8,Q182591,2960935,wicklow
ISR-3053,IL-D,True,IL,Israel,HaDarom,Southern,sud,Meridional,,District,0,1,30.935,34.8419,natural-earth,14534.972,34.248351,29.489691,35.458538,31.878029,8,Q188781,294952,hadarom
ISR-3055,IL-M,True,IL,Israel,HaMerkaz,Central,centre,Central,,District,0,1,31.9068,34.8491,natural-earth,1252.073,34.665941,31.765839,35.039006,32.40903,8,Q188785,294904,hamerkaz
ISR-3056,IL-Z,True,IL,Israel,HaZafon,Northern,nord,Norte,,District,0,1,32.8235,35.4202,natural-earth,4661.71,35.02487,32.384717,35.888073,33.406722,8,Q189942,294824,hazafon
ISR-3054,IL-HA,True,IL,Israel,Haifa,Haifa,Haïfa,Haifa,,District,0,1,32.5523,34.9727,natural-earth,857.273,34.867796,32.381176,35.210359,32.893075,9,Q185845,294800,haifa
ISR-3058,IL-JM,True,IL,Israel,Jerusalem,Jerusalem,Jérusalem,Jerusalén,,District,0,1,31.7397,35.0176,natural-earth,635.757,34.827776,31.60832,35.264935,31.881487,9,Q192232,293198,jerusalem
ISR-3057,IL-TA,True,IL,Israel,Tel Aviv,Tel Aviv,Tel Aviv,Tel Aviv,,District,0,1,32.0966,34.8091,natural-earth,178.055,34.733887,31.998047,34.88431,32.192661,9,Q192811,293396,tel-aviv
IMN+00?,IM-X01,False,IM,Isle of Man,Isle of Man,Isle of Man,Île de Man,Isla de Man,,,0,1,54.2274,-4.53251,natural-earth,574.768,-4.830596,54.040432,-4.31192,54.419013,20,,6620382,isle-of-man
IND-2474,IN-AN,True,IN,India,Andaman and Nicobar,Andaman and Nicobar Islands,Îles Andaman-et-Nicobar,Islas Andamán y Nicobar,,Union Territory,0,1,6.83654,93.7895,natural-earth,7134.701,92.217296,6.745551,94.290782,13.680243,2,Q40888,1278647,andaman-and-nicobar
IND-2441,IN-AP,True,IN,India,Andhra Pradesh,Andhra Pradesh,Andhra Pradesh,Andhra Pradesh,,State,0,1,14.807971,78.847712,polylabel,161143.02,76.719483,12.631917,84.78004,19.161673,2,Q1159,1278629,andhra-pradesh
IND-3299,IN-AR,True,IN,India,Arunachal Pradesh,Arunachal Pradesh,Arunachal Pradesh,Arunachal Pradesh,,State,0,1,28.4056,94.4673,natural-earth,80714.694,91.564355,26.647625,97.362253,29.369286,2,Q1162,1278341,arunachal-pradesh
IND-2477,IN-AS,True,IN,India,Assam,Assam,Assam,Assam,,State,0,1,26.3302,92.9929,natural-earth,79676.024,89.655798,24.127778,96.011845,27.993305,2,Q1164,1278253,assam
IND-3258,IN-BR,True,IN,India,Bihar,Bihar,Bihar,Bihar,,State,0,1,25.6853,85.8134,natural-earth,94875.843,83.323007,24.301695,88.303892,27.516874,2,Q1165,1275715,bihar
IND-2427,IN-CH,True,IN,India,Chandigarh,Chandigarh,Chandigarh,Chandigarh,,Union Territory,0,1,30.7452,76.7605,natural-earth,118.857,76.693748,30.672288,76.82728,30.799025,9,Q43433,1274744,chandigarh
IND-3260,IN-CT,True,IN,India,Chhattisgarh,Chhattisgarh,Chhattisgarh,Chhattisgarh,,State,0,1,21.8044,82.3069,natural-earth,134876.273,80.260559,17.776073,84.353332,24.140232,2,Q1168,1444364,chhattisgarh
IND-2445,IN-DH,True,IN,India,Dadra and Nagar Haveli and Daman and Diu,Dadra and Nagar Haveli and Daman and Diu,Dadra et Nagar Haveli et Daman et Diu,Dadra y Nagar Haveli y Damán y Diu,,Union Territory,0,1,20.1841,73.029,natural-earth,575.899,70.971562,20.026607,73.170035,20.739571,9,Q77997266,1273726,dadra-and-nagar-haveli-and-daman-and-diu
IND-2428,IN-DL,True,IN,India,Delhi,Delhi,Delhi,Delhi,,Union Territory,0,1,28.69,77.0856,natural-earth,1484.462,76.833688,28.432606,77.337533,28.882088,9,Q1353,1273293,delhi
IND-3265,IN-GA,True,IN,India,Goa,Goa,Goa,Goa,,State,0,1,15.3133,73.9951,natural-earth,3432.782,73.685883,14.8876,74.30423,15.783042,2,Q1171,1271157,goa
IND-3264,IN-GJ,True,IN,India,Gujarat,Gujarat,Gujarat,Guyarat,,,0,1,22.7501,71.3013,natural-earth,184886.224,68.143403,20.072644,74.459052,24.708363,2,Q1061,1270770,gujarat
IND-2430,IN-HR,True,IN,India,Haryana,Haryana,Haryana,Haryana,,State,0,1,29.1003,76.271,natural-earth,44002.138,74.459362,27.670404,77.587957,30.934262,2,Q1174,1270260,haryana
IND-2429,IN-HP,True,IN,India,Himachal Pradesh,Himachal Pradesh,Himachal Pradesh,Himachal Pradesh,,Union Territory,0,1,31.6755,77.2875,natural-earth,55438.135,75.577847,30.382177,78.99707,33.232856,2,Q1177,1270101,himachal-pradesh
IND-2431,IN-JK,True,IN,India,Jammu and Kashmir,Jammu and Kashmir,Jammu-et-Cachemire,Jammu y Cachemira,,Union Territory,0,1,33.591346,75.014902,polylabel,42569.652,73.774856,32.300587,76.739843,34.773434,2,Q66278313,1269320,jammu-and-kashmir
IND-3256,IN-JH,True,IN,India,Jharkhand,Jharkhand,Jharkhand,Jharkhand,,State,0,1,23.5221,85.0584,natural-earth,78129.451,83.337063,21.986126,87.899989,25.323778,2,Q1184,1444365,jharkhand
IND-2446,IN-KA,True,IN,India,Karnataka,Karnataka,Karnataka,Karnataka,,State,0,1,14.3681,75.667,natural-earth,192534.688,74.091156,11.625596,78.568982,18.460811,2,Q1185,1267701,karnataka
IND-2442,IN-KL,True,IN,India,Kerala,Kerala,Kerala,Kerala,,State,0,1,10.3666,76.5237,natural-earth,37876.999,74.854259,8.285174,77.404506,12.779944,2,Q1186,1267254,kerala
IND-20012,IN-LA,True,IN,India,Ladakh,Ladakh,Ladakh,Ladakh,,Union Territory,0,1,34.025587,77.480614,natural-earth,64274.605,75.344128,32.346373,79.620673,35.495406,2,Q200667,12096464,ladakh
IND-2443,IN-LD,True,IN,India,Lakshadweep,Lakshadweep,Lakshadweep,Laquedivas,,Union Territory,0,1,11.2249,72.7811,natural-earth,34.257,72.172618,8.249498,73.684418,11.694159,2,Q26927,1265206,lakshadweep
IND-3261,IN-MP,True,IN,India,Madhya Pradesh,Madhya Pradesh,Madhya Pradesh,Madhya Pradesh,,State,0,1,22.9404,78.4214,natural-earth,310244.272,74.024867,21.074812,82.818025,26.859808,2,Q1188,1264542,madhya-pradesh
IND-2447,IN-MH,True,IN,India,Maharashtra,Maharashtra,Maharashtra,Maharashtra,,State,0,1,19.4723,75.4647,natural-earth,307481.0,72.649181,15.613543,80.897006,22.023049,2,Q1191,1264418,maharashtra
IND-2478,IN-MN,True,IN,India,Manipur,Manipur,Manipur,Manipur,,State,0,1,24.7442,93.8457,natural-earth,21715.245,92.977922,23.841647,94.713836,25.687631,2,Q1193,1263706,manipur
IND-2489,IN-ML,True,IN,India,Meghalaya,Meghalaya,Meghalaya,Megalaya,,State,0,1,25.4804,91.3031,natural-earth,23167.255,89.795015,25.004773,92.811627,26.089261,2,Q1195,1263207,meghalaya
IND-3300,IN-MZ,True,IN,India,Mizoram,Mizoram,Mizoram,Mizoram,,State,0,1,23.2037,92.8409,natural-earth,21293.387,92.250007,21.957007,93.432364,24.482976,2,Q1502,1262963,mizoram
IND-2479,IN-NL,True,IN,India,Nagaland,Nagaland,Nagaland,Nagaland,,State,0,1,26.1094,94.5664,natural-earth,16302.388,93.335936,25.2058,95.246933,27.033182,2,Q1599,1262271,nagaland
IND-2444,IN-OR,True,IN,India,Odisha,Odisha,Odisha,Orissa,,State,0,1,20.625,84.4341,natural-earth,155628.114,81.390722,17.787235,87.477387,22.556737,2,Q22048,1261029,odisha
IND-3262,IN-PY,True,IN,India,Puducherry,Puducherry,Territoire de Pondichéry,Puducherry,,Union Territory,0,1,10.9224,79.7758,natural-earth,528.364,75.221797,10.809108,82.301364,16.750296,2,Q66743,1259424,puducherry
IND-3249,IN-PB,True,IN,India,Punjab,Punjab,Pendjab,Panyab,,State,0,1,31.0245,75.3762,natural-earth,50426.481,73.842345,29.559824,76.910376,32.516749,2,Q22424,1259223,punjab
IND-3250,IN-RJ,True,IN,India,Rajasthan,Rajasthan,Rajasthan,Rajastán,,State,0,1,26.7468,73.8556,natural-earth,343697.541,69.465093,23.036062,78.246521,30.204077,2,Q1437,1258899,rajasthan
IND-3259,IN-SK,True,IN,India,Sikkim,Sikkim,Sikkim,Sikkim,,State,0,1,27.5709,88.4482,natural-earth,6953.527,88.004663,27.084574,88.892331,28.106606,2,Q1505,1256312,sikkim
IND-3263,IN-TN,True,IN,India,Tamil Nadu,Tamil Nadu,Tamil Nadu,Tamil Nadu,,State,0,1,11.0159,78.2704,natural-earth,131205.669,76.23052,8.075995,80.34783,13.535867,2,Q1445,1255053,tamil-nadu
IND-20011,IN-TG,True,IN,India,Telangana,Telangana,Telangana,Telangana,,State,0,1,17.427313,78.468441,natural-earth,115188.348,77.257435,15.829657,81.786569,19.891293,2,Q677037,1254788,telangana
IND-3301,IN-TR,True,IN,India,Tripura,Tripura,Tripura,Tripura,,State,0,1,23.8519,91.7031,natural-earth,10770.243,91.132349,22.944466,92.331967,24.542183,2,Q1363,1254169,tripura
IND-3253,IN-UP,True,IN,India,Uttar Pradesh,Uttar Pradesh,Uttar Pradesh,Uttar Pradesh,,State,0,1,26.7201,80.9966,natural-earth,240677.511,77.05817,23.911047,84.612438,30.402021,2,Q1498,1253626,uttar-pradesh
IND-3254,IN-UT,True,IN,India,Uttarakhand,Uttarakhand,Uttarakhand,Uttarakhand,,State,0,1,30.0576,79.2841,natural-earth,52697.193,77.565323,28.732872,81.003303,31.461664,2,Q1499,1444366,uttarakhand
IND-3257,IN-WB,True,IN,India,West Bengal,West Bengal,Bengale-Occidental,Bengala Occidental,,State,0,1,23.0523,87.7289,natural-earth,86561.46,85.82239,21.523586,89.888498,27.249163,2,Q1356,1252881,west-bengal
IOT+00?,IO-X01,False,IO,British Indian Ocean Territory,British Indian Ocean Territory,British Indian Ocean Territory,Territoire britannique de l'océan Indien,Territorio Británico del Océano Índico,,,0,1,-5.28054,71.7425,natural-earth,49.271,71.260997,-7.432224,72.49464,-5.226983,20,,6620383,british-indian-ocean-territory
IRQ-3471,IQ-AN,True,IQ,Iraq,Al-Anbar,Al Anbar,Al-Anbar,Ambar,,Province,0,1,33.2317,41.5307,natural-earth,138264.779,38.774511,30.551045,44.287251,35.158904,5,Q187334,99592,al-anbar
IRQ-3222,IQ-BA,True,IQ,Iraq,Al-Basrah,Basra,Al-Basra,Basora,,Province,0,1,30.6802,47.5605,natural-earth,17105.001,46.561468,29.124167,48.559255,31.27915,5,Q193551,89341,al-basrah
IRQ-3223,IQ-MU,True,IQ,Iraq,Al-Muthannia,Al Muthanna,Al-Muthanna,Mutana,,Province,0,1,30.4381,45.2843,natural-earth,52597.271,43.824013,29.063137,46.744775,31.72964,5,Q212761,99032,al-muthannia
IRQ-3224,IQ-QA,True,IQ,Iraq,Al-Qādisiyyah,Al-Qādisiyyah,Al-Qadisiyya,Cadisia,,Province,0,1,31.6081,45.1075,natural-earth,8551.741,44.429257,31.26264,45.785764,32.395077,5,Q62987,99022,al-qadisiyyah
IRQ-3061,IQ-NA,True,IQ,Iraq,An-Najaf,Najaf,An-Najaf,Nayaf,,Province,0,1,30.9322,43.7551,natural-earth,29265.897,42.783413,29.81398,44.726914,32.343711,5,Q192882,98862,an-najaf
IRQ-3050,IQ-AR,True,IQ,Iraq,Arbil,Erbil,Erbil,Erbil,,Province,0,1,36.2371,44.1806,natural-earth,14471.546,43.315837,35.426029,45.045911,37.313727,5,Q213189,95445,arbil
IRQ-3242,IQ-SU,True,IQ,Iraq,As-Sulaymaniyah,Sulaymaniyah,As-Sulaymaniya,Solimania,,Province,0,1,35.332,45.4331,natural-earth,17217.717,44.539535,34.512803,46.327074,36.516196,5,Q213182,98465,as-sulaymaniyah
IRQ-3049,IQ-TS,True,IQ,Iraq,At-Ta'mim,Kirkuk,Kirkouk,Kirkuk,,Province,0,1,35.3281,44.0354,natural-earth,10517.003,43.267365,34.702197,44.803395,35.907834,5,Q193268,98410,at-ta-mim
IRQ-3472,IQ-BB,True,IQ,Iraq,Babil,Babylon,Babil,Babilonia,,Province,0,1,32.6833,44.5099,natural-earth,6677.187,43.820349,32.118712,45.198409,33.20557,5,Q59202,98227,babil
IRQ-3063,IQ-BG,True,IQ,Iraq,Baghdad,Baghdad,Bagdad,Bagdad,,Province,0,1,33.306,44.3827,natural-earth,658.501,44.222242,33.176011,44.543256,33.432507,9,Q191075,98180,baghdad
IRQ-3225,IQ-DQ,True,IQ,Iraq,Dhi-Qar,Dhi Qar,Dhi Qar,Di Car,,Province,0,1,31.191,46.4203,natural-earth,13739.59,45.705975,30.50726,47.134725,32.005437,5,Q215649,97019,dhi-qar
IRQ-3046,IQ-DA,True,IQ,Iraq,Dihok,Duhok,Dahuk,Duhok,,Province,0,1,37.0875,43.2281,natural-earth,6552.387,42.357238,36.692515,44.099458,37.375498,5,Q189541,97270,dihok
IRQ-3243,IQ-DI,True,IQ,Iraq,Diyala,Diyala,Diyala,Diala,,Province,0,1,33.9882,45.1046,natural-earth,19807.885,44.244773,33.00026,45.964461,35.110028,5,Q217075,96965,diyala
IRQ-3062,IQ-KA,True,IQ,Iraq,Karbala',Karbala,Karbala,Kerbala,,Province,0,1,32.502,43.7651,natural-earth,4953.591,43.210727,32.16845,44.319497,32.8258,5,Q214104,94823,karbala
IRQ-3226,IQ-MA,True,IQ,Iraq,Maysan,Maysan,Maysan,Mesena,,Province,0,1,31.8089,47.0739,natural-earth,16153.87,46.3109,31.129806,47.837266,32.822519,5,Q213170,93540,maysan
IRQ-3051,IQ-NI,True,IQ,Iraq,Ninawa,Nineveh,Ninive,Nínive,,Province,0,1,35.9228,42.7469,natural-earth,37861.079,41.191521,34.948436,44.30265,37.062001,5,Q189352,92877,ninawa
IRQ-3052,IQ-SD,True,IQ,Iraq,Sala ad-Din,Saladin,Salah ad-Din,Saladino,,Province,0,1,34.3421,43.7294,natural-earth,25518.164,42.491288,33.433334,44.967416,35.723453,5,Q190131,91695,sala-ad-din
IRQ-3227,IQ-WA,True,IQ,Iraq,Wasit,Wasit,Wasit,Wasit,,Province,0,1,32.6139,45.5635,natural-earth,17672.198,44.523309,31.94234,46.603698,33.495966,5,Q189747,89693,wasit
IRN-5490,IR-07,True,IR,Iran,Alborz,Alborz,Alborz,Elburz,,Province,0,1,35.9651,50.7848,natural-earth,4657.253,50.230247,35.550544,51.356897,36.339178,7,Q392522,7648907,alborz
IRN-3230,IR-03,True,IR,Iran,Ardebil,Ardabil,Ardabil,Ardebil,,Province,0,1,38.9113,47.7241,natural-earth,20167.994,46.565665,37.154787,48.882526,39.707345,7,Q134228,413931,ardebil
IRN-3210,IR-06,True,IR,Iran,Bushehr,Bushehr,Bouchehr,Bushehr,,Province,0,1,28.8273,51.4225,natural-earth,23695.188,50.050584,27.322374,52.970855,30.249989,6,Q132945,139816,bushehr
IRN-3218,IR-08,True,IR,Iran,Chahar Mahall and Bakhtiari,Chaharmahal and Bakhtiari,Tchaharmahal et Bakhtiari,Chahar y Bajtiari,,Province,0,1,31.9975,50.5298,natural-earth,15234.754,49.736117,31.093839,51.323514,32.655113,4,Q171702,139677,chahar-mahall-and-bakhtiari
IRN-3238,IR-01,True,IR,Iran,East Azarbaijan,East Azerbaijan,Azerbaïdjan oriental,Azerbaiyán Oriental,,Province,0,1,37.8501,46.7723,natural-earth,46416.073,45.089372,36.734761,48.455265,39.186956,4,Q176081,142549,east-azarbaijan
IRN-3211,IR-04,True,IR,Iran,Esfahan,Isfahan,Ispahan,Isfahán,,Province,0,1,32.9837,52.4195,natural-earth,110542.283,49.452517,30.772205,55.386418,34.541975,6,Q1367759,418862,esfahan
IRN-3212,IR-14,True,IR,Iran,Fars,Fars,Fars,Fars,,Province,0,1,29.4007,53.0793,natural-earth,125877.286,50.601387,27.139377,55.55726,31.712535,4,Q1004666,134766,fars
IRN-3240,IR-19,True,IR,Iran,Gilan,Gilan,Guilan,Gilán,,Province,0,1,37.0503,49.5162,natural-earth,14407.617,48.456092,36.561955,50.576303,38.444812,4,Q928828,133349,gilan
IRN-3213,IR-27,True,IR,Iran,Golestan,Golestan,Golestan,Golestán,,Province,0,1,37.312,55.0042,natural-earth,20732.977,53.705381,36.477438,56.303055,38.118656,4,Q170041,443792,golestan
IRN-3233,IR-24,True,IR,Iran,Hamadan,Hamadan,Hamedan,Hamadán,,Province,0,1,34.8342,48.5738,natural-earth,20497.397,47.580693,33.989088,49.566928,35.755699,7,Q187373,132142,hamadan
IRN-3228,IR-23,True,IR,Iran,Hormozgan,Hormozgan,Hormozgan,Hormozgan,,Province,0,1,27.6455,56.2505,natural-earth,67437.454,52.678803,25.394192,59.276206,28.95074,4,Q633659,131222,hormozgan
IRN-3221,IR-05,True,IR,Iran,Ilam,Ilam,Ilam,Ilam,,Province,0,1,33.2369,46.8116,natural-earth,18811.493,45.72463,32.103495,47.898813,34.044434,7,Q170570,130801,ilam
IRN-3248,IR-15,True,IR,Iran,Kerman,Kerman,Kerman,Kermán,,Province,0,1,30.1234,56.9567,natural-earth,183373.735,54.398055,26.010247,59.515365,32.049181,6,Q165352,128231,kerman
IRN-3239,IR-17,True,IR,Iran,Kermanshah,Kermanshah,Kermanchah,Kermanshah,,Province,0,1,34.2796,46.6893,natural-earth,23452.283,45.380361,33.633036,47.998549,35.284989,7,Q174010,128222,kermanshah
IRN-3219,IR-10,True,IR,Iran,Khuzestan,Khuzestan,Khouzistan,Juzestán,,Province,0,1,31.3484,48.7558,natural-earth,63890.65,47.580232,29.957017,50.429821,33.044702,4,Q241119,127082,khuzestan
IRN-3209,IR-18,True,IR,Iran,Kohgiluyeh and Buyer Ahmad,Kohgiluyeh and Boyer-Ahmad,Kohguilouyeh-et-Bouyer-Ahmad,Kohkiluyeh y Buyer Ahmad,,Province,0,1,30.6977,50.7947,natural-earth,13382.778,49.918225,30.144827,51.671193,31.487897,4,Q180068,126878,kohgiluyeh-and-buyer-ahmad
IRN-3241,IR-16,True,IR,Iran,Kordestan,Kurdistan,Kurdistan,Kurdistán,,Province,0,1,35.5778,46.8636,natural-earth,29626.944,45.501424,34.739094,48.225718,36.507694,4,Q134386,126584,kordestan
IRN-3220,IR-20,True,IR,Iran,Lorestan,Lorestan,Lorestan,Lorestán,,Province,0,1,33.5323,48.4141,natural-earth,29130.344,46.82663,32.601473,50.001527,34.357438,4,Q1131727,125605,lorestan
IRN-3231,IR-22,True,IR,Iran,Markazi,Markazi,Markazi,Markazi,,Province,0,1,34.5595,49.964,natural-earth,28181.39,48.895031,33.498653,51.032989,35.677047,4,Q134417,124763,markazi
IRN-3214,IR-21,True,IR,Iran,Mazandaran,Mazandaran,Mazandéran,Mazandarán,,Province,0,1,36.231,52.2123,natural-earth,24747.462,50.304558,35.767171,54.120139,36.989169,4,Q308864,124544,mazandaran
IRN-3246,IR-31,True,IR,Iran,North Khorasan,North Khorasan,Khorassan du Nord,Jorasán del Norte,,Province,0,1,37.5789,57.0475,natural-earth,25126.448,55.867422,36.621796,58.227588,38.277561,4,Q180075,6201376,north-khorasan
IRN-3235,IR-28,True,IR,Iran,Qazvin,Qazvin,Qazvin,Qazvin,,Province,0,1,36.0552,49.6996,natural-earth,15637.199,48.598305,35.437631,50.800962,36.813076,7,Q1105893,443793,qazvin
IRN-3232,IR-26,True,IR,Iran,Qom,Qom,Qom,Qom,,Province,0,1,34.6662,50.978,natural-earth,11604.096,50.060025,34.1058,51.895882,35.218419,7,Q131664,443794,qom
IRN-3245,IR-30,True,IR,Iran,Razavi Khorasan,Razavi Khorasan,Khorassan Razavi,Jorasán Razaví,,Province,0,1,35.584,58.7976,natural-earth,136910.504,56.21045,32.748596,61.290036,37.901021,4,Q587090,6201375,razavi-khorasan
IRN-3215,IR-12,True,IR,Iran,Semnan,Semnan,Semnan,Semnán,,Province,0,1,35.4243,54.4381,natural-earth,90493.301,51.788912,34.324959,57.087193,37.354361,6,Q168949,116401,semnan
IRN-3247,IR-13,True,IR,Iran,Sistan and Baluchestan,Sistan and Baluchestan,Sistan-et-Baloutchistan,Sistán y Baluchistán,,Province,0,1,27.4268,61.0471,natural-earth,174876.769,58.774945,25.059408,63.319628,31.448887,4,Q939575,1159456,sistan-and-baluchestan
IRN-3244,IR-29,True,IR,Iran,South Khorasan,South Khorasan,Khorassan du Sud,Jorasán del Sur,,Province,0,1,32.4563,59.489,natural-earth,83148.002,57.834744,30.392357,61.143276,34.27796,4,Q171551,6201374,south-khorasan
IRN-3216,IR-07,True,IR,Iran,Tehran,Tehran,Téhéran,Teherán,,Province,0,1,35.5146,51.6548,natural-earth,14416.533,50.784735,34.875494,53.079375,36.116271,7,Q590866,110791,tehran
IRN-3237,IR-02,True,IR,Iran,West Azarbaijan,West Azerbaijan,Azerbaïdjan occidental,Azerbaiyán Occidental,,Province,0,1,36.6666,45.6734,natural-earth,37165.815,44.014863,35.976875,47.332336,39.771527,4,Q134411,142550,west-azarbaijan
IRN-3217,IR-25,True,IR,Iran,Yazd,Yazd,Yazd,Yazd,,Province,0,1,32.7074,55.5242,natural-earth,127645.274,52.824094,29.793221,58.224384,35.201314,6,Q170568,111821,yazd
IRN-3234,IR-11,True,IR,Iran,Zanjan,Zanjan,Zandjan,Zanjan,,Province,0,1,36.3989,48.2959,natural-earth,22200.366,47.187642,35.555815,49.404251,37.231475,7,Q146726,111452,zanjan
ISL-695,IS-7,True,IS,Iceland,Austurland,Austurland,Austurland,Austurland,,Region,0,1,65.4363,-15.2246,natural-earth,21289.326,-17.387538,63.772992,-13.502919,65.986274,8,Q220663,3337405,austurland
ISL-709,IS-1,True,IS,Iceland,Höfuðborgarsvæði,Capital,Höfuðborgarsvæðið,Höfuðborgarsvæði,,Region,0,1,64.2277,-21.536,natural-earth,613.925,-21.9303,63.999401,-21.143433,64.398989,8,Q203304,3426182,hofuðborgarsvæði
ISL-702,IS-6,True,IS,Iceland,Norðurland eystra,Northeastern,Norðurland eystra,Norðurland Eystra,,Region,0,1,65.3752,-17.1782,natural-earth,22195.444,-19.078765,64.471956,-14.563629,66.564154,8,Q241551,3337404,norðurland-eystra
ISL-697,IS-5,True,IS,Iceland,Norðurland vestra,Northwestern,Norðurland vestra,Norðurland Vestra,,Region,0,1,65.1515,-19.7011,natural-earth,12516.934,-21.119944,64.750053,-18.351174,66.157993,8,Q210866,3337403,norðurland-vestra
ISL-5131,IS-0,True,IS,Iceland,Reykjavík,Reykjavík,Reykjavik,Reikiavik,,Region,0,1,64.0828,-21.8646,natural-earth,352.758,-22.124176,64.00145,-21.606052,64.275673,8,Q1764,3426182,reykjavik
ISL-705,IS-8,True,IS,Iceland,Suðurland,Southern,Suðurland,Suðurland,,Region,0,1,64.0187,-18.5336,natural-earth,24807.792,-21.931976,63.396715,-16.876613,64.880614,8,Q204796,3337406,suðurland
ISL-704,IS-2,True,IS,Iceland,Suðurnes,Southern Peninsula,Suðurnes,Suðurnes,,Independent Town,0,1,63.9429,-22.1206,natural-earth,876.273,-22.736806,63.809149,-21.652394,64.089748,8,Q212768,3426183,suðurnes
ISL-690,IS-4,True,IS,Iceland,Vestfirðir,Westfjords,Vestfirðir,Vestfirðir,,Region,0,1,65.7068,-22.1562,natural-earth,9534.596,-24.539906,64.972365,-20.984217,66.466986,8,Q727267,3426185,vestfirðir
ISL-710,IS-3,True,IS,Iceland,Vesturland,Western,Vesturland,Vesturland,,Region,0,1,64.8183,-21.357,natural-earth,9535.585,-24.060048,64.297309,-19.792688,65.501842,8,Q221791,3426184,vesturland
IT-abruzzo,IT-65,False,IT,Italy,Abruzzo,Abruzzo,,,,,4,1,42.231369,13.815039,polylabel,10874.633,13.011995,41.686913,14.763413,42.901561,3,,,abruzzo
IT-apulia,IT-75,False,IT,Italy,Apulia,Apulia,,,,,6,1,41.534089,15.513897,polylabel,19427.367,14.931943,39.796617,18.517426,41.944078,3,,,apulia
IT-basilicata,IT-77,False,IT,Italy,Basilicata,Basilicata,,,,,2,1,40.411381,16.149361,polylabel,10049.519,15.34426,39.9008,16.863277,41.136817,3,,,basilicata
IT-calabria,IT-78,False,IT,Italy,Calabria,Calabria,,,,,5,1,39.22863,16.49943,polylabel,15108.254,15.624034,37.919013,17.206391,40.136852,3,,,calabria
IT-campania,IT-72,False,IT,Italy,Campania,Campania,,,,,5,1,41.043249,14.832538,polylabel,13494.792,13.743664,39.99397,15.790547,41.495663,3,,,campania
IT-emilia-romagna,IT-45,False,IT,Italy,Emilia-Romagna,Emilia-Romagna,,,,,9,1,44.534716,11.855028,polylabel,22461.381,9.201431,43.742862,12.753835,45.138488,3,,,emilia-romagna
IT-friuli-venezia-giulia,IT-36,False,IT,Italy,Friuli-Venezia Giulia,Friuli-Venezia Giulia,,,,,4,1,46.221861,12.986878,polylabel,7323.05,12.335918,45.58125,13.894686,46.641,3,,,friuli-venezia-giulia
IT-lazio,IT-62,False,IT,Italy,Lazio,Lazio,,,,,5,1,41.985157,12.628145,polylabel,17013.9,11.451496,40.785875,14.010081,42.850387,3,,,lazio
IT-liguria,IT-42,False,IT,Italy,Liguria,Liguria,,,,,4,1,43.978788,7.823384,polylabel,5480.254,7.477869,43.784491,10.056892,44.684763,3,,,liguria
IT-lombardia,IT-25,False,IT,Italy,Lombardia,Lombardia,,,,,12,1,45.707118,9.747358,polylabel,23920.214,8.498371,44.67882,11.421504,46.626974,3,,,lombardia
IT-marche,IT-57,False,IT,Italy,Marche,Marche,,,,,5,1,43.248477,13.283764,polylabel,9433.661,12.193491,42.687658,13.905527,43.972398,3,,,marche
IT-molise,IT-67,False,IT,Italy,Molise,Molise,,,,,2,1,41.66183,14.710196,polylabel,4518.54,13.945701,41.370133,15.158789,42.077948,3,,,molise
IT-piemonte,IT-21,False,IT,Italy,Piemonte,Piemonte,,,,,8,1,44.90137,7.680799,polylabel,25453.722,6.602728,44.090799,9.205935,46.452179,3,,,piemonte
IT-sardegna,IT-88,False,IT,Italy,Sardegna,Sardegna,,,,,8,1,40.400969,9.053803,polylabel,24087.741,8.1338,38.864325,9.826671,41.262641,3,,,sardegna
IT-sicily,IT-82,False,IT,Italy,Sicily,Sicily,,,,,9,1,37.506946,14.553421,polylabel,25854.425,11.922211,35.489244,15.651622,38.811957,3,,,sicily
IT-toscana,IT-52,False,IT,Italy,Toscana,Toscana,,,,,10,1,43.35951,11.279666,polylabel,22918.464,9.686982,42.318728,12.357627,44.482967,3,,,toscana
IT-trentino-alto-adige,IT-32,False,IT,Italy,Trentino-Alto Adige,Trentino-Alto Adige,,,,,2,1,46.451967,11.342339,polylabel,13482.776,10.369165,45.681652,12.469632,47.085215,3,,,trentino-alto-adige
IT-umbria,IT-55,False,IT,Italy,Umbria,Umbria,,,,,2,1,42.976192,12.467389,polylabel,8484.765,11.889016,42.368472,13.256375,43.63147,3,,,umbria
IT-valle-d-aosta,IT-23,False,IT,Italy,Valle d'Aosta,Valle d'Aosta,,,,,1,1,45.711043,7.309941,polylabel,3296.142,6.781994,45.466286,7.919546,45.984119,3,,,valle-d-aosta
IT-veneto,IT-34,False,IT,Italy,Veneto,Veneto,,,,,7,1,45.458891,11.607439,polylabel,17994.559,10.64053,44.793452,13.095628,46.675799,3,,,veneto
JEY+00?,JE-X01,False,JE,Jersey,Jersey,Jersey,Jersey,Jersey,,,0,1,49.2298,-2.12454,natural-earth,118.668,-2.242014,49.171332,-2.00829,49.267035,20,Q785,0,jersey
JAM-1370,JM-13,True,JM,Jamaica,Clarendon,Clarendon,paroisse de Clarendon,Parroquia de Clarendon,,Parish,0,1,17.9947,-77.3109,natural-earth,1205.921,-77.491156,17.703192,-77.130605,18.204057,9,Q1095557,3490952,clarendon
JAM-1371,JM-09,True,JM,Jamaica,Hanover,Hanover,Hanover,Parroquia de Hanover,,Parish,0,1,18.3953,-78.1337,natural-earth,491.081,-78.346043,18.289788,-77.921414,18.455471,9,Q1131779,3490145,hanover
JAM-1377,JM-01,True,JM,Jamaica,Kingston,Kingston,Kingston,Parroquia de Kingston,,Parish,0,1,17.9799,-76.7653,natural-earth,29.971,-76.812456,17.953791,-76.721436,17.996602,9,Q1473680,3489853,kingston
JAM-1372,JM-12,True,JM,Jamaica,Manchester,Manchester,Manchester,Parroquia de Manchester,,Parish,0,1,18.0219,-77.4996,natural-earth,819.471,-77.640294,17.841946,-77.358968,18.237233,9,Q920496,3489586,manchester
JAM-1378,JM-04,True,JM,Jamaica,Portland,Portland,Portland,Parroquia de Portland,,Parish,0,1,18.1179,-76.5041,natural-earth,831.39,-76.751434,17.986732,-76.25679,18.266783,9,Q125148,3488997,portland
JAM-1382,JM-02,True,JM,Jamaica,Saint Andrew,Saint Andrew,Saint Andrew,Parroquia de Saint Andrew,,Parish,0,1,18.0229,-76.7685,natural-earth,440.387,-76.889771,17.929691,-76.616248,18.166928,9,Q2212935,3488716,saint-andrew
JAM-1379,JM-06,True,JM,Jamaica,Saint Ann,Saint Ann,Saint Ann,Parroquia de Saint Ann,,Parish,0,1,18.3194,-77.2438,natural-earth,1254.975,-77.491156,18.184549,-76.996406,18.476054,9,Q1326284,3488715,saint-ann
JAM-1380,JM-14,True,JM,Jamaica,Saint Catherine,Saint Catherine,Sainte-Catherine,Parroquia de Saint Catherine,,Parish,0,1,17.8518,-77.0292,natural-earth,1158.448,-77.210863,17.833441,-76.849967,18.247078,9,Q1473663,3488711,saint-catherine
JAM-1373,JM-11,True,JM,Jamaica,Saint Elizabeth,Saint Elizabeth,Saint Elizabeth,Parroquia de Saint Elizabeth,,Parish,0,1,18.0537,-77.7646,natural-earth,1158.124,-77.964621,17.853583,-77.564566,18.234443,9,Q1473646,3488708,saint-elizabeth
JAM-1374,JM-08,True,JM,Jamaica,Saint James,Saint James,Saint James,Parroquia de Saint James,,Parish,0,1,18.3637,-77.8715,natural-earth,665.361,-78.007455,18.195556,-77.735544,18.525092,9,Q1421939,3488700,saint-james
JAM-1381,JM-05,True,JM,Jamaica,Saint Mary,Saint Mary,Saint Mary,Parroquia de Saint Mary,,Parish,0,1,18.2655,-76.8859,natural-earth,637.094,-77.07035,18.138609,-76.701459,18.416327,9,Q633565,3488693,saint-mary
JAM-1383,JM-03,True,JM,Jamaica,Saint Thomas,Saint Thomas,Saint-Thomas,Parroquia de Saint Thomas,,Parish,0,1,17.951,-76.4226,natural-earth,716.437,-76.657161,17.860256,-76.187978,18.073626,9,Q1422332,3488688,saint-thomas
JAM-1375,JM-07,True,JM,Jamaica,Trelawny,Trelawny,Trelawny,Parroquia de Trelawny,,Parish,0,1,18.36,-77.6163,natural-earth,914.532,-77.781397,18.196099,-77.451158,18.5067,9,Q1123340,3488222,trelawny
JAM-1376,JM-10,True,JM,Jamaica,Westmoreland,Westmoreland,Westmoreland,Parroquia de Westmoreland,,Parish,0,1,18.2678,-78.1303,natural-earth,744.862,-78.374664,18.050569,-77.885912,18.338597,9,Q1440250,3488081,westmoreland
JOR-855,JO-AJ,True,JO,Jordan,Ajlun,Ajloun,Ajlun,Ajlun,,Province,0,1,32.2932,35.761,natural-earth,414.147,35.61672,32.156177,35.905333,32.402002,7,Q506658,443120,ajlun
JOR-851,JO-AM,True,JO,Jordan,Amman,Amman,Amman,Ammán,,Province,0,1,31.6211,36.4418,natural-earth,7877.687,35.661731,31.247292,37.221722,32.045848,7,Q472788,250439,amman
JOR-849,JO-AQ,True,JO,Jordan,Aqaba,Aqaba,Aqaba,Aqaba,,Province,0,1,29.6276,35.3449,natural-earth,6499.5,34.949385,29.231731,35.740251,30.719967,7,Q260796,443122,aqaba
JOR-857,JO-BA,True,JO,Jordan,Balqa,Balqa,Balqa,Balqa',,Province,0,1,31.8345,35.7216,natural-earth,1141.203,35.502479,31.680806,35.941197,32.190929,7,Q721431,250751,balqa
JOR-854,JO-IR,True,JO,Jordan,Irbid,Irbid,Irbid,Irbid,,Province,0,1,32.5559,35.8195,natural-earth,1799.797,35.545148,32.183824,36.094211,32.748054,7,Q721441,248944,irbid
JOR-856,JO-JA,True,JO,Jordan,Jarash,Jerash,Jerash,Gerasa,,Province,0,1,32.2186,35.856,natural-earth,410.294,35.694804,32.095664,36.017213,32.354744,7,Q750270,443121,jarash
JOR-859,JO-KA,True,JO,Jordan,Karak,Karak,Karak,Karak,,Province,0,1,31.1753,35.7693,natural-earth,3478.42,35.34711,30.767063,36.191931,31.438469,7,Q735245,250625,karak
JOR-853,JO-MN,True,JO,Jordan,Ma`an,Ma'an,Ma'an,Ma'an,,Province,0,1,30.492,36.6401,natural-earth,32917.505,35.299117,29.189951,37.981381,31.248636,7,Q606340,248380,ma-an
JOR-858,JO-MD,True,JO,Jordan,Madaba,Madaba,Madaba,Madaba,,Province,0,1,31.5852,35.6722,natural-earth,1264.197,35.457128,31.40382,35.887505,31.790825,7,Q750447,443123,madaba
JOR-850,JO-MA,True,JO,Jordan,Mafraq,Mafraq,Mafraq,Mafraq,,Province,0,1,32.2481,37.6195,natural-earth,26757.35,35.947243,31.69612,39.291999,33.371685,7,Q854871,250583,mafraq
JOR-852,JO-AT,True,JO,Jordan,Tafilah,Tafilah,Tafilah,Tafila,,Province,0,1,30.7879,35.6436,natural-earth,2183.085,35.263882,30.603274,36.023776,30.998418,7,Q750259,250199,tafilah
JOR-860,JO-AZ,True,JO,Jordan,Zarqa,Zarqa,Zarqa,Zarká,,Province,0,1,31.8095,36.8284,natural-earth,4197.155,35.895876,31.500814,37.761412,32.196666,7,Q721445,250092,zarqa
JPN-1840,JP-23,True,JP,Japan,Aichi,Aichi Prefecture,Préfecture d'Aichi,Aichi,愛知県,Prefecture,0,1,34.9973,137.214,natural-earth,4939.886,136.673446,34.578785,137.805573,35.384145,6,Q80434,1865694,aichi
JPN-1862,JP-05,True,JP,Japan,Akita,Akita Prefecture,Préfecture d'Akita,Akita,秋田県,Prefecture,0,1,39.7318,140.334,natural-earth,11710.291,139.697731,38.871529,140.963985,40.499518,6,Q81863,2113124,akita
JPN-1863,JP-02,True,JP,Japan,Aomori,Aomori Prefecture,Préfecture d'Aomori,Aomori,青森県,Prefecture,0,1,40.6385,140.769,natural-earth,9644.678,139.856781,40.211318,141.680988,41.546857,6,Q71699,2130656,aomori
JPN-1855,JP-12,True,JP,Japan,Chiba,Chiba Prefecture,Chiba,Chiba,千葉県,Prefecture,0,1,35.489,140.318,natural-earth,5111.199,139.752439,34.899982,140.879405,36.08002,6,Q80011,2113014,chiba
JPN-1832,JP-38,True,JP,Japan,Ehime,Ehime Prefecture,Préfecture d'Ehime,Ehime,愛媛県,Prefecture,0,1,33.8141,132.916,natural-earth,5633.699,132.010539,32.889309,133.668875,34.295315,6,Q123376,1864226,ehime
JPN-1848,JP-18,True,JP,Japan,Fukui,Fukui Prefecture,Fukui,Fukui,福井県,Prefecture,0,1,35.9297,136.316,natural-earth,4220.173,135.43931,35.33035,136.803051,36.285603,6,Q133879,1863983,fukui
JPN-1829,JP-40,True,JP,Japan,Fukuoka,Fukuoka Prefecture,Fukuoka,Fukuoka,福岡県,Prefecture,0,1,33.4906,130.616,natural-earth,5053.338,130.036275,32.980523,131.200892,33.966055,7,Q123258,1863958,fukuoka
JPN-1864,JP-07,True,JP,Japan,Fukushima,Fukushima Prefecture,Fukushima,Fukushima,福島県,Prefecture,0,1,37.4153,140.099,natural-earth,13979.77,139.155568,36.792225,141.04184,37.964246,6,Q71707,2112922,fukushima
JPN-1841,JP-21,True,JP,Japan,Gifu,Gifu Prefecture,Gifu,Gifu,岐阜県,Prefecture,0,1,35.8522,136.941,natural-earth,10684.612,136.257296,35.138812,137.624499,36.452246,7,Q131277,1863640,gifu
JPN-3503,JP-10,True,JP,Japan,Gunma,Gunma Prefecture,Gunma,Gunma,群馬県,Prefecture,0,1,36.5592,139.025,natural-earth,6334.596,138.376805,35.969536,139.674038,37.039238,2,Q129499,1863501,gunma
JPN-1821,JP-34,True,JP,Japan,Hiroshima,Hiroshima Prefecture,Préfecture d'Hiroshima,Hiroshima,広島県,Prefecture,0,1,34.6067,132.853,natural-earth,8303.365,132.041274,34.071357,133.449147,35.080546,7,Q617375,1862413,hiroshima
JPN-1847,JP-01,True,JP,Japan,Hokkaidō,Hokkaidō,Hokkaidō,Hokkaidō,北海道,Circuit,0,1,43.37,142.805,natural-earth,78637.521,139.336436,41.401109,145.824962,45.520413,6,Q35581,2130037,hokkaido
JPN-1849,JP-28,True,JP,Japan,Hyōgo,Hyōgo Prefecture,Hyōgo,Hyōgo,兵庫県,Prefecture,0,1,35.063,134.837,natural-earth,8382.311,134.256798,34.190939,135.448508,35.672203,6,Q130290,1862047,hyogo
JPN-1856,JP-08,True,JP,Japan,Ibaraki,Ibaraki Prefecture,Préfecture d'Ibaraki,Ibaraki,茨城県,Prefecture,0,1,36.2773,140.257,natural-earth,6334.524,139.653729,35.732445,140.859467,36.926739,6,Q83273,2112669,ibaraki
JPN-1842,JP-17,True,JP,Japan,Ishikawa,Ishikawa Prefecture,Préfecture d'Ishikawa,Ishikawa,石川県,Prefecture,0,1,36.5654,136.677,natural-earth,4112.254,136.226719,36.063432,137.358979,37.53149,6,Q131281,1861387,ishikawa
JPN-1865,JP-03,True,JP,Japan,Iwate,Iwate Prefecture,Préfecture d'Iwate,Iwate,岩手県,Prefecture,0,1,39.5715,141.364,natural-earth,15458.639,140.658112,38.753785,142.070323,40.451006,6,Q48326,2112518,iwate
JPN-1833,JP-37,True,JP,Japan,Kagawa,Kagawa Prefecture,Kagawa,Kagawa,香川県,Prefecture,0,1,34.2162,134.001,natural-earth,1853.848,133.55836,33.997873,134.442446,34.554389,6,Q161454,1860834,kagawa
JPN-3501,JP-46,True,JP,Japan,Kagoshima,Kagoshima Prefecture,Kagoshima,Kagoshima,鹿児島県,Prefecture,0,1,29.4572,129.601,natural-earth,7708.89,129.428233,29.443345,131.191817,32.163463,2,Q15701,1860825,kagoshima
JPN-1857,JP-14,True,JP,Japan,Kanagawa,Kanagawa Prefecture,Kanagawa,Kanagawa,神奈川県,Prefecture,0,1,35.4378,139.344,natural-earth,2384.154,138.900339,35.117474,139.786621,35.654,6,Q127513,1860291,kanagawa
JPN-1830,JP-43,True,JP,Japan,Kumamoto,Kumamoto Prefecture,Kumamoto,Kumamoto,熊本県,Prefecture,0,1,32.588,130.834,natural-earth,7258.198,129.958018,32.090832,131.323902,33.181153,6,Q130308,1858419,kumamoto
JPN-1850,JP-26,True,JP,Japan,Kyōto,Kyōto Prefecture,Kyoto,Kioto,京都府,Urban Prefecture,0,1,35.2117,135.451,natural-earth,4611.091,134.86325,34.695919,136.036482,35.772321,7,Q120730,1857907,kyoto
JPN-1834,JP-39,True,JP,Japan,Kōchi,Kōchi Prefecture,Kōchi,Kōchi,高知県,Prefecture,0,1,33.6129,133.442,natural-earth,7091.703,132.539887,32.704291,134.295665,33.85566,6,Q134093,1859133,kochi
JPN-1843,JP-24,True,JP,Japan,Mie,Mie Prefecture,Mie,Mie,三重県,Prefecture,0,1,34.5679,136.386,natural-earth,5820.519,135.84652,33.68626,136.925792,35.231907,6,Q128196,1857352,mie
JPN-1866,JP-04,True,JP,Japan,Miyagi,Miyagi Prefecture,Miyagi,Miyagi,宮城県,Prefecture,0,1,38.5307,140.972,natural-earth,7496.98,140.269557,37.770201,141.673595,38.990153,6,Q47896,2111888,miyagi
JPN-1831,JP-45,True,JP,Japan,Miyazaki,Miyazaki Prefecture,Miyazaki,Miyazaki,宮崎県,Prefecture,0,1,32.0981,131.286,natural-earth,7861.844,130.700116,31.367662,131.872325,32.823036,6,Q130300,1856710,miyazaki
JPN-1844,JP-20,True,JP,Japan,Nagano,Nagano Prefecture,Nagano,Nagano,長野県,Prefecture,0,1,36.0666,138.019,natural-earth,13694.029,137.323226,35.188163,138.715699,37.01539,6,Q127877,1856210,nagano
JPN-3500,JP-42,True,JP,Japan,Nagasaki,Nagasaki Prefecture,Nagasaki,Nagasaki,長崎県,Prefecture,0,1,32.6745,128.755,natural-earth,3992.589,128.600439,32.568442,130.375782,34.701002,2,Q169376,1856156,nagasaki
JPN-1851,JP-29,True,JP,Japan,Nara,Nara Prefecture,Nara,Nara,奈良県,Prefecture,0,1,34.2815,135.877,natural-earth,3851.909,135.543024,33.838142,136.2112,34.759532,6,Q131287,1855608,nara
JPN-1867,JP-15,True,JP,Japan,Niigata,Niigata Prefecture,Niigata,Niigata,新潟県,Prefecture,0,1,37.5471,139.005,natural-earth,12446.706,137.614564,36.730652,139.871184,38.545003,6,Q132705,1855429,niigata
JPN-1822,JP-33,True,JP,Japan,Okayama,Okayama Prefecture,Préfecture d'Okayama,Okayama,岡山県,Prefecture,0,1,34.8521,133.831,natural-earth,6935.525,133.2643,34.423977,134.397099,35.327275,6,Q132936,1854381,okayama
JPN-3502,JP-47,True,JP,Japan,Okinawa,Okinawa Prefecture,Préfecture d'Okinawa,Okinawa,沖縄県,Prefecture,0,1,24.3349,123.802,natural-earth,3302.541,122.938162,24.256985,131.327891,28.509833,2,Q766445,1854345,okinawa
JPN-1827,JP-41,True,JP,Japan,Saga,Saga Prefecture,Saga,Saga,佐賀県,Prefecture,0,1,33.0097,130.147,natural-earth,2448.284,129.758209,32.943573,130.536663,33.552502,6,Q160420,1853299,saga
JPN-1858,JP-11,True,JP,Japan,Saitama,Saitama Prefecture,Saitama,Saitama,埼玉県,Prefecture,0,1,36.0173,139.287,natural-earth,3884.044,138.699524,35.751565,139.874801,36.270861,6,Q128186,1853226,saitama
JPN-1853,JP-25,True,JP,Japan,Shiga,Shiga Prefecture,Shiga,Shiga,滋賀県,Prefecture,0,1,35.1832,136.093,natural-earth,4008.859,135.742857,34.773692,136.443176,35.675006,6,Q131358,1852553,shiga
JPN-1824,JP-32,True,JP,Japan,Shimane,Shimane Prefecture,Shimane,Shimane,島根県,Prefecture,0,1,35.0972,132.603,natural-earth,6877.915,131.667137,34.299638,133.381847,36.342475,6,Q132751,1852442,shimane
JPN-1845,JP-22,True,JP,Japan,Shizuoka,Shizuoka Prefecture,Shizuoka,Shizuoka,,Prefecture,0,1,35.0359,138.306,natural-earth,7669.09,137.463269,34.594589,139.148285,35.627851,6,Q131320,1851715,shizuoka
JPN-1859,JP-09,True,JP,Japan,Tochigi,Tochigi Prefecture,Tochigi,Tochigi,栃木県,Prefecture,0,1,36.6593,139.786,natural-earth,6479.921,139.305947,36.200891,140.266767,37.143573,6,Q44843,1850310,tochigi
JPN-1836,JP-36,True,JP,Japan,Tokushima,Tokushima Prefecture,Tokushima,Tokushima,徳島県,Prefecture,0,1,33.8546,134.2,natural-earth,4249.551,133.647894,33.530323,134.751231,34.250845,6,Q160734,1850157,tokushima
JPN-1860,JP-13,True,JP,Japan,Tokyo,Tokyo,Tokyo,Tokio,東京都,Metropolis,0,1,35.6578,139.407,natural-earth,2183.386,138.922818,24.212104,153.985606,35.87887,7,Q1490,1850144,tokyo
JPN-1825,JP-31,True,JP,Japan,Tottori,Tottori Prefecture,Tottori,Tottori,鳥取県,Prefecture,0,1,35.3657,133.819,natural-earth,3704.062,133.127926,35.050626,134.510684,35.599965,6,Q133935,1849890,tottori
JPN-1846,JP-16,True,JP,Japan,Toyama,Toyama Prefecture,Toyama,Toyama,富山県,Prefecture,0,1,36.596,137.246,natural-earth,4367.354,136.757575,36.273316,137.734053,36.975108,6,Q132929,1849872,toyama
JPN-1854,JP-30,True,JP,Japan,Wakayama,Wakayama Prefecture,Wakayama,Wakayama,和歌山県,Prefecture,0,1,33.93,135.401,natural-earth,4429.966,135.057362,33.433336,135.99374,34.371752,6,Q131314,1848938,wakayama
JPN-1868,JP-06,True,JP,Japan,Yamagata,Yamagata Prefecture,Yamagata,Yamagata,山形県,Prefecture,0,1,38.4024,140.084,natural-earth,9237.952,139.548718,37.722607,140.618218,39.115106,6,Q125863,2110554,yamagata
JPN-1826,JP-35,True,JP,Japan,Yamaguchi,Yamaguchi Prefecture,Yamaguchi,Yamaguchi,山口県,Prefecture,0,1,34.2154,131.645,natural-earth,6022.948,130.861583,33.766018,132.469493,34.672143,6,Q127264,1848681,yamaguchi
JPN-1861,JP-19,True,JP,Japan,Yamanashi,Yamanashi Prefecture,Yamanashi,Yamanashi,山梨県,Prefecture,0,1,35.6149,138.645,natural-earth,4509.799,138.168549,35.156976,139.121772,35.957805,6,Q132720,1848649,yamanashi
JPN-1835,JP-44,True,JP,Japan,Ōita,Ōita Prefecture,Préfecture d'Ōita,Ōita,大分県,Prefecture,0,1,33.2006,131.449,natural-earth,6553.536,130.826258,32.731635,132.084115,33.68301,7,Q133924,1854484,oita
JPN-1852,JP-27,True,JP,Japan,Ōsaka,Ōsaka Prefecture,Préfecture d'Osaka,Osaka,大阪府,Urban Prefecture,0,1,34.5993,135.519,natural-earth,1855.322,135.085271,34.274303,135.714797,34.997451,7,Q122723,1853904,osaka
KEN-1195,KE-200,True,KE,Kenya,Central,Central,centrale,Central,,Province,0,1,-0.709986,36.8463,natural-earth,13047.352,36.200044,-1.298215,37.492472,0.118494,4,Q318666,400742,central
KEN-1193,KE-300,True,KE,Kenya,Coast,Coast,Côte,Costera,,Province,0,1,-2.51514,39.5816,natural-earth,82635.101,37.577892,-4.677504,41.535944,-0.023823,4,Q185371,199247,coast
KEN-889,KE-400,True,KE,Kenya,Eastern,Eastern,orientale,Oriental,,National Capital Area,0,1,2.60695,37.7915,natural-earth,158036.558,36.045325,-3.067771,39.451525,4.449652,4,Q328493,400741,eastern
KEN-1196,KE-110,True,KE,Kenya,Nairobi,Nairobi,Nairobi,Nairobi,,National Capital Area,0,1,-1.29384,36.9039,natural-earth,765.875,36.676242,-1.417122,37.131512,-1.139362,9,Q3870,184742,nairobi
KEN-893,KE-500,True,KE,Kenya,North-Eastern,North Eastern,nord-orientale,Nororiental,,Province,0,1,1.01482,40.2748,natural-earth,127146.651,38.664803,-2.078116,41.885019,4.284933,4,Q390213,400745,north-eastern
KEN-1197,KE-600,True,KE,Kenya,Nyanza,Nyanza,Nyanza,Nyanza,,Province,0,1,-0.511452,34.4239,natural-earth,16651.94,33.894809,-1.412414,35.326557,0.306597,4,Q38589,182763,nyanza
KEN-890,KE-700,True,KE,Kenya,Rift Valley,Rift Valley,Vallée du Rift,Valle del Rift,,Province,0,1,1.15655,36.0169,natural-earth,181669.822,33.977078,-3.192148,38.056985,5.030376,4,Q38587,400744,rift-valley
KEN-891,KE-800,True,KE,Kenya,Western,Western,occidentale,Occidental,,Province,0,1,0.537049,34.5306,natural-earth,8366.608,33.890468,-0.115702,35.170908,1.103022,4,Q38585,400743,western
KGZ-1119,KG-B,True,KG,Kyrgyzstan,Batken,Batken,Batken,Batken,,Region,0,1,39.7902,70.8882,natural-earth,16865.816,69.226296,39.382093,72.550228,40.324413,5,Q487631,1463580,batken
KGZ-1115,KG-GB,True,KG,Kyrgyzstan,Bishkek,Bishkek,Bichkek,Biskek,,Region,0,1,42.8424,74.5877,natural-earth,111.49,74.503701,42.778733,74.671753,42.937793,9,Q9361,1528334,bishkek
KGZ-1116,KG-C,True,KG,Kyrgyzstan,Chuy,Chuy,Tchouï,Chuy,,Region,0,1,42.6512,75.1456,natural-earth,19636.393,73.068956,41.86437,77.222295,43.261702,5,Q486370,1538652,chuy
KGZ-1120,KG-J,True,KG,Kyrgyzstan,Jalal-Abad,Jalal-Abad,Djalal-Abad,Jalal-Abad,,Region,0,1,41.5886,72.4506,natural-earth,33856.244,70.148255,40.818181,74.75304,42.206468,5,Q487640,1529778,jalal-abad
KGZ-1118,KG-N,True,KG,Kyrgyzstan,Naryn,Naryn,Naryn,Naryn,,Region,0,1,41.3438,75.9766,natural-earth,45352.586,73.722095,40.291702,78.231335,42.459786,7,Q486375,1527590,naryn
KGZ-1122,KG-O,True,KG,Kyrgyzstan,Osh,Osh,Och,Osh,,Region,0,1,40.1122,73.177,natural-earth,28989.591,71.492101,39.189237,74.862128,41.139711,7,Q47282,1346798,osh
KGZ-1121,KG-T,True,KG,Kyrgyzstan,Talas,Talas,Talas,Talas,,Region,0,1,42.4795,72.2727,natural-earth,11523.019,70.852657,42.05981,73.692898,42.834053,7,Q109838,1527297,talas
KGZ-1117,KG-Y,True,KG,Kyrgyzstan,Ysyk-Köl,Issyk-Kul,Issyk-Koul,Ysyk-Kol,,Region,0,1,42.0387,77.9472,natural-earth,42377.467,75.637068,41.172856,80.257561,42.922239,5,Q487413,1528260,ysyk-kol
KHM-1778,KH-2,True,KH,Cambodia,Batdâmbâng,Battambang,Battambang,Battambang,,Province,0,1,12.9675,103.068,natural-earth,12279.639,102.327066,12.408597,103.808734,13.484603,7,Q810923,1821310,batdambang
KHM-1777,KH-1,True,KH,Cambodia,Bântéay Méanchey,Banteay Meanchey,Banteay Mean Chey,Banteay Mean Chey,,Province,0,1,13.7359,102.873,natural-earth,6156.568,102.313424,13.408174,103.433201,14.238872,7,Q3817,1899273,banteay-meanchey
KHM-1779,KH-9,True,KH,Cambodia,Kaôh Kong,Koh Kong,Kaoh Kong,Koh Kong,,Province,0,1,11.5609,103.466,natural-earth,12714.937,102.765012,10.545152,104.144682,12.142282,7,Q466000,1831037,kaoh-kong
KHM-1798,KH-23,True,KH,Cambodia,Kep,Kep,Kep,Kep,,Province,0,1,10.5308,104.346,natural-earth,134.276,104.268565,10.446112,104.424186,10.57597,7,Q852089,1830937,kep
KHM-1783,KH-24,True,KH,Cambodia,Krong Pailin,Pailin,Pailin,Pailín,,Municipality,0,1,12.8901,102.611,natural-earth,1194.104,102.464836,12.654152,102.758204,13.115531,7,Q506646,1830206,krong-pailin
KHM-1800,KH-18,True,KH,Cambodia,Krong Preah Sihanouk,Sihanoukville,Sihanoukville,Sihanoukville,,Municipality,0,1,10.4854,103.775,natural-earth,1380.76,103.501964,10.453559,103.954926,10.98889,7,Q220966,1899262,krong-preah-sihanouk
KHM-1793,KH-10,True,KH,Cambodia,Krâchéh,Kratié,Kratie,Kratié,,Province,0,1,12.66,106.184,natural-earth,11970.373,105.577721,11.942114,106.790562,13.422178,7,Q785896,1830563,kracheh
KHM-1784,KH-3,True,KH,Cambodia,Kâmpóng Cham,Kampong Cham,Kampong Cham,Kompung Cham,,Province,0,1,12.1206,105.629,natural-earth,9361.472,104.81875,11.641474,106.438753,12.507557,7,Q142258,1831172,kampong-cham
KHM-1785,KH-4,True,KH,Cambodia,Kâmpóng Chhnang,Kampong Chhnang,Kampong Chhnang,Kompung Chinang,,Province,0,1,12.1624,104.548,natural-earth,5310.331,104.180081,11.736131,104.914971,12.60104,7,Q877468,1831166,kampong-chhnang
KHM-1787,KH-5,True,KH,Cambodia,Kâmpóng Spœ,Kam,Kampong Spoe,Kompung Speu,,Province,0,1,11.5221,104.282,natural-earth,6838.379,103.776746,11.087256,104.787434,12.107788,7,Q652867,1831132,kampong-spœ
KHM-1788,KH-6,True,KH,Cambodia,Kâmpóng Thum,Kampong Thom,Kampong Thom,Kompung Thom,,Province,0,1,12.6883,104.972,natural-earth,13404.154,104.191708,12.192486,105.751974,13.468687,7,Q502148,1831124,kampong-thum
KHM-1797,KH-7,True,KH,Cambodia,Kâmpôt,Kampot,Kampot,Kompot,,Province,0,1,10.8503,104.328,natural-earth,4796.189,103.916879,10.415774,104.739168,11.160895,7,Q748470,1831111,kampot
KHM-1786,KH-8,True,KH,Cambodia,Kândal,Kandal,Kandal,Kandal,,Province,0,1,11.5453,104.973,natural-earth,3687.314,104.650853,10.891647,105.295,11.893202,7,Q466031,1831095,kandal
KHM-1794,KH-11,True,KH,Cambodia,Môndól Kiri,Mondulkiri,Mondol Kiri,Mondol Kirí,,Province,0,1,12.6284,106.961,natural-earth,13475.277,106.347959,12.062727,107.574907,13.424633,7,Q652830,1830306,mondol-kiri
KHM-1782,KH-22,True,KH,Cambodia,Otdar Mean Chey,Oddar Meanchey,Otdar Mean Cheay,Oddar Mean Chey,,Province,0,1,14.1712,103.55,natural-earth,3680.971,103.01693,13.887163,104.082929,14.443977,7,Q629538,1822210,otdar-mean-chey
KHM-1789,KH-12,True,KH,Cambodia,Phnom Penh,Phnom Penh,Phnom Penh,Nom Pen,,Municipality,0,1,11.5733,104.874,natural-earth,398.331,104.780922,11.434238,104.967578,11.681044,9,Q1850,1830103,phnom-penh
KHM-1780,KH-15,True,KH,Cambodia,Pouthisat,Pursat,Pouthisat,Pursat,,Province,0,1,12.3391,103.549,natural-earth,12672.758,102.692212,11.908447,104.40508,13.145244,7,Q834464,1821301,pouthisat
KHM-1791,KH-13,True,KH,Cambodia,Preah Vihéar,Preah Vihear,Preah Vihear,Preah Wijía,,Province,0,1,13.728,105.125,natural-earth,13607.381,104.353248,13.115479,105.895581,14.439869,7,Q502151,1822676,preah-vihear
KHM-1790,KH-14,True,KH,Cambodia,Prey Vêng,Prey Veng,Prey Veng,Prey Veng,,Province,0,1,11.3561,105.473,natural-earth,4855.265,105.112375,10.838849,105.833106,11.868785,7,Q856788,1822609,prey-veng
KHM-1795,KH-16,True,KH,Cambodia,Rôtânôkiri,Ratanakiri,Rotanah Kiri,Ratanak Kirí,,Province,0,1,13.2418,107.082,natural-earth,12182.209,106.554199,13.164313,107.610516,14.704582,7,Q747846,1822449,rotanokiri
KHM-1781,KH-17,True,KH,Cambodia,Siemréab,Siem Reap,Siem Reap,Siem Riep,,Province,0,1,13.5711,104.043,natural-earth,14116.348,103.403539,12.749119,104.682065,14.404212,7,Q652818,1822213,siemreab
KHM-1792,KH-19,True,KH,Cambodia,Stœng Trêng,Stung Treng,Stoeng Treng,Stung Treng,,Province,0,1,13.6662,106.095,natural-earth,11406.612,105.52496,13.115944,106.664528,14.590351,7,Q837889,1822028,stœng-treng
KHM-1801,KH-20,True,KH,Cambodia,Svay Rieng,Svay Rieng,Svay Rieng,Svay Rieng,,Province,0,1,11.0416,105.888,natural-earth,2755.869,105.588728,10.766863,106.187864,11.582884,7,Q751864,1821992,svay-rieng
KHM-1802,KH-21,True,KH,Cambodia,Takêv,Takéo,Takeo,Takéo,,Province,0,1,10.9346,104.751,natural-earth,3374.645,104.435466,10.515328,105.066744,11.355483,7,Q613345,1821939,takev
KIR+99?,KI-X02,False,KI,Kiribati,KIR+99?,,,,,,0,1,-4.68967,-174.511,natural-earth,31.134,-174.543406,-5.635349,-155.859812,-3.111261,20,,0,kir-99
KIR+00?,KI-X01,False,KI,Kiribati,Kiribati,Kiribati,Kiribati,Kiribati,,,0,1,-0.857764,169.546,natural-earth,922.96,-172.229604,-11.461114,176.850922,4.72309,20,,0,kiribati
COM-4935,KM-G,True,KM,Comoros,Andjazîdja,Andjazîdja,Grande Comore,Andjazîdja,,,0,1,-11.6952,43.3378,natural-earth,1028.711,43.213227,-11.932875,43.49879,-11.361261,20,,921882,andjazidja
COM-4936,KM-A,True,KM,Comoros,Andjouân,Anjouan,Anjouan,Anjouan,,,0,1,-12.226,44.4518,natural-earth,450.338,44.206391,-12.380304,44.529063,-12.064142,20,Q231324,922001,andjouan
COM-4934,KM-M,True,KM,Comoros,Moûhîlî,Mohéli,Mohéli,Mohéli,,,0,1,-12.3178,43.7462,natural-earth,199.734,43.629893,-12.373468,43.861583,-12.236912,20,Q271797,921780,mouhili
KNA-5099,KN-01,True,KN,Saint Kitts and Nevis,Christ Church Nichola Town,Christ Church Nichola Town,Christ Church Nichola Town,Parroquia de Christ Church Nichola Town,,Parish,0,1,17.364,-62.7582,natural-earth,21.282,-62.787509,17.331033,-62.730509,17.386997,20,Q176164,3575476,christ-church-nichola-town
KNA-5100,KN-02,True,KN,Saint Kitts and Nevis,Saint Anne Sandy Point,Saint Anne Sandy Point,Saint-Anne Sandy Point,Parroquia de Saint Anne Sandy Point,,Parish,0,1,17.3574,-62.8369,natural-earth,16.596,-62.861073,17.330146,-62.807619,17.382283,20,Q1473654,3575183,saint-anne-sandy-point
KNA-5101,KN-03,True,KN,Saint Kitts and Nevis,Saint George Basseterre,Saint George Basseterre,Saint-George Basseterre,Parroquia de Saint George Basseterre,,Parish,0,1,17.2836,-62.6868,natural-earth,35.094,-62.734313,17.21719,-62.624745,17.320654,20,Q1540744,3575180,saint-george-basseterre
KNA-5102,KN-04,True,KN,Saint Kitts and Nevis,Saint George Gingerland,Saint George Gingerland,Saint-George Gingerland,Parroquia de Saint George Gingerland,,Parish,0,1,17.1301,-62.5571,natural-earth,16.995,-62.578619,17.100531,-62.536773,17.150039,20,Q1472520,3575179,saint-george-gingerland
KNA-5103,KN-05,True,KN,Saint Kitts and Nevis,Saint James Windward,Saint James Windward,Saint-James Windward,Parroquia de Saint James Windward,,Parish,0,1,17.1782,-62.5718,natural-earth,32.599,-62.61255,17.138393,-62.536956,17.202948,20,Q1342139,3575177,saint-james-windward
KNA-5104,KN-06,True,KN,Saint Kitts and Nevis,Saint John Capesterre,Saint John Capisterre,Saint-John Capisterre,Parroquia de Saint John Capisterre,,Parish,0,1,17.382,-62.7967,natural-earth,21.313,-62.822336,17.349846,-62.769423,17.415839,20,Q668498,3575176,saint-john-capesterre
KNA-5105,KN-07,True,KN,Saint Kitts and Nevis,Saint John Figtree,Saint John Figtree,Saint-John Figtree,Parroquia de Saint John Figtree,,Parish,0,1,17.1162,-62.5949,natural-earth,17.076,-62.621567,17.100531,-62.565745,17.145498,20,Q657318,3575175,saint-john-figtree
KNA-5106,KN-08,True,KN,Saint Kitts and Nevis,Saint Mary Cayon,Saint Mary Cayon,Saint-Mary Cayon,Parroquia de Saint Mary Cayon,,Parish,0,1,17.3459,-62.7286,natural-earth,9.602,-62.74599,17.330385,-62.703561,17.364614,20,Q1538034,3575173,saint-mary-cayon
KNA-5107,KN-09,True,KN,Saint Kitts and Nevis,Saint Paul Capesterre,Saint Paul Capisterre,Saint-Paul Capisterre,Saint Paul Capisterre,,Parish,0,1,17.3911,-62.8337,natural-earth,12.664,-62.856636,17.366713,-62.807619,17.410102,20,Q952735,3575172,saint-paul-capesterre
KNA-5108,KN-10,True,KN,Saint Kitts and Nevis,Saint Paul Charlestown,Saint Paul Charlestown,Saint-Paul Charlestown,Parroquia de Saint Paul Charlestown,,Parish,0,1,17.135,-62.6162,natural-earth,4.197,-62.626373,17.128328,-62.578619,17.145498,20,Q1752127,3575171,saint-paul-charlestown
KNA-5109,KN-11,True,KN,Saint Kitts and Nevis,Saint Peter Basseterre,Saint Peter Basseterre,Saint-Peter Basseterre,Parroquia de Saint Peter Basseterre,,Parish,0,1,17.3221,-62.7065,natural-earth,15.058,-62.738206,17.298597,-62.681164,17.341604,20,Q1725609,3575168,saint-peter-basseterre
KNA-5110,KN-12,True,KN,Saint Kitts and Nevis,Saint Thomas Lowland,Saint Thomas Lowland,Saint-Thomas Lowland,Parroquia de Saint Thomas Lowland,,Parish,0,1,17.1597,-62.6064,natural-earth,18.019,-62.626373,17.138362,-62.578619,17.189129,20,Q1752122,3575165,saint-thomas-lowland
KNA-5111,KN-13,True,KN,Saint Kitts and Nevis,Saint Thomas Middle Island,Saint Thomas Middle Island,Saint-Thomas Middle Island,Parroquia de Saint Thomas Middle Island,,Parish,0,1,17.3279,-62.7943,natural-earth,29.768,-62.831614,17.298017,-62.754424,17.366713,20,Q1752101,3575164,saint-thomas-middle-island
KNA-5112,KN-14,True,KN,Saint Kitts and Nevis,Trinity Palmetto Point,Trinity Palmetto Point,Trinity Palmetto Point,Parroquia de Trinity Palmetto Point,,Parish,0,1,17.3074,-62.7483,natural-earth,14.733,-62.771625,17.290595,-62.723805,17.331033,20,Q376738,3575114,trinity-palmetto-point
PRK-3310,KP-04,True,KP,North Korea,Chagang-do,Chagang,Chagang,Chagang,자강도,Province,0,1,40.6548,126.404,natural-earth,15802.562,125.41516,39.991125,127.392876,41.801041,6,Q272406,2045265,chagang-do
PRK-3307,KP-09,True,KP,North Korea,Hamgyŏng-bukto,North Hamgyong,Hamgyong du Nord,Hamgyŏng del Norte,함경북도,Province,0,1,41.8666,129.417,natural-earth,17315.937,128.70494,40.564601,130.452154,43.01027,6,Q109361,2044245,hamgyong-bukto
PRK-3311,KP-08,True,KP,North Korea,Hamgyŏng-namdo,South Hamgyong,Hamgyŏng du Sud,Hamgyŏng del Sur,함경남도,Province,0,1,40.234,127.922,natural-earth,18510.685,126.672609,39.204403,129.160605,41.173559,6,Q109368,1877450,hamgyong-namdo
PRK-3303,KP-06,True,KP,North Korea,Hwanghae-bukto,North Hwanghae,Hwanghae du Nord,Hwanghae del Norte,황해북도,Province,0,1,38.5962,126.297,natural-earth,9304.709,125.573865,37.7744,127.019152,39.167584,6,Q109342,1876888,hwanghae-bukto
PRK-3304,KP-05,True,KP,North Korea,Hwanghae-namdo,South Hwanghae,Hwanghae du Sud,Hwanghae del Sur,황해남도,Province,0,1,37.7337,125.279,natural-earth,8179.926,124.667247,37.675605,126.439445,38.707261,6,Q626052,1876884,hwanghae-namdo
PRK-3308,KP-07,True,KP,North Korea,Kangwŏn-do,Kangwon,Kangwŏn,Kangwon-do,강원도,Province,0,1,38.7273,127.521,natural-earth,11251.632,126.67788,38.174173,128.364919,39.413899,6,Q41416,1876101,kangwon-do
PRK-3312,KP-03,True,KP,North Korea,P'yŏngan-bukto,North Pyongan,Pyongan du Nord,P'yŏngan del Norte,평안북도,Province,0,1,39.5177,124.698,natural-earth,12224.432,124.211316,39.427395,126.370509,40.652685,6,Q109348,1871954,p-yongan-bukto
PRK-3313,KP-02,True,KP,North Korea,P'yŏngan-namdo,South Pyongan,Pyongan du Sud,P'yŏngan del Sur,평안남도,Province,0,1,39.5005,126.158,natural-earth,12343.241,125.137218,38.659009,127.178212,40.336582,6,Q109380,1871952,p-yongan-namdo
PRK-3305,KP-01,True,KP,North Korea,P'yŏngyang,Pyongyang,Pyongyang,Pionyang,평양직할시,Special City,0,1,38.9808,125.955,natural-earth,2703.781,125.522189,38.704692,126.387252,39.283184,6,Q18808,1871856,p-yongyang
PRK-5495,KP-13,True,KP,North Korea,Rasŏn,Rason,Rasŏn,Rasŏn,함경북도,Province,0,1,42.3414,130.373,natural-earth,739.743,130.191739,42.173551,130.699962,42.610785,6,Q221734,2054927,rason
PRK-3314,KP-10,True,KP,North Korea,Ryanggang,Ryanggang,Ryanggang,Ryanggang,량강도,Province,0,1,40.9611,127.875,natural-earth,13869.374,126.812033,40.401617,128.938621,42.04759,6,Q110171,2039332,ryanggang
KOR-2507,KR-26,True,KR,South Korea,Busan,Busan,Pusan,Busan,부산광역시,Metropolitan City,0,1,35.1928,129.082,natural-earth,282.105,128.95036,35.043649,129.199274,35.271568,9,Q16520,1838519,busan
KOR-2504,KR-27,True,KR,South Korea,Daegu,Daegu,Daegu,Daegu,대구광역시,Metropolitan City,0,1,35.9034,128.631,natural-earth,465.483,128.47529,35.768282,128.762301,36.009327,6,Q20927,1835327,daegu
KOR-2503,KR-30,True,KR,South Korea,Daejeon,Daejeon,Daejeon,Daejeon,대전광역시,Metropolitan City,0,1,36.3563,127.401,natural-earth,366.013,127.21899,36.23321,127.482276,36.480616,9,Q20921,1835224,daejeon
KOR-2496,KR-42,True,KR,South Korea,Gangwon,Gangwon,Gangwon,Gangwon,강원도,Province,0,1,37.7951,128.22,natural-earth,19160.98,126.966065,36.611745,129.473888,38.624335,6,Q41071,1843125,gangwon
KOR-2500,KR-29,True,KR,South Korea,Gwangju,Gwangju,Gwangju,Gwangju,광주광역시,Metropolitan City,0,1,35.1989,126.929,natural-earth,133.027,126.822885,35.150077,127.005819,35.254593,6,Q41283,1841808,gwangju
KOR-2498,KR-41,True,KR,South Korea,Gyeonggi,Gyeonggi,Gyeonggi,Gyeonggi,경기도,Province,0,1,37.2562,127.205,natural-earth,10204.256,124.613617,36.878938,127.831092,38.213038,6,Q20937,1841610,gyeonggi
KOR-2495,KR-28,True,KR,South Korea,Incheon,Incheon,Incheon,Incheon,인천광역시,Metropolitan City,0,1,37.4983,126.507,natural-earth,367.037,126.355511,37.36439,126.795806,37.552023,6,Q20934,1843561,incheon
KOR-2510,KR-49,True,KR,South Korea,Jeju,Jeju,Jeju,Jeju-do,제주특별자치도,Province,0,1,33.3741,126.557,natural-earth,1868.636,126.161143,33.197577,126.953624,33.563797,7,Q41164,1846265,jeju
KOR-2494,KR-43,True,KR,South Korea,North Chungcheong,North Chungcheong,Chungcheong du Nord,Chungcheong del Norte,충청북도,Province,0,1,36.7476,127.668,natural-earth,7658.246,127.211698,35.97522,128.650267,37.218271,6,Q41066,1845106,north-chungcheong
KOR-2509,KR-47,True,KR,South Korea,North Gyeongsang,North Gyeongsang,Gyeongsang du Nord,Gyeongsang del Norte,경상북도,Metropolitan City,0,1,36.3396,128.708,natural-earth,18619.237,127.788717,35.530183,130.920665,37.545844,6,Q41154,1841597,north-gyeongsang
KOR-2499,KR-45,True,KR,South Korea,North Jeolla,North Jeolla,Jeolla du Nord,Jeolla del Norte,전라북도,Province,0,1,35.679,127.081,natural-earth,8247.344,126.250499,35.276633,127.918528,36.132627,6,Q41157,1845789,north-jeolla
KOR-5129,KR-50,True,KR,South Korea,Sejong,Sejong,Sejong,Sejong,세종특별자치시,Special self-governing city,0,1,36.4974,127.229,natural-earth,418.44,127.059769,36.441239,127.361353,36.691572,9,Q20929,8394437,sejong
KOR-2497,KR-11,True,KR,South Korea,Seoul,Seoul,Séoul,Seúl,서울특별시,Capital Metropolitan City,0,1,37.5408,126.994,natural-earth,577.503,126.793739,37.42831,127.194748,37.683127,9,Q8684,1835847,seoul
KOR-2502,KR-44,True,KR,South Korea,South Chungcheong,South Chungcheong,Chungcheong du Sud,Chungcheong del Sur,충청남도,Province,0,1,36.4602,126.874,natural-earth,7514.372,126.128184,35.980931,127.619012,37.055406,6,Q41070,1845105,south-chungcheong
KOR-2505,KR-48,True,KR,South Korea,South Gyeongsang,South Gyeongsang,Gyeongsang du Sud,Gyeongsang del Sur,경상남도,Province,0,1,35.3192,128.217,natural-earth,10131.754,127.612087,34.61046,129.268836,35.88706,6,Q41151,1902028,south-gyeongsang
KOR-2506,KR-46,True,KR,South Korea,South Jeolla,South Jeolla,Jeolla du Sud,Jeolla del Sur,전라남도,Metropolitan City,0,1,34.8166,126.884,natural-earth,11470.849,125.089692,34.005764,127.818126,35.462022,6,Q41161,1845788,south-jeolla
KOR-2508,KR-31,True,KR,South Korea,Ulsan,Ulsan,Ulsan,Ulsan,울산광역시,Metropolitan City,0,1,35.4997,129.232,natural-earth,1035.755,128.987714,35.315724,129.467275,35.682189,6,Q41278,1833742,ulsan
KWT-1665,KW-AH,True,KW,Kuwait,Al Ahmadi,Al Ahmadi,Al Ahmadi,Ahmadí,,Province,0,1,28.8653,47.9393,natural-earth,4819.477,47.446323,28.533505,48.432781,29.26625,7,Q552354,285841,al-ahmadi
KWT-1663,KW-KU,True,KW,Kuwait,Al Asimah,Capital,Al Asimah,Capital,,Province,0,1,29.4497,48.3318,natural-earth,111.101,47.858488,29.309968,48.399464,29.473131,8,Q1046645,285788,al-asimah
KWT-1664,KW-FA,True,KW,Kuwait,Al Farwaniyah,Al Farwaniyah,Al Farwaniyah,Al Farwaniyah,,Province,0,1,29.2592,47.9381,natural-earth,218.012,47.841659,29.185041,48.034567,29.330355,8,Q1072757,285816,al-farwaniyah
KWT-1667,KW-JA,True,KW,Kuwait,Al Jahrah,Al Jahra,Al Jahra,Yahra,,Province,0,1,29.7843,48.2027,natural-earth,12217.271,46.532436,28.976243,48.359548,30.098216,8,Q405701,285798,al-jahrah
KWT-3506,KW-HA,True,KW,Kuwait,Hawalli,Hawally,Hawalli,Hawalli,,Province,0,1,29.3243,48.0306,natural-earth,59.491,47.979687,29.295373,48.100266,29.369155,9,Q747432,285628,hawalli
KWT-1666,KW-MU,True,KW,Kuwait,Mubarak Al-Kabeer,Mubarak Al-Kabeer,Mubarak Al-Kabeer,Mubarak el Grande,,Province,0,1,29.2535,48.0548,natural-earth,70.275,48.008722,29.208734,48.106131,29.310418,8,Q913370,7733358,mubarak-al-kabeer
CYM+00?,KY-X01,False,KY,Cayman Islands,Cayman Islands,Cayman Islands,Îles Caïmans,Islas Caimán,,,0,1,19.3167,-81.2592,natural-earth,310.131,-81.416542,19.263864,-79.726643,19.757631,20,,0,cayman-islands
KAZ-3207,KZ-ALA,True,KZ,Kazakhstan,Almaty,Almaty,Almaty,Almaty,,Region,0,1,45.0707,78.2246,natural-earth,221369.858,73.8132,42.189519,82.636382,47.304296,6,Q186466,1537162,almaty
KAZ-4829,KZ-ALA,True,KZ,Kazakhstan,Almaty City,Almaty,Almaty,Alma Ata,Алматы қаласы,City,0,1,43.2709,76.9424,natural-earth,294.536,76.808652,43.192336,77.033541,43.401158,6,Q35493,1526395,almaty-city
KAZ-3202,KZ-AKM,True,KZ,Kazakhstan,Aqmola,Akmola,Aqmola,Akmola,,Region,0,1,51.928,69.8519,natural-earth,145934.93,65.430146,49.987078,74.273637,53.687679,4,Q485056,1518003,aqmola
KAZ-3195,KZ-AKT,True,KZ,Kazakhstan,Aqtöbe,Aktobe,Aqtöbe,Aktobe,,Region,0,1,48.0288,58.9373,natural-earth,300820.135,53.670967,45.161911,64.203554,51.295862,6,Q485437,610688,aqtobe
KAZ-4830,KZ-AST,True,KZ,Kazakhstan,Astana,Nur-Sultan,Noursoultan,Nur-Sultán,Астана қаласы,City,0,1,51.1503,71.4538,natural-earth,617.592,71.244094,50.974697,71.607216,51.305896,4,Q1520,1538317,astana
KAZ-3198,KZ-ATY,True,KZ,Kazakhstan,Atyrau,Atyrau,Atyraou,Atyrau,,Region,0,1,47.7744,51.7585,natural-earth,112061.83,47.044239,45.738449,56.473173,49.18444,6,Q427658,609862,atyrau
KAB+00?,-99-X05,False,KZ,Baykonur Cosmodrome,Baykonur lease in Qyzylorda,Baikonur,Baïkonour,Baikonur,,,0,1,45.9632,63.3524,natural-earth,6485.554,62.800642,45.565824,63.967134,46.390839,6,Q165413,1538316,baykonur-lease-in-qyzylorda
KAZ-3206,KZ-VOS,True,KZ,Kazakhstan,East Kazakhstan,East Kazakhstan,Kazakhstan-Oriental,Kazajistán Oriental,,Region,0,1,48.3405,81.9768,natural-earth,279011.423,76.630083,45.548383,87.323796,51.686378,4,Q36156,1517381,east-kazakhstan
KAZ-3236,KZ-MAN,True,KZ,Kazakhstan,Mangghystau,Mangystau,Manguistaou,Mangystau,,Region,0,1,44.0351,53.8538,natural-earth,164409.343,49.986095,41.258878,56.70761,46.480419,4,Q238931,608879,mangghystau
KAZ-3204,KZ-SEV,True,KZ,Kazakhstan,North Kazakhstan,North Kazakhstan,Kazakhstan-Septentrional,Kazajistán Septentrional,,Region,0,1,54.4528,69.0682,natural-earth,98170.548,66.019774,52.208441,74.031585,55.43455,4,Q485088,1519367,north-kazakhstan
KAZ-3205,KZ-PAV,True,KZ,Kazakhstan,Pavlodar,Pavlodar,Pavlodar,Pavlodar,,Region,0,1,52.2076,76.3751,natural-earth,123619.915,73.446091,50.002736,79.304323,54.464687,6,Q486144,1520239,pavlodar
KAZ-3203,KZ-KAR,True,KZ,Kazakhstan,Qaraghandy,Karaganda,Karaganda,Karagandá,,Region,0,1,48.0823,70.1925,natural-earth,428944.43,62.652228,45.936886,77.732858,51.273021,4,Q485429,1523401,qaraghandy
KAZ-3196,KZ-KUS,True,KZ,Kazakhstan,Qostanay,Kostanay,Kostanaï,Kostanay,,Region,0,1,51.2854,64.1291,natural-earth,200067.322,59.985723,48.15117,68.272867,54.702554,6,Q485605,1521671,qostanay
KAZ-3197,KZ-KZY,True,KZ,Kazakhstan,Qyzylorda,Kyzylorda,Kyzylorda,Kyzylorda,,Region,0,1,44.6012,63.6151,natural-earth,222526.659,59.027229,42.352893,68.202897,47.776464,6,Q485322,1521406,qyzylorda
KAZ-3251,KZ-YUZ,True,KZ,Kazakhstan,South Kazakhstan,Turkistan,Oblys du Turkestan,Kazajistán Meridional,,Region,0,1,42.7187,68.7533,natural-earth,115274.486,66.006493,40.584656,70.947793,45.95766,4,Q815330,1524787,south-kazakhstan
KAZ-3201,KZ-ZAP,True,KZ,Kazakhstan,West Kazakhstan,West Kazakhstan,Kazakhstan-Occidental,Kazajistán Occidental,,Region,0,1,49.8909,50.5145,natural-earth,153432.33,46.478279,47.938108,54.551224,51.774541,4,Q486007,607847,west-kazakhstan
KAZ-3252,KZ-ZHA,True,KZ,Kazakhstan,Zhambyl,Jambyl,Djamboul,Zhambyl,,Region,0,1,44.3152,72.4888,natural-earth,139800.912,69.170796,42.338575,75.807059,45.955852,4,Q486657,1524444,zhambyl
LAO-3294,LA-AT,True,LA,Laos,Attapu,Attapeu,Attapeu,Attapeu,,Province,0,1,14.7848,106.866,natural-earth,9215.404,106.173292,14.307061,107.558168,15.276303,7,Q503004,1665045,attapu
LAO-3271,LA-BK,True,LA,Laos,Bokeo,Bokeo,Bokeo,Bokeo,,Province,0,1,20.3044,100.672,natural-earth,6970.389,100.097073,19.778586,101.246668,20.839881,6,Q334884,1904616,bokeo
LAO-3292,LA-BL,True,LA,Laos,Bolikhamxai,Bolikhamsai,Borikhamxay,Bolikhamxai,,Province,0,1,18.538,104.039,natural-earth,15483.71,102.821662,17.861488,105.25692,19.10413,6,Q2403514,1904617,bolikhamxai
LAO-3280,LA-CH,True,LA,Laos,Champasak,Champasak,Champassak,Champasak,,Province,0,1,14.1093,106.003,natural-earth,15170.431,105.184256,13.915457,106.822245,15.459884,7,Q334888,1657818,champasak
LAO-3288,LA-HO,True,LA,Laos,Houaphan,Houaphanh,Houaphan,Houaphan,,Province,0,1,20.3729,104.039,natural-earth,17315.435,103.114151,19.599373,104.964425,20.961202,6,Q502997,1657114,houaphan
LAO-3293,LA-KH,True,LA,Laos,Khammouan,Khammouane,Khammouane,Khammouan,,Province,0,1,17.6151,105.343,natural-earth,16051.288,104.281982,16.907211,106.40402,18.253409,7,Q506641,1656538,khammouan
LAO-3272,LA-LM,True,LA,Laos,Louang Namtha,Luang Namtha,Luang Namtha,Louang Namtha,,Province,0,1,20.9099,101.148,natural-earth,9688.794,100.515704,20.299485,101.780175,21.552691,7,Q948691,1655561,louang-namtha
LAO-3289,LA-LP,True,LA,Laos,Louangphrabang,Luang Prabang,Luang Prabang,Luang Prabang,,Province,0,1,20.0788,102.549,natural-earth,19859.029,101.707622,19.049923,103.390206,21.14064,7,Q747881,1655558,louangphrabang
LAO-3290,LA-OU,True,LA,Laos,Oudômxai,Oudomxay,Oudomxay,Oudomxay,,Province,0,1,20.161,101.548,natural-earth,11663.36,100.741686,19.821297,102.355127,21.221071,6,Q465961,1654491,oudomxai
LAO-3291,LA-PH,True,LA,Laos,Phôngsali,Phongsaly,Phongsaly,Phongsali,,Province,0,1,21.6153,102.245,natural-earth,15317.974,101.515746,20.869037,102.975295,22.496044,6,Q334868,1653893,phongsali
LAO-3281,LA-SL,True,LA,Laos,Saravan,Salavan,Saravane,Salavan,,Province,0,1,15.7614,106.248,natural-earth,10036.426,105.360628,15.288421,107.13599,16.530982,7,Q302656,1653333,saravan
LAO-3282,LA-SV,True,LA,Laos,Savannakhét,Savannakhet,Savannakhet,Savannakhet,,Province,0,1,16.4937,105.771,natural-earth,21184.791,104.74634,15.880142,106.795787,17.117198,6,Q465940,1653315,savannakhet
LAO-3284,LA-VI,True,LA,Laos,Vientiane,Vientiane,Vientiane,Vientián,,Province,0,1,18.9186,102.156,natural-earth,20200.665,101.399113,17.813672,103.893845,19.409255,6,Q720066,1652238,vientiane
LAO-3283,LA-VI,True,LA,Laos,Vientiane [prefecture],Vientiane Prefecture,Vientiane,Vientián,,Municipality|Prefecture,0,1,18.103,102.563,natural-earth,3516.047,102.038764,17.810077,103.087703,18.434586,6,Q390377,1904618,vientiane-prefecture
LAO-3278,LA-XA,True,LA,Laos,Xaignabouri,Sainyabuli,Sayaboury,Sainyabuli,,Province,0,1,17.7502,101.143,natural-earth,16647.721,100.379175,17.461158,101.906266,19.930799,6,Q465929,1652210,xaignabouri
LAO-3286,LA-XI,True,LA,Laos,Xiangkhoang,Xiangkhouang,Xieng Khouang,Xiangkhoang,,Province,0,1,19.5113,103.46,natural-earth,12437.467,102.660638,18.811617,104.259603,20.028597,7,Q465947,1652077,xiangkhoang
LAO-3295,LA-XE,True,LA,Laos,Xékong,Sekong,Sékong,Sekong,,Province,0,1,15.6414,106.982,natural-earth,8068.044,106.300106,15.044037,107.664363,16.184784,6,Q585707,1904615,xekong
LBN-3059,LB-NA,True,LB,Lebanon,An Nabatiyah,Nabatieh,Nabatieh,Nabatiye,,Province,0,1,33.3303,35.5666,natural-earth,1070.355,35.288825,33.05558,35.845116,33.501263,9,Q458417,444191,an-nabatiyah
LBN-3024,LB-BA,True,LB,Lebanon,Beirut,Beirut,de Beyrouth,Beirut,,Province,0,1,33.8849,35.5093,natural-earth,28.201,35.47047,33.861809,35.548093,33.912991,9,Q651688,276780,beirut
LBN-3022,LB-BI,True,LB,Lebanon,Beqaa,Beqaa,Bekaa,Becá,,Province,0,1,34.0494,36.1086,natural-earth,3936.805,35.613568,33.418742,36.604101,34.500143,9,Q319632,280282,beqaa
LBN-3025,LB-JL,True,LB,Lebanon,Mount Lebanon,Mount Lebanon,Mont-Liban,Monte Líbano,,Province,0,1,33.9291,35.6942,natural-earth,2013.596,35.377055,33.509738,36.011322,34.217664,9,Q216945,273607,mount-lebanon
LBN-3023,LB-AS,True,LB,Lebanon,North Lebanon,North,Nord,Líbano-Norte,,Province,0,1,34.3933,36.0424,natural-earth,1989.731,35.644958,34.152231,36.440184,34.687548,9,Q390267,278297,north-lebanon
LBN-3060,LB-JA,True,LB,Lebanon,South Lebanon,South,du Liban-Sud,Líbano-Sur,,Province,0,1,33.2661,35.2966,natural-earth,968.463,35.09962,33.083977,35.634859,33.606915,9,Q223643,279894,south-lebanon
LCA-5076,LC-01,True,LC,Saint Lucia,Anse-la-Raye,Anse la Raye Quarter,d'Anse-la-Raye,Anse La Raye,,Quarter,0,1,13.935,-61.0189,natural-earth,77.831,-61.066884,13.866477,-60.980627,13.987372,20,Q1676934,3576891,anse-la-raye
LCA-5077,LC-02,True,LC,Saint Lucia,Castries,Castries Quarter,Castries,Castries,,Quarter,0,1,14.0004,-60.9749,natural-earth,78.205,-61.026601,13.87901,-60.935588,14.043524,20,Q1049867,3576810,castries
LCA-5078,LC-03,True,LC,Saint Lucia,Choiseul,Choiseul Quarter,Choiseul,Choiseul,,Quarter,0,1,13.7912,-61.0296,natural-earth,37.765,-61.068105,13.756246,-60.980943,13.835766,20,Q1075816,3576794,choiseul
LCA-5079,LC-04,True,LC,Saint Lucia,Dauphin,Dauphin Quarter,Dauphin Island,Dauphin,,Quarter,0,1,14.0176,-60.9062,natural-earth,46.684,-60.940522,13.979272,-60.882965,14.073391,20,Q182988,3576771,dauphin
LCA-5080,LC-05,True,LC,Saint Lucia,Dennery,Dennery Quarter,Dennery,Dennery,,Quarter,0,1,13.9425,-60.9052,natural-earth,61.747,-60.960575,13.897809,-60.882965,13.983032,20,Q1188890,3576764,dennery
LCA-5081,LC-06,True,LC,Saint Lucia,Gros Islet,Gros Islet Quarter,Gros-Islet,Gros Islet,,Quarter,0,1,14.0664,-60.9446,natural-earth,46.475,-60.97997,14.017963,-60.901031,14.111884,20,Q953557,3576685,gros-islet
LCA-5082,LC-07,True,LC,Saint Lucia,Laborie,Laborie Quarter,Laborie,Laborie,,Quarter,0,1,13.7676,-60.9867,natural-earth,34.362,-61.018923,13.730641,-60.96245,13.8308,20,Q599347,3576662,laborie
LCA-5083,LC-08,True,LC,Saint Lucia,Micoud,Micoud Quarter,Micoud,Micoud,,Quarter,0,1,13.8159,-60.918,natural-earth,35.05,-60.975223,13.774001,-60.892201,13.845172,20,Q1240193,3576567,micoud
LCA-5084,LC-09,True,LC,Saint Lucia,Praslin,Praslin Quarter,Praslin,Praslin,,Quarter,0,1,13.8674,-60.918,natural-earth,53.773,-60.964335,13.832639,-60.890225,13.908475,20,Q1567791,3576507,praslin
LCA-5085,LC-10,True,LC,Saint Lucia,Soufrière,Soufrière Quarter,Soufrière,Soufrière,,Quarter,0,1,13.8545,-61.0447,natural-earth,93.864,-61.078521,13.792182,-60.960575,13.909089,20,Q1472841,3576441,soufriere
LCA-5086,LC-11,True,LC,Saint Lucia,Vieux Fort,Vieux Fort Quarter,Vieux Fort,Vieux Fort,,Quarter,0,1,13.7762,-60.9438,natural-earth,41.624,-60.981578,13.714667,-60.918039,13.839233,20,Q1472864,3576413,vieux-fort
LIE-4894,LI-01,True,LI,Liechtenstein,Balzers,Balzers,Balzers,Balzers,,,0,1,47.0701,9.50603,natural-earth,18.697,9.475886,47.05553,9.609508,47.160825,20,Q49663,3042074,balzers
LIE-4902,LI-02,True,LI,Liechtenstein,Eschen,Eschen,Eschen,Eschen,,,0,1,47.2058,9.53383,natural-earth,7.57,9.508251,47.190609,9.562909,47.22527,20,Q4540,3042069,eschen
LIE-4897,LI-03,True,LI,Liechtenstein,Gamprin,Gamprin,Gamprin,Gamprin,,,0,1,47.2052,9.50213,natural-earth,7.064,9.486434,47.191348,9.531051,47.228934,20,Q49662,3042063,gamprin
LIE-4900,LI-04,True,LI,Liechtenstein,Mauren,Mauren,Mauren,Mauren,,,0,1,47.2214,9.53828,natural-earth,3.522,9.519929,47.210811,9.554331,47.234817,20,Q49661,3042056,mauren
LIE-4901,LI-05,True,LI,Liechtenstein,Planken,Planken,Planken,Planken,,,0,1,47.1875,9.5494,natural-earth,5.891,9.529939,47.147972,9.567114,47.199689,20,Q49660,3042050,planken
LIE-4898,LI-06,True,LI,Liechtenstein,Ruggell,Ruggell,Ruggell,Ruggell,,,0,1,47.2458,9.51882,natural-earth,5.908,9.497044,47.224714,9.534182,47.262801,20,Q49659,3042047,ruggell
LIE-4896,LI-07,True,LI,Liechtenstein,Schaan,Schaan,Schaan,Schaan,,,0,1,47.1819,9.51381,natural-earth,24.827,9.484981,47.062977,9.61416,47.196918,20,Q49657,3042042,schaan
LIE-4899,LI-08,True,LI,Liechtenstein,Schellenberg,Schellenberg,Schellenberg,Schellenberg,,,0,1,47.242,9.53828,natural-earth,2.615,9.519373,47.22527,9.547096,47.251176,20,Q49655,3042038,schellenberg
LIE-4893,LI-09,True,LI,Liechtenstein,Triesen,Triesen,Triesen,Triesen,,,0,1,47.1001,9.5266,natural-earth,25.553,9.502861,47.0524,9.588253,47.130733,20,Q49654,3042036,triesen
LIE-4892,LI-10,True,LI,Liechtenstein,Triesenberg,Triesenberg,Triesenberg,Triesenberg,,,0,1,47.1284,9.54858,natural-earth,21.046,9.527158,47.077594,9.615723,47.160762,20,Q49651,3042034,triesenberg
LIE-4895,LI-11,True,LI,Liechtenstein,Vaduz,Vaduz,Vaduz,Vaduz,,,0,1,47.1469,9.51826,natural-earth,14.185,9.495534,47.086801,9.598339,47.169104,20,Q1844,3042031,vaduz
LKA-2451,LK-52,True,LK,Sri Lanka,Ampāra,Ampara,Ampara,Ampara,,District,0,1,7.1632,81.7242,natural-earth,4676.493,80.98806,6.510272,81.89031,7.739114,9,Q474395,1251460,ampara
LKA-2455,LK-71,True,LK,Sri Lanka,Anurādhapura,Anuradhapura,Anuradhapura,Anuradhapura,,District,0,1,8.29198,80.4711,natural-earth,7259.064,79.955048,7.815001,80.987129,8.916536,7,Q612614,1251080,anuradhapura
LKA-2467,LK-81,True,LK,Sri Lanka,Badulla,Badulla,Badulla,Badulla,,District,0,1,7.05184,81.0255,natural-earth,2853.004,80.780527,6.542133,81.270523,7.614936,7,Q799713,1250614,badulla
LKA-2471,LK-12,True,LK,Sri Lanka,Gampaha,Gampaha,Gampaha,Gampaha,,District,0,1,7.12599,80.0106,natural-earth,1429.012,79.813731,6.909863,80.207332,7.324773,9,Q206344,1246005,gampaha
LKA-2464,LK-31,True,LK,Sri Lanka,Gālla,Galle,Galle,Galle,,District,0,1,6.19513,80.2387,natural-earth,1641.547,79.982107,5.963817,80.495273,6.441026,7,Q647649,1246292,galla
LKA-2465,LK-33,True,LK,Sri Lanka,Hambantŏṭa,Hambantota,d'Hambantota,Hambantota,,District,0,1,6.2704,81.1619,natural-earth,2663.444,80.611752,5.975637,81.71205,6.578798,9,Q723006,1244925,hambantota
LKA-2472,LK-13,True,LK,Sri Lanka,Kaḷutara,Kalutara,Kalutara,Kalutara,,District,0,1,6.58989,80.1374,natural-earth,1677.03,79.892829,6.324886,80.381895,6.820256,9,Q728935,1241963,kalutara
LKA-2460,LK-42,True,LK,Sri Lanka,Kilinŏchchi,Kilinochchi,Kilinochchi,Kilinochchi,,District,0,1,9.38429,80.3341,natural-earth,1291.819,80.052989,9.209412,80.614757,9.680808,9,Q1584007,1240371,kilinochchi
LKA-2461,LK-61,True,LK,Sri Lanka,Kuruṇægala,Kurunegala,Kurunegala,Kurunegala,,District,0,1,7.71298,80.2369,natural-earth,4912.476,79.900167,7.25718,80.573718,8.196193,9,Q745073,1237978,kurunægala
LKA-2469,LK-92,True,LK,Sri Lanka,Kægalla,Kegalle,Kegalle,Kegalle,,District,0,1,7.08797,80.3478,natural-earth,1676.267,80.149661,6.830979,80.545916,7.394717,9,Q1737803,1240722,kægalla
LKA-2470,LK-11,True,LK,Sri Lanka,Kŏḷamba,Colombo,Colombo,Colombo,,District,0,1,6.85989,80.0349,natural-earth,682.578,79.848155,6.712009,80.221595,6.977766,9,Q606287,1248990,kolamba
LKA-2448,LK-21,True,LK,Sri Lanka,Mahanuvara,Kandy,Mahanuvara,Mahanuvara,,District,0,1,7.30186,80.718,natural-earth,1958.633,80.422099,6.94229,81.014001,7.489647,7,,1241621,mahanuvara
LKA-2457,LK-43,True,LK,Sri Lanka,Mannārama,Mannar,Mannar,Mannar,,District,0,1,8.84371,80.0854,natural-earth,1988.588,79.698009,8.521909,80.397811,9.237214,9,Q178003,1236148,mannarama
LKA-2452,LK-51,True,LK,Sri Lanka,Maḍakalapuva,Batticaloa,Batticaloa,Batticaloa,,District,0,1,7.85079,81.4613,natural-earth,2624.411,81.227011,7.402804,81.823253,8.263294,9,Q810960,1250159,madakalapuva
LKA-2458,LK-45,True,LK,Sri Lanka,Mulativ,Mullaitivu,Mullaitivu,Mullaitivu,,District,0,1,9.24043,80.5667,natural-earth,2553.356,80.174983,8.936819,80.958344,9.454753,9,Q1587508,1234392,mulativ
LKA-2449,LK-22,True,LK,Sri Lanka,Mātale,Matale,Matale,Matale,,District,0,1,7.60919,80.7391,natural-earth,2099.396,80.494446,7.387637,80.997671,8.012302,9,Q787421,1235854,matale
LKA-2466,LK-32,True,LK,Sri Lanka,Mātara,Matara,Matara,Matara,,District,0,1,6.16548,80.5542,natural-earth,1312.492,80.378794,5.923733,80.729699,6.396923,9,Q1281285,1235845,matara
LKA-2468,LK-82,True,LK,Sri Lanka,Mŏṇarāgala,Monaragala,Moneragala,Moneragala,,District,0,1,6.7224,81.3431,natural-earth,5768.649,80.82962,6.29574,81.634118,7.456109,9,Q923420,1234818,monaragala
LKA-2450,LK-23,True,LK,Sri Lanka,Nuvara Ĕliya,Nuwara Eliya,Nuwara Eliya,Nuwara Eliya,,District,0,1,6.93625,80.6991,natural-earth,1740.427,80.432331,6.753903,80.965942,7.272011,9,Q1583950,1232781,nuvara-eliya
LKA-2462,LK-62,True,LK,Sri Lanka,Puttalama,Puttalam,Puttalam,Puttalam,,District,0,1,7.94944,79.9111,natural-earth,3247.935,79.696788,7.272089,80.153175,8.572006,9,Q1665318,1229292,puttalama
LKA-2453,LK-72,True,LK,Sri Lanka,Pŏḷŏnnaruva,Polonnaruwa,Polonnaruwa,Polonnaruwa,,District,0,1,7.99997,81.048,natural-earth,3456.953,80.756136,7.65359,81.339873,8.341197,9,Q931057,1229899,polonnaruva
LKA-2463,LK-91,True,LK,Sri Lanka,Ratnapura,Ratnapura,Ratnapura,Ratnapura,,District,0,1,6.57933,80.5623,natural-earth,3319.457,80.17705,6.232307,80.947545,6.924616,7,Q1587175,1228729,ratnapura
LKA-2454,LK-53,True,LK,Sri Lanka,Trikuṇāmalaya,Trincomalee,Trinquemalay,Trincomalee,,District,0,1,8.56202,81.0848,natural-earth,2731.045,80.753035,8.149916,81.416677,8.988916,7,Q1493318,1226258,trikunamalaya
LKA-2456,LK-44,True,LK,Sri Lanka,Vavuniyāva,Vavuniya,Vavuniya,Vavuniya,,District,0,1,8.89756,80.479,natural-earth,2016.668,80.173846,8.546145,80.784144,9.125671,9,Q527980,1225017,vavuniyava
LKA-2459,LK-41,True,LK,Sri Lanka,Yāpanaya,Jaffna,Jaffna,Jaffna,,District,0,1,9.50669,79.6933,natural-earth,992.203,79.655772,9.446194,80.625981,9.829576,9,Q1520182,1242831,yapanaya
LBR-783,LR-BM,True,LR,Liberia,Bomi,Bomi,Bomi,Bomi,,County,0,1,6.75329,-10.7753,natural-earth,2081.144,-11.081773,6.402364,-10.468787,6.996214,7,Q844127,2278324,bomi
LBR-784,LR-BG,True,LR,Liberia,Bong,Bong,Bong,Bong,,County,0,1,6.99958,-9.80604,natural-earth,8876.265,-10.506149,6.438083,-9.106085,7.421564,7,Q877578,2278292,bong
LBR-1459,LR-X1,False,LR,Liberia,Gbapolu,Gbarpolu,Gbarpolu,Gbarpolu,,County,0,1,7.51706,-10.1841,natural-earth,9867.201,-10.94651,6.81576,-9.684782,8.022509,7,Q592251,2593119,gbapolu
LBR-785,LR-GB,True,LR,Liberia,Grand Bassa,Grand Bassa,Grand Bassa,Grand Bassa,,County,0,1,6.11786,-9.72887,natural-earth,7705.514,-10.36704,5.581187,-9.090757,6.652049,7,Q1047895,2276630,grand-bassa
LBR-786,LR-CM,True,LR,Liberia,Grand Cape Mount,Grand Cape Mount,Grand Cape Mount,Grand Cape Mount,,County,0,1,7.09577,-10.9953,natural-earth,5381.994,-11.476186,6.592529,-10.514469,7.543684,7,Q1047921,2276627,grand-cape-mount
LBR-793,LR-GG,True,LR,Liberia,Grand Gedeh,Grand Gedeh,Grand Gedeh,Grand Gedeh,,County,0,1,5.87286,-8.16416,natural-earth,11094.317,-8.943738,5.456696,-7.384118,6.492861,7,Q950841,2276622,grand-gedeh
LBR-780,LR-GK,True,LR,Liberia,Grand Kru,Grand Kru,Grand Kru,Grand Kru,,County,0,1,4.87073,-8.25622,natural-earth,4002.85,-8.703574,4.455607,-7.808975,5.170072,7,Q574952,2588490,grand-kru
LBR-787,LR-LO,True,LR,Liberia,Lofa,Lofa,Lofa,Lofa,,County,0,1,8.12994,-9.87553,natural-earth,9371.384,-10.616221,7.189561,-9.353507,8.565396,7,Q870130,2275344,lofa
LBR-789,LR-MG,True,LR,Liberia,Margibi,Margibi,Margibi,Margibi,,County,0,1,6.62708,-10.1783,natural-earth,2353.916,-10.636814,6.129218,-9.71984,6.792402,7,Q1052737,2588491,margibi
LBR-781,LR-MY,True,LR,Liberia,Maryland,Maryland,Maryland,Maryland,,County,0,1,4.64403,-7.69738,natural-earth,2377.04,-8.100379,4.347235,-7.540666,5.112815,7,Q870138,2275099,maryland
LBR-788,LR-MO,True,LR,Liberia,Montserrado,Montserrado,Montserrado,Montserrado,,County,0,1,6.43188,-10.5806,natural-earth,1785.571,-10.807851,6.22191,-10.353471,6.836095,7,Q862608,2274890,montserrado
LBR-791,LR-NI,True,LR,Liberia,Nimba,Nimba,Nimba,Nimba,,County,0,1,6.8643,-8.73626,natural-earth,11370.7,-9.187987,5.831892,-8.284115,7.694364,7,Q868497,2274688,nimba
LBR-792,LR-RI,True,LR,Liberia,River Cess,River Cess,River Cess,Rivercess,,County,0,1,5.82919,-9.39724,natural-earth,5298.89,-9.733149,5.271228,-9.061328,6.355065,7,Q955095,2588492,river-cess
LBR-1458,LR-X2,False,LR,Liberia,River Gee,River Gee,River Gee,River Gee,,County,0,1,5.29303,-7.91438,natural-earth,5044.015,-8.439505,4.817363,-7.388821,5.513417,7,Q1047875,2593120,river-gee
LBR-782,LR-SI,True,LR,Liberia,Sinoe,Sinoe,Sinoe,Sinoe,,County,0,1,5.39111,-8.86819,natural-earth,9098.832,-9.429677,4.821887,-8.306697,5.875197,7,Q1043644,2273898,sinoe
LSO-1202,LS-D,True,LS,Lesotho,Berea,Berea,Berea,Berea,,District,0,1,-29.1918,27.8982,natural-earth,2068.992,27.510686,-29.373401,28.285747,-28.937355,8,Q737086,932932,berea
LSO-1211,LS-B,True,LS,Lesotho,Butha-Buthe,Butha-Buthe,Butha-Buthe,Butha-Buthe,,District,0,1,-28.8328,28.5244,natural-earth,1720.346,28.218116,-29.072644,28.830881,-28.570761,8,Q535632,932888,butha-buthe
LSO-1212,LS-C,True,LS,Lesotho,Leribe,Leribe,Leribe,Leribe,,District,0,1,-28.8926,28.2108,natural-earth,2707.155,27.630747,-29.346064,28.791297,-28.700652,8,Q819987,932700,leribe
LSO-3453,LS-E,True,LS,Lesotho,Mafeteng,Mafeteng,Mafeteng,Mafeteng,,District,0,1,-29.8081,28.1834,natural-earth,2688.849,27.002155,-30.040802,28.309621,-29.52012,8,Q817342,932615,mafeteng
LSO-1203,LS-A,True,LS,Lesotho,Maseru,Maseru,Maseru,Maseru,,District,0,1,-29.5571,27.7516,natural-earth,3841.499,27.300307,-29.926959,28.203374,-29.264622,7,Q844921,932506,maseru
LSO-1204,LS-F,True,LS,Lesotho,Mohale's Hoek,Mohale's Hoek,Mohale's Hoek,Mohale's Hoek,,District,0,1,-30.075,27.8628,natural-earth,3342.819,27.17135,-30.393425,28.554671,-29.776218,8,Q839074,932439,mohale-s-hoek
LSO-1213,LS-J,True,LS,Lesotho,Mokhotlong,Mokhotlong,Mokhotlong,Mokhotlong,,District,0,1,-29.202,28.9988,natural-earth,3840.795,28.562112,-29.576024,29.435908,-28.759536,7,Q817340,932418,mokhotlong
LSO-1214,LS-H,True,LS,Lesotho,Qacha's Nek,Qacha's Nek,Qacha's Nek,Qacha's Nek,,District,0,1,-29.9679,28.6768,natural-earth,2024.892,28.203374,-30.17324,29.150654,-29.738805,8,Q850423,932219,qacha-s-nek
LSO-1205,LS-G,True,LS,Lesotho,Quthing,Quthing,Quthing,Quthing,,District,0,1,-30.3539,27.9441,natural-earth,2848.467,27.533364,-30.658799,28.355596,-30.001269,8,Q839060,932184,quthing
LSO-1215,LS-K,True,LS,Lesotho,Thaba-Tseka,Thaba-Tseka,Thaba-Tseka,Thaba-Tseka,,District,0,1,-29.6029,28.6979,natural-earth,5059.23,28.100022,-29.894402,29.296279,-29.10582,8,Q817327,932011,thaba-tseka
LTU-1067,LT-AL,True,LT,Lithuania,Alytaus,Alytus,Alytus,Alytus,,County,0,1,54.2544,24.167,natural-earth,5620.735,23.33599,53.886841,24.997989,54.560804,7,Q769940,864389,alytaus
LTU-1069,LT-KU,True,LT,Lithuania,Kauno,Kaunas,Kaunas,Kaunas,,County,0,1,55.0673,23.9879,natural-earth,8144.645,22.645729,54.459002,24.799965,55.578623,7,Q853861,864477,kauno
LTU-935,LT-KL,True,LT,Lithuania,Klaipedos,Klaipėda,Klaipėda,Klaipėda,,County,0,1,55.6254,21.3879,natural-earth,5352.613,20.924569,55.02858,22.298929,56.383677,7,Q475207,864478,klaipedos
LTU-1070,LT-MR,True,LT,Lithuania,Marijampoles,Marijampolė,Marijampolė,Marijampolė,,County,0,1,54.6829,23.1751,natural-earth,4711.848,22.571165,54.226294,23.778787,55.105371,7,Q853948,864479,marijampoles
LTU-1071,LT-PN,True,LT,Lithuania,Panevezio,Panevėžys,Panevėžys,Panevėžys,,County,0,1,56.0725,24.9143,natural-earth,7704.109,23.867102,55.393208,25.961251,56.442602,7,Q188085,864480,panevezio
LTU-1073,LT-TA,True,LT,Lithuania,Taurages,Tauragė,Tauragė,Tauragė,,County,0,1,55.2657,22.6458,natural-earth,3813.794,21.814152,55.057105,23.477461,55.686885,7,Q188960,864482,taurages
LTU-936,LT-TE,True,LT,Lithuania,Telšiai,Telšiai,Telšiai,Telšiai,,County,0,1,56.0398,22.1086,natural-earth,4001.826,21.515152,55.601774,22.702057,56.41741,7,Q188963,864483,telsiai
LTU-1074,LT-UT,True,LT,Lithuania,Utenos,Utena,Utena,Utena,,County,0,1,55.5267,25.622,natural-earth,7018.056,24.630518,55.026719,26.80072,55.958459,7,Q188659,864484,utenos
LTU-1075,LT-VL,True,LT,Lithuania,Vilniaus,Vilnius,Vilnius,Vilna,,County,0,1,54.7338,25.1588,natural-earth,9759.51,24.38862,54.12786,26.739901,55.522606,7,Q188061,864485,vilniaus
LTU-1072,LT-SA,True,LT,Lithuania,Šiauliai,Šiauliai,Šiauliai,Šiauliai,,County,0,1,55.9585,23.2677,natural-earth,8514.128,22.374635,55.474263,24.160831,56.412113,7,Q186410,864481,siauliai
LUX-906,LU-D,True,LU,Luxembourg,Diekirch,Diekirch,Diekirch,Diekirch,,District,0,1,49.9763,6.00481,natural-earth,1143.118,5.714927,49.705807,6.295568,50.174975,9,Q208747,2960655,diekirch
LUX-907,LU-G,True,LU,Luxembourg,Grevenmacher,Grevenmacher,Grevenmacher,Grevenmacher,,District,0,1,49.6474,6.33835,natural-earth,461.26,6.174642,49.455349,6.502579,49.848616,9,Q208284,2960513,grevenmacher
LUX-908,LU-L,True,LU,Luxembourg,Luxembourg,Luxembourg,Luxembourg,Luxemburgo,,District,0,1,49.6376,6.05114,natural-earth,995.405,5.790685,49.441324,6.312153,49.829724,9,,2960314,luxembourg
LV-kurzeme,,False,LV,Latvia,Kurzeme,Kurzeme,,,,,20,1,56.916988,21.918412,polylabel,13583.639,20.968598,56.072618,23.160151,57.759711,8,,,kurzeme
LV-latgale,,False,LV,Latvia,Latgale,Latgale,,,,,21,1,56.387949,27.305053,polylabel,14312.445,25.795496,55.666991,28.217275,57.356375,8,,,latgale
LV-riga,,False,LV,Latvia,Riga,Riga,,,,,30,1,57.029516,24.635995,polylabel,10516.929,22.44538,56.543577,25.555681,57.992198,8,,,riga
LV-vidzeme,,False,LV,Latvia,Vidzeme,Vidzeme,,,,,26,1,57.308377,25.865485,polylabel,15008.665,24.7995,56.543112,27.694409,58.075138,8,,,vidzeme
LV-zemgale,,False,LV,Latvia,Zemgale,Zemgale,,,,,22,1,56.476552,25.559455,polylabel,10837.325,22.701436,56.04013,26.62776,56.894615,8,,,zemgale
LBY-2983,LY-AJ,True,LY,Libya,Ajdabiya,Ajdabiya,d'Ajdabiya,del Ajdabiya,,Municipality|Governarate,0,1,29.0419,21.74,natural-earth,197568.919,18.499264,27.007628,24.981245,31.262821,6,Q1640928,7602692,ajdabiya
LBY-2987,LY-BU,True,LY,Libya,Al Butnan,Butnan,Al Boutnan,Al Butnan,,Municipality|Governarate,0,1,30.069,24.0559,natural-earth,79237.522,22.955633,28.096701,25.156261,32.224189,4,Q25931,7602688,al-butnan
LBY-2982,LY-JA,True,LY,Libya,Al Jabal al Akhdar,Jabal al Akhdar,Al Jabal al Akhdar,Al Jabal al Akhdar,,Municipality|Governarate,0,1,32.0068,21.7222,natural-earth,8448.348,21.331856,31.065623,22.11248,32.950385,4,Q32841,443289,al-jabal-al-akhdar
LBY-2973,LY-JI,True,LY,Libya,Al Jifarah,Jafara,Al Djfara,Al Jfara,,Municipality|Governarate,0,1,32.4889,13.0352,natural-earth,1333.735,12.819611,32.260202,13.250799,32.721207,4,Q329060,7602690,al-jifarah
LBY-2964,LY-JU,True,LY,Libya,Al Jufrah,Jufra,Al Djoufrah,Al Jufrah,,Municipality|Governarate,0,1,27.9396,17.299,natural-earth,115245.648,14.408144,26.003762,19.172194,29.86195,4,Q48247,2219944,al-jufrah
LBY-2965,LY-KF,True,LY,Libya,Al Kufrah,Kufra,Al-Koufrah,Al Kufrah,,Municipality|Governarate,0,1,23.7231,22.0744,natural-earth,423870.505,19.16806,19.496124,24.981245,27.049239,4,Q48200,88932,al-kufrah
LBY-2981,LY-MJ,True,LY,Libya,Al Marj,Marj,Al Marj,Al Marj,,Municipality|Governarate,0,1,32.1682,21.0132,natural-earth,14859.892,20.309283,31.032783,21.717155,32.781073,4,Q26023,88904,al-marj
LBY-2966,LY-MB,True,LY,Libya,Al Marqab,Murqub,Al Mourqoub,Al Murgub,,Municipality|Governarate,0,1,32.5351,14.1357,natural-earth,8033.985,13.236433,31.945596,14.758407,32.758236,4,Q209778,7602691,al-marqab
LBY-2986,LY-QB,True,LY,Libya,Al Qubbah,Al Qubbah,Gubba,Al Quba,,Municipality|Governarate,0,1,31.8165,22.5845,natural-earth,21210.473,21.917763,30.791558,23.251356,32.947943,4,,87204,al-qubbah
LBY-2974,LY-NQ,True,LY,Libya,An Nuqat al Khams,Nuqat al Khams,An Nouqat al Khams,An Nuqat al Khams,,Municipality|Governarate,0,1,32.6661,12.0109,natural-earth,6272.405,11.449203,32.305729,12.573216,33.181225,4,Q26161,2593778,an-nuqat-al-khams
LBY-2967,LY-WS,True,LY,Libya,Ash Shati',Ash Shati,Ash-Sharqiyah,Ash Shati,,Municipality|Governarate,0,1,27.8732,12.8352,natural-earth,96540.367,9.776953,26.21747,15.894048,29.56755,4,,2219413,ash-shati
LBY-2975,LY-ZA,True,LY,Libya,Az Zawiyah,Zawiya,Az Zaouiyah,Zauiya,,Municipality|Governarate,0,1,32.4551,12.4868,natural-earth,3387.495,11.862666,32.232607,13.110962,32.877419,7,Q26153,2218972,az-zawiyah
LBY-2984,LY-BA,True,LY,Libya,Benghazi,Benghazi,Benghazi,Bengasi,,Municipality|Governarate,0,1,31.2887,20.6182,natural-earth,9835.399,19.917247,31.006997,21.31904,32.562712,9,Q40816,88318,benghazi
LBY-2882,LY-GD,True,LY,Libya,Ghadamis,Ghadames,Ghadamès,Ghadamis,,Municipality|Governarate,0,1,30.3343,10.6245,natural-earth,68025.828,9.286544,28.529008,11.963022,32.417863,4,,2214432,ghadamis
LBY-2968,LY-GT,True,LY,Libya,Ghat,Ghat,Ghat,Ghat,,Municipality|Governarate,0,1,25.9201,10.4298,natural-earth,51433.268,9.377804,24.326339,11.480984,27.818642,4,Q48236,2217350,ghat
LBY-2970,LY-MI,True,LY,Libya,Misratah,Misrata,Misratah,Misurata,,Municipality|Governarate,0,1,32.2151,15.0186,natural-earth,49769.816,13.397663,29.37676,16.531219,32.449675,7,Q32845,2214845,misratah
LBY-2976,LY-MZ,True,LY,Libya,Mizdah,Mizdah,Mizdah,Mizdah,,Municipality|Governarate,0,1,30.6105,13.2861,natural-earth,88859.33,11.589918,28.426973,14.982373,32.317382,7,,7602689,mizdah
LBY-2969,LY-MQ,True,LY,Libya,Murzuq,Murzuq,Mourzouq,Murzuk,,Municipality|Governarate,0,1,24.9977,15.2592,natural-earth,283954.775,11.33257,21.864177,19.185837,27.075169,4,Q48239,2214602,murzuq
LBY-2971,LY-SB,True,LY,Libya,Sabha,Sabha,Sebha,Sabha,,Municipality|Governarate,0,1,27.2371,15.1065,natural-earth,17261.76,13.932308,26.245013,16.280691,27.741149,7,Q26132,2212774,sabha
LBY-2985,LY-SR,True,LY,Libya,Surt,Sirte,Syrte,Sirte,,Municipality|Governarate,0,1,30.2021,17.4523,natural-earth,46325.399,16.114603,28.484618,18.780528,31.261236,7,Q26417,2210553,surt
LBY-2978,LY-TN,True,LY,Libya,Tajura' wa an Nawahi al Arba,Tripoli District,Tajura' wa an Nawahi al Arba,Tajura' wa an Nawahi al Arba,,Municipality|Governarate,0,1,32.6867,13.5154,natural-earth,2619.84,13.076339,32.333737,13.954436,32.918647,4,,2210245,tajura-wa-an-nawahi-al-arba
LBY-5488,LY-WD,True,LY,Libya,Wadi al Hayaa,Wadi al Hayaa,Wadi al Hayaat,Wadi Al Hayaa,,Municipality|Governarate,0,1,26.3564,12.679,natural-earth,32436.737,11.303666,25.547795,14.146248,27.292185,4,Q48233,7602693,wadi-al-hayaa
MAR-1449,MA-09,True,MA,Morocco,Chaouia - Ouardigha,Chaouia-Ouardigha,Chaouia-Ouardigha,Chauía-Uardiga,,Region,0,1,33.0977,-7.0775,natural-earth,16513.196,-8.117923,32.346605,-6.037068,33.834866,5,Q390331,2597548,chaouia-ouardigha
MAR-1457,MA-10,True,MA,Morocco,Doukkala - Abda,Doukkala Abda,Région Doukkala Abda,Dukala-Abda,,Region,0,1,32.4059,-8.7136,natural-earth,14080.16,-9.458767,31.744859,-7.968474,33.466433,5,Q390366,2597549,doukkala-abda
MAR-1446,MA-05,True,MA,Morocco,Fès - Boulemane,Fès-méknas-boulmane,Fès-Boulemane,Fez-Bulmán,,Region,0,1,33.2343,-4.17332,natural-earth,19824.078,-5.420516,32.613152,-2.926121,34.310723,6,Q648249,2548882,fes-boulemane
MAR-1448,MA-02,True,MA,Morocco,Gharb - Chrarda - Béni Hssen,Gharb-Chrarda-Béni Hssen,Gharb-Chrarda-Beni Hssen,Garb-Chrarda-Beni Hsen,,Region,0,1,34.5356,-5.9502,natural-earth,8937.564,-6.722646,34.103707,-5.17787,35.010163,5,Q477968,2597550,gharb-chrarda-beni-hssen
MAR-1450,MA-08,True,MA,Morocco,Grand Casablanca,Grand Casablanca,Grand Casablanca,Gran Casablanca,,Region,0,1,33.545,-7.55595,natural-earth,816.438,-7.886019,33.362486,-7.340968,33.732489,9,Q478222,2553603,grand-casablanca
MAR-3457,MA-14,True,MA,Morocco,Guelmim - Es-Semara,Guelmim-Es Semara,Guelmim-Es Semara,Guelmim-Esmara,,Region,0,1,28.1581,-10.0502,natural-earth,101601.859,-12.577366,25.992613,-6.34391,30.487028,6,Q529796,2597551,guelmim-es-semara
MAR-3456,MA-15,True,MA,Morocco,Laâyoune - Boujdour - Sakia El Hamra,Laâyoune-Boujdour-Sakia El Hamra,Laâyoune-Boujdour-Sakia el Hamra,El Aaiún-Bojador-Saguia el Hamra,,Region,0,1,25.9492,-13.278,natural-earth,73688.266,-15.012249,24.393989,-11.543657,28.210141,5,Q818739,6545402,laayoune-boujdour-sakia-el-hamra
MAR-1456,MA-11,True,MA,Morocco,Marrakech - Tensift - Al Haouz,Marrakesh-Tensift-El Haouz,Marrakech-Tensift-Al Haouz,Marrakech-Tensift-Al Hauz,,Region,0,1,31.3472,-8.43749,natural-earth,32111.499,-9.847524,30.829359,-7.027602,32.834043,6,Q477940,2542995,marrakech-tensift-al-haouz
MAR-1452,MA-06,True,MA,Morocco,Meknès - Tafilalet,Meknès-Tafilalet,Meknès-Tafilalet,Mequinez-Tafilalet,,Region,0,1,31.7916,-4.78602,natural-earth,58979.412,-6.419783,30.229088,-3.152257,34.280647,5,Q497006,2542710,meknes-tafilalet
MAR-1454,MA-04,True,MA,Morocco,Oriental,Oriental,Oriental,Oriental,,Region,0,1,33.6161,-2.5158,natural-earth,58253.125,-3.999182,31.732546,-1.031999,35.446438,5,Q648160,2597553,oriental
MAR-3469,MA-16,True,MA,Morocco,Oued el Dahab,Oued Ed-Dahab,Oued Ed-Dahab,Río de Oro-Dajla,,Region,0,1,23.0116,-14.9815,natural-earth,75695.311,-17.013743,21.419971,-12.94688,24.591546,5,Q2410368,7627603,oued-el-dahab
MAR-1451,MA-07,True,MA,Morocco,Rabat - Salé - Zemmour - Zaer,Rabat-Salé-Zemmour-Zaër,Rabat-Salé-Zemmour-Zaër,Rabat-Salé-Zemur-Zaer,,Region,0,1,33.6986,-6.42079,natural-earth,9534.402,-7.117014,33.187949,-5.724529,34.182442,5,Q477961,2538470,rabat-sale-zemmour-zaer
MAR-1455,MA-13,True,MA,Morocco,Souss - Massa - Draâ,Suss-Massa-Draa,Souss-Massa-Drâa,Sus-Masa-Draa,,Region,0,1,30.6732,-7.71517,natural-earth,72007.223,-10.399064,29.075926,-4.770731,31.969729,5,Q264529,2597554,souss-massa-draa
MAR-1453,MA-12,True,MA,Morocco,Tadla - Azilal,Tadla-Azilal,Tadla-Azilal,Tadla-Azilal,,Region,0,1,32.1648,-6.36087,natural-earth,16481.115,-7.284434,31.372013,-5.437311,32.793063,5,Q477942,2597555,tadla-azilal
MAR-1445,MA-01,True,MA,Morocco,Tanger - Tétouan,Tangier-Tetouan,Tanger-Tétouan,Tánger-Tetuán,,Region,0,1,35.2884,-5.35664,natural-earth,11697.408,-6.249209,34.714677,-4.464218,35.926519,5,Q389777,2597556,tanger-tetouan
MAR-1447,MA-03,True,MA,Morocco,Taza - Al Hoceima - Taounate,Taza-Al Hoceïma-Taounate,Taza-Al Hoceïma-Taounate,Taza-Alhucemas-Taunat,,Region,0,1,34.5526,-4.21989,natural-earth,22207.764,-5.490693,33.513381,-2.949091,35.266832,6,Q818390,2597557,taza-al-hoceima-taounate
MCO+00?,MC-X01,False,MC,Monaco,Monaco,Monaco,Monaco-Ville,Monaco-Ville,,,0,1,43.7461,7.39979,natural-earth,18.803,7.36575,43.717969,7.437454,43.763506,20,Q55115,3319178,monaco
MDA-1629,MD-AN,True,MD,Moldova,Anenii Noi,Anenii Noi,Anenii Noi,Anenii Noi,,District,0,1,46.8817,29.1922,natural-earth,827.632,28.908138,46.763244,29.476165,47.13578,9,Q769224,617715,anenii-noi
MDA-1630,MD-BS,True,MD,Moldova,Basarabeasca,Basarabeasca,Basarabeasca,Basarabeasca,,District,0,1,46.3726,28.8846,natural-earth,457.026,28.704636,46.16664,29.064614,46.557985,9,Q1980044,618565,basarabeasca
MDA-1650,MD-BD,True,MD,Moldova,Bender,Bender,Bender,Bender,,City,0,1,46.7897,29.6966,natural-earth,918.869,29.441025,46.553129,29.952621,46.961256,9,Q192176,861487,bender
MDA-1613,MD-BR,True,MD,Moldova,Briceni,Briceni,Briceni,Briceni,,District,0,1,48.2646,26.9644,natural-earth,748.243,26.617889,48.121409,27.311543,48.399683,9,Q753795,618511,briceni
MDA-1618,MD-BA,True,MD,Moldova,Bălţi,Bălți,Bălți,Bălți,,City,0,1,47.7763,27.9516,natural-earth,101.281,27.848409,47.709336,28.054856,47.816203,9,Q37801,873909,balti
MDA-1624,MD-CA,True,MD,Moldova,Cahul,Cahul,Cahul,Cahul,,District,0,1,45.64,28.3144,natural-earth,1433.954,28.062142,45.461774,28.567641,46.106333,9,Q2128882,618164,cahul
MDA-1652,MD-CAM,True,MD,Moldova,Camenca,Camenca,Camenca,Camenca,,District,0,1,48.0369,28.7044,natural-earth,665.314,28.466614,47.842145,28.942141,48.155951,9,,,camenca
MDA-1631,MD-CT,True,MD,Moldova,Cantemir,Cantemir,Cantemir,Cantemir,,District,0,1,46.262,28.3107,natural-earth,872.639,28.108961,46.07618,28.512916,46.435099,9,Q684183,618142,cantemir
MDA-1649,MD-CS,True,MD,Moldova,Causeni,Căușeni,Căușeni,Căușeni,,District,0,1,46.6185,29.3728,natural-earth,1234.55,28.971235,46.35712,29.578174,46.851973,9,Q2128869,618119,causeni
MDA-1627,MD-CU,True,MD,Moldova,Chişinău,Chișinău,Chișinău,Chisináu,,City,0,1,47.0348,28.822,natural-earth,175.757,28.661848,46.961113,28.982087,47.139242,9,Q21197,618069,chisinau
MDA-1633,MD-CM,True,MD,Moldova,Cimişlia,Cimișlia,Cimișlia,Cimișlia,,District,0,1,46.5885,28.7794,natural-earth,1210.822,28.573429,46.4174,29.183059,46.823292,9,Q286646,618430,cimislia
MDA-1626,MD-GA,True,MD,Moldova,Comrat,Comrat,Comrat,Comrat,,Autonomous Territory,0,1,46.191,28.6386,natural-earth,1712.943,28.270423,45.501978,28.916199,46.502588,9,,858895,comrat
MDA-1634,MD-CR,True,MD,Moldova,Criuleni,Criuleni,Criuleni,Criuleni,,District,0,1,47.1782,29.0355,natural-earth,803.363,28.77874,46.976306,29.292249,47.333132,9,Q2128862,617962,criuleni
MDA-1632,MD-CL,True,MD,Moldova,Călărași,Călărași,Călărași,Călărași,,District,0,1,47.2892,28.3373,natural-earth,747.305,28.086689,47.157174,28.58795,47.44049,9,Q188948,618162,calarasi
MDA-1614,MD-DO,True,MD,Moldova,Donduseni,Dondușeni,Dondușeni,Dondușeni,,District,0,1,48.2339,27.7632,natural-earth,854.299,27.509928,48.04885,28.016409,48.378444,9,Q1061128,618381,donduseni
MDA-1619,MD-DR,True,MD,Moldova,Drochia,Drochia,Drochia,Drochia,,District,0,1,48.0267,27.8915,natural-earth,759.055,27.672089,47.848036,28.110977,48.209099,9,Q865594,618369,drochia
MDA-1615,MD-ED,True,MD,Moldova,Edineţ,Edineț,Edineț,Edineț,,District,0,1,48.1332,27.2978,natural-earth,938.054,27.034298,47.942096,27.561812,48.302892,9,Q878290,617077,edinet
MDA-1635,MD-FL,True,MD,Moldova,Floreşti,Florești,Florești,Florești,,District,0,1,47.8707,28.2994,natural-earth,784.641,28.064778,47.687942,28.534104,48.015054,9,Q865726,618331,floresti
MDA-1620,MD-FA,True,MD,Moldova,Făleşti,Fălești,Falești,Fălești,,District,0,1,47.57,27.7231,natural-earth,1135.881,27.429404,47.367389,28.017081,47.773622,9,Q878375,618345,falesti
MDA-1621,MD-GL,True,MD,Moldova,Glodeni,Glodeni,Glodeni,Glodeni,,District,0,1,47.7495,27.5658,natural-earth,793.395,27.272009,47.57813,27.86014,47.867363,9,Q860716,618260,glodeni
MDA-1637,MD-GRI,True,MD,Moldova,Grigoriopol,Grigoriopol,Grigoriopol,Grigoriopol,,Territorial Unit,0,1,47.1194,29.4396,natural-earth,679.735,29.276591,46.935172,29.60303,47.339825,9,,,grigoriopol
MDA-1639,MD-HI,True,MD,Moldova,Hîncesti,Hîncești,Hîncești,Hîncești,,District,0,1,46.8298,28.416,natural-earth,1257.779,28.096869,46.612607,28.73559,47.049066,9,Q878297,858803,hincesti
MDA-1640,MD-IA,True,MD,Moldova,Ialoveni,Ialoveni,Ialoveni,Ialoveni,,District,0,1,46.8905,28.7874,natural-earth,644.401,28.48682,46.789212,29.088023,47.063691,9,Q2128964,617991,ialoveni
MDA-1641,MD-LE,True,MD,Moldova,Leova,Leova,Leova,Leova,,District,0,1,46.5654,28.4105,natural-earth,744.761,28.219032,46.388642,28.602472,46.723505,9,Q1826662,617903,leova
MDA-1642,MD-NI,True,MD,Moldova,Nisporeni,Nisporeni,Nisporeni,Nisporeni,,District,0,1,47.0476,28.2369,natural-earth,832.486,27.969177,46.90538,28.504596,47.250915,9,Q878266,617754,nisporeni
MDA-1616,MD-OC,True,MD,Moldova,Ocniţa,Ocnița,Ocnița,Ocnița,,District,0,1,48.4024,27.5685,natural-earth,646.561,27.25193,48.237289,27.885371,48.486034,9,Q266444,617656,ocnita
MDA-1643,MD-OR,True,MD,Moldova,Orhei,Orhei,Orhei,Orhei,,District,0,1,47.3961,28.8156,natural-earth,1075.285,28.520719,47.202545,29.110503,47.599059,9,Q2112462,617639,orhei
MDA-1645,MD-RE,True,MD,Moldova,Rezina,Rezina,Rezina,Rezina,,District,0,1,47.7344,29.084,natural-earth,732.157,28.929945,47.46563,29.238608,47.980173,9,,,rezina
MDA-1644,MD-RE,True,MD,Moldova,Rezina,Rezina,Rezina,Rezina,,District,0,1,47.6683,28.819,natural-earth,654.689,28.611205,47.529476,29.026735,47.883227,9,Q878317,617501,rezina
MDA-1617,MD-RI,True,MD,Moldova,Rîşcani,Rîșcani,Rîșcani,Rîșcani,,District,0,1,47.9614,27.5565,natural-earth,1058.082,27.160698,47.75068,27.952795,48.120422,9,Q611656,617483,riscani
MDA-1653,MD-SO,True,MD,Moldova,Soroca,Soroca,Soroca,Soroca,,District,0,1,48.1034,28.2477,natural-earth,817.114,27.95202,47.985082,28.543405,48.325883,9,Q2129022,617366,soroca
MDA-1647,MD-ST,True,MD,Moldova,Străşeni,Strășeni,Strășeni,Strășeni,,District,0,1,47.1828,28.5847,natural-earth,766.153,28.326933,47.012273,28.842509,47.332383,9,Q878308,617301,straseni
MDA-1628,MD-SN,True,MD,Moldova,Stîngă Nistrului,Transnistria,Stîngă Nistrului,Stînga Nistrului,,District,0,1,47.1532,29.1763,natural-earth,613.223,28.98188,47.074181,29.370882,47.484008,9,,,stinga-nistrului
MDA-1622,MD-SI,True,MD,Moldova,Sîngerei,Sîngerei,Sîngerei,Sîngerei,,District,0,1,47.6929,28.1728,natural-earth,983.687,27.928818,47.441394,28.416695,47.901107,9,Q1796621,617913,singerei
MDA-1625,MD-TA,True,MD,Moldova,Taraclia,Taraclia,Taraclia,Taraclia,,District,0,1,45.8995,28.7033,natural-earth,790.34,28.391683,45.735494,29.015365,46.22121,9,Q865884,617264,taraclia
MDA-1648,MD-TE,True,MD,Moldova,Teleneşti,Telenești,Telenești,Telenești,,District,0,1,47.566,28.4349,natural-earth,872.867,28.151336,47.412145,28.718485,47.755587,9,Q2129025,617255,telenesti
MDA-1638,MD-SN,True,MD,Moldova,Transnistria,Transnistria,Transnistrie,Transnistria,,District,0,1,47.2616,29.1574,natural-earth,17.06,29.125179,47.230812,29.189567,47.290292,9,,,transnistria
MDA-1623,MD-UN,True,MD,Moldova,Ungheni,Ungheni,Ungheni,Ungheni,,District,0,1,47.2556,27.9072,natural-earth,1091.396,27.588724,47.015483,28.225802,47.467956,9,Q854443,617181,ungheni
MDA-1646,MD-SD,True,MD,Moldova,Şoldăneşti,Șoldănești,Șoldănești,Șoldănești,,District,0,1,47.8423,28.6952,natural-earth,550.349,28.427443,47.717036,28.963018,47.982808,9,Q865639,858808,soldanesti
MDA-1651,MD-SV,True,MD,Moldova,Ștefan Vodă,Ștefan Vodă,Ștefan Vodă,Ștefan Vodă,,District,0,1,46.5031,29.7739,natural-earth,1112.636,29.416737,46.339395,30.131576,46.723815,9,Q2129061,617283,stefan-voda
MNE-1508,ME-01,True,ME,Montenegro,Andrijevica,Andrijevica,Andrijevica,Municipio de Andrijevica,,Municipality,0,1,42.6933,19.7688,natural-earth,333.695,19.628136,42.58893,19.90941,42.82643,9,Q2384773,3343959,andrijevica
MNE-1496,ME-02,True,ME,Montenegro,Bar,Bar,Bar,Municipio de Bar,,Municipality,0,1,42.1416,19.1463,natural-earth,573.777,18.922546,42.011467,19.369998,42.321939,9,Q2604068,3204508,bar
MNE-1509,ME-03,True,ME,Montenegro,Berane,Berane,Berane,Municipio de Berane,,Municipality,0,1,42.8198,19.9003,natural-earth,734.299,19.67113,42.689281,20.129464,43.020796,9,Q4853794,3199070,berane
MNE-1510,ME-04,True,ME,Montenegro,Bijelo Polje,Bijelo Polje,Bijelo Polje,Municipio de Bijelo Polje,,Municipality,0,1,43.0174,19.7579,natural-earth,777.546,19.459464,42.90751,20.056344,43.218815,9,Q4086488,3204173,bijelo-polje
MNE-1499,ME-05,True,ME,Montenegro,Budva,Budva,Budva,Municipio de Budva,,Municipality,0,1,42.3039,18.8929,natural-earth,122.656,18.784931,42.18327,19.000887,42.360025,9,Q3739214,3203104,budva
MNE-1500,ME-06,True,ME,Montenegro,Cetinje,Cetinje,Cetinje,Municipio de Cetinje,,Municipality,0,1,42.4993,18.8954,natural-earth,965.759,18.648299,42.283621,19.142584,42.718116,9,Q3305075,3202640,cetinje
MNE-1511,ME-07,True,ME,Montenegro,Danilovgrad,Danilovgrad,Danilovgrad,Municipio de Danilovgrad,,Municipality,0,1,42.5936,19.1191,natural-earth,511.591,18.93717,42.487174,19.300972,42.759509,9,Q3741507,3202193,danilovgrad
MNE-1506,ME-08,True,ME,Montenegro,Herceg Novi,Herceg Novi,Herceg Novi,Municipio de Herceg Novi,,Municipality,0,1,42.4041,18.6027,natural-earth,237.77,18.436425,42.366278,18.659978,42.59849,9,Q3317366,3199393,herceg-novi
MNE-1512,ME-09,True,ME,Montenegro,Kolašin,Kolašin,Kolašin,Municipio de Kolašin,,Municipality,0,1,42.7889,19.4394,natural-earth,854.888,19.199893,42.661918,19.678985,42.934486,9,Q3303233,3197895,kolasin
MNE-1507,ME-10,True,ME,Montenegro,Kotor,Kotor,Kotor,Municipio de Kotor,,Municipality,0,1,42.5415,18.65,natural-earth,291.994,18.506798,42.27147,18.793561,42.629336,9,Q4856305,3197537,kotor
MNE-1513,ME-11,True,ME,Montenegro,Mojkovac,Mojkovac,Mojkovac,Municipio de Mojkovac,,Municipality,0,1,42.971,19.515,natural-earth,372.111,19.331255,42.881646,19.698777,43.051352,9,Q3299782,3194925,mojkovac
MNE-1514,ME-12,True,ME,Montenegro,Nikšic,Nikšić,Nikšić,Municipio de Nikšić,,Municipality,0,1,42.8341,18.8259,natural-earth,2058.022,18.433531,42.620215,19.218652,43.124578,9,Q4865016,3194493,niksic
MNE-1503,ME-13,True,ME,Montenegro,Plav,Plav,Plav,Municipio de Plav,,Municipality,0,1,42.5985,19.9168,natural-earth,506.994,19.730299,42.466479,20.10392,42.707363,9,Q4859821,3193227,plav
MNE-1516,ME-14,True,ME,Montenegro,Pljevlja,Pljevlja,Pljevlja,Municipio de Pljevlja,,Municipality,0,1,43.3019,19.2264,natural-earth,1322.642,18.90513,43.045177,19.547845,43.547886,9,Q3299950,3193160,pljevlja
MNE-1515,ME-15,True,ME,Montenegro,Plužine,Plužine,Plužine,Municipio de Plužine,,Municipality,0,1,43.1483,18.8229,natural-earth,877.604,18.621128,42.9334,19.025175,43.351903,9,Q4864476,3193129,pluzine
MNE-1517,ME-16,True,ME,Montenegro,Podgorica,Podgorica,Podgorica,Municipio de Podgorica,,Municipality,0,1,42.4462,19.3069,natural-earth,1434.992,18.95598,42.198047,19.658037,42.739071,9,Q3305250,3189077,podgorica
MNE-1501,ME-17,True,ME,Montenegro,Rožaje,Rožaje,Rožaje,Municipio de Rožaje,,Municipality,0,1,42.8615,20.2013,natural-earth,393.139,20.047593,42.742508,20.355171,42.973605,9,Q3296677,786233,rozaje
MNE-1518,ME-19,True,ME,Montenegro,Tivat,Tivat,Tivat,Municipio de Tivat,,Municipality,0,1,42.3897,18.6898,natural-earth,32.905,18.644949,42.357577,18.73465,42.476746,9,Q3738564,3189071,tivat
MNE-1497,ME-20,True,ME,Montenegro,Ulcinj,Ulcinj,Ulcinj,Municipio de Ulcinj,,Municipality,0,1,42.0039,19.2564,natural-earth,296.067,19.13795,41.852362,19.374869,42.106507,9,Q3305169,3188514,ulcinj
MNE-1519,ME-18,True,ME,Montenegro,Šavnik,Šavnik,Šavnik,Municipio de Šavnik,,Municipality,0,1,42.9571,19.1516,natural-earth,544.373,18.930917,42.858935,19.372286,43.097886,9,Q13365880,3191221,savnik
MNE-1520,ME-21,True,ME,Montenegro,Žabljak,Žabljak,Žabljak,Municipio de Žabljak,,Municipality,0,1,43.1148,19.2003,natural-earth,461.261,18.989506,42.990115,19.411146,43.296546,9,Q3304454,3186995,zabljak
MAF-5145,MF-X00,False,MF,Saint Martin,St. Martin,Saint Martin,Saint-Martin,San Martín,,,0,1,18.0799,-63.078,natural-earth,68.5,-63.14684,18.033391,-63.010732,18.122138,20,Q126125,3578419,st-martin
MDG-5860,MG-A,True,MG,Madagascar,Alaotra-Mangoro,Toamasina,Tamatave,Toamasina,,Autonomous Province,0,1,-17.8014,48.3868,natural-earth,27773.677,47.849876,-19.795587,48.916839,-16.239887,6,Q639418,7670851,alaotra-mangoro
MDG-5861,MG-F,True,MG,Madagascar,Amoron'i Mania,Amoron'i Mania,Amoron'i Mania,Amoron'i Mania,,Autonomous Province,0,1,-20.5449,46.7822,natural-earth,17105.446,45.767315,-21.047367,47.781146,-19.882714,6,,7670904,amoron-i-mania
MDG-5862,MG-T,True,MG,Madagascar,Analamanga,Antananarivo,Antananarivo,Antananarivo,,Autonomous Province,0,1,-18.4743,47.481,natural-earth,16442.552,46.590831,-19.594308,48.033637,-17.722122,6,Q489821,7670856,analamanga
MDG-5863,MG-A,True,MG,Madagascar,Analanjirofo,Toamasina,Tamatave,Toamasina,,Autonomous Province,0,1,-16.5763,49.5586,natural-earth,22248.243,48.729418,-17.752632,50.13087,-14.940483,6,Q639418,7670848,analanjirofo
MDG-5864,MG-U,True,MG,Madagascar,Androy,Androy,Androy,Androy,,Autonomous Province,0,1,-24.8192,45.5069,natural-earth,15822.431,44.727794,-25.598565,46.237641,-23.884468,4,,7670911,androy
MDG-5865,MG-U,True,MG,Madagascar,Anosy,Anosy,Anosy,Anosy,,Autonomous Province,0,1,-24.22,46.2904,natural-earth,30643.026,45.275374,-25.198175,47.428062,-22.673086,4,,7670910,anosy
MDG-5866,MG-U,True,MG,Madagascar,Atsimo-Andrefana,Atsimo-Andrefana,Atsimo-Andrefana,Atsimo-Atsinanana,,Autonomous Province,0,1,-23.3142,44.4011,natural-earth,69225.076,43.222911,-25.303643,45.790466,-20.92911,4,,7670913,atsimo-andrefana
MDG-5867,MG-F,True,MG,Madagascar,Atsimo-Atsinanana,Atsimo-Atsinanana,Atsimo-Atsinanana,Atsimo-Atsinanana,,Autonomous Province,0,1,-23.3142,47.3774,natural-earth,16188.376,46.411927,-24.287613,47.882499,-22.174843,6,,7670908,atsimo-atsinanana
MDG-5868,MG-A,True,MG,Madagascar,Atsinanana,Toamasina,Tamatave,Toamasina,,Autonomous Province,0,1,-18.9143,48.9044,natural-earth,22255.323,47.679033,-20.452808,49.509613,-17.513685,6,Q639418,7670857,atsinanana
MDG-5869,MG-M,True,MG,Madagascar,Betsiboka,Betsiboka,Betsiboka,Betsiboka,,Autonomous Province,0,1,-17.232,47.1963,natural-earth,30778.432,45.484792,-17.949912,48.204169,-16.299441,6,,7670850,betsiboka
MDG-5870,MG-M,True,MG,Madagascar,Boeny,Boeny,Boeny,Boeny,,Autonomous Province,0,1,-16.3187,46.3149,natural-earth,30383.567,44.877778,-17.239004,47.351391,-15.195082,6,,7670849,boeny
MDG-5871,MG-T,True,MG,Madagascar,Bongolava,Antananarivo,Antananarivo,Antananarivo,,Autonomous Province,0,1,-18.6296,46.1092,natural-earth,18097.225,45.498856,-19.468901,47.130626,-17.734059,6,Q489821,7670853,bongolava
MDG-5872,MG-D,True,MG,Madagascar,Diana,Diana,Diana,Diana,,Autonomous Province,0,1,-13.5916,49.08,natural-earth,19408.57,47.875824,-14.245435,49.635509,-11.943617,7,,7670842,diana
MDG-5873,MG-F,True,MG,Madagascar,Haute Matsiatra,Haute Matsiatra,Haute Matsiatra,Haute Matsiatra,,Autonomous Province,0,1,-21.4423,46.5733,natural-earth,21524.803,45.515031,-22.275063,47.451611,-20.746707,6,,7670905,haute-matsiatra
MDG-5874,MG-F,True,MG,Madagascar,Ihorombe,Ihorombe,Ihorombe,Ihorombe,,Autonomous Province,0,1,-22.4083,46.2128,natural-earth,24574.432,45.005605,-23.703199,47.201061,-21.666791,6,,7670907,ihorombe
MDG-5875,MG-T,True,MG,Madagascar,Itasy,Antananarivo,Antananarivo,Antananarivo,,Autonomous Province,0,1,-18.9938,46.7662,natural-earth,6673.543,46.161278,-19.443846,47.476667,-18.704722,6,Q489821,7670855,itasy
MDG-5876,MG-M,True,MG,Madagascar,Melaky,Melaky,Melaky,Melaky,,Autonomous Province,0,1,-17.6203,44.8928,natural-earth,41765.656,43.923595,-19.308434,45.96999,-16.176528,6,,7670852,melaky
MDG-5878,MG-U,True,MG,Madagascar,Menabe,Menabe,Menabe,Menabe,,Autonomous Province,0,1,-20.3119,45.0481,natural-earth,49839.382,43.542247,-21.902683,45.858576,-18.190414,4,,7670902,menabe
MDG-5879,MG-D,True,MG,Madagascar,Sava,Sava,Sava,Sava,,Autonomous Province,0,1,-14.3074,49.8621,natural-earth,24029.064,49.09688,-15.984633,50.503917,-12.674574,7,,7670846,sava
MDG-5880,MG-M,True,MG,Madagascar,Sofia,Sofia,Sofia,Sofia,,Autonomous Province,0,1,-15.2909,48.4645,natural-earth,51152.329,47.055919,-16.764196,49.585945,-13.864993,6,,7670847,sofia
MDG-5881,MG-T,True,MG,Madagascar,Vakinankaratra,Antananarivo,Antananarivo,Antananarivo,,Autonomous Province,0,1,-19.7425,46.8857,natural-earth,17402.608,45.783903,-20.279899,47.875352,-19.155713,6,Q489821,7670854,vakinankaratra
MDG-5882,MG-F,True,MG,Madagascar,Vatovavy-Fitovinany,Vatovavy-Fitovinany,Vatovavy-Fitovinany,Vatovavy-Fitovinany,,Autonomous Province,0,1,-21.399,47.921,natural-earth,21419.022,47.063259,-22.595605,48.616222,-20.221556,6,,7670906,vatovavy-fitovinany
MHL-4968,MH-L,True,MH,Marshall Islands,Railik Chain,Ralik Chain,Chaîne de Ralik,Cadena Ralik,,,0,1,7.59556,168.959,natural-earth,81.831,165.282237,4.573798,169.734548,11.710883,20,,-1,railik-chain
MHL-4969,MH-T,True,MH,Marshall Islands,Ratak Chain,Ratak Chain,Îles Ratak,Ratak Chain,,,0,1,9.45915,170.243,natural-earth,83.688,168.987315,6.051703,172.029796,14.6105,20,Q700048,-1,ratak-chain
MKD-2937,MK-01,True,MK,Macedonia,Aerodrom,Aerodrom,Aerodrom,Municipalidad de Aerodrom,,Municipality,0,1,41.9517,21.4932,natural-earth,21.2,21.432212,41.918682,21.554271,41.983743,10,Q1992708,7056266,aerodrom
MKD-2919,MK-02,True,MK,Macedonia,Aračinovo,Aračinovo,Aratchinovo,Municipalidad de Aračinovo,,Statistical Region,0,1,42.0185,21.5862,natural-earth,33.707,21.538768,41.985706,21.633543,42.070249,10,Q597345,863831,aracinovo
MKD-3004,MK-03,True,MK,Macedonia,Berovo,Berovo,Berovo,Municipalidad de Berovo,,Statistical Region,0,1,41.6344,22.8027,natural-earth,578.077,22.620459,41.517053,22.985435,41.807164,10,Q793727,863485,berovo
MKD-2896,MK-04,True,MK,Macedonia,Bitola,Bitola,Bitola,Municipalidad de Bitola,,Statistical Region,0,1,41.0402,21.2925,natural-earth,757.903,21.073784,40.860815,21.511173,41.219862,10,Q159380,863486,bitola
MKD-2996,MK-05,True,MK,Macedonia,Bogdanci,Bogdanci,Bogdantsi,Municipalidad de Bogdanci,,Statistical Region,0,1,41.1772,22.5841,natural-earth,105.026,22.504601,41.124085,22.663558,41.253012,10,Q1992752,862950,bogdanci
MKD-2960,MK-06,True,MK,Macedonia,Bogovinje,Bogovinje,Bogovinyé,Municipalidad de Bogovinje,,Statistical Region,0,1,41.945,20.869,natural-earth,139.062,20.751052,41.873284,20.987588,41.98829,10,Q9035785,863834,bogovinje
MKD-2997,MK-07,True,MK,Macedonia,Bosilovo,Bosilovo,Bosilovo,Municipalidad de Bosilovo,,Statistical Region,0,1,41.4665,22.7665,natural-earth,158.205,22.673583,41.391582,22.859411,41.569427,10,Q1779775,862946,bosilovo
MKD-2944,MK-52,True,MK,Macedonia,Brod,Makedonski Brod,Makedonski Brod,Municipalidad de Makedonski Brod,,Statistical Region,0,1,41.6303,21.2133,natural-earth,840.269,21.029962,41.429099,21.396658,41.839875,10,Q2364199,863877,brod
MKD-2961,MK-08,True,MK,Macedonia,Brvenica,Brvenica,Brvenitsa,Municipalidad de Brvenica,,Statistical Region,0,1,41.8465,21.066,natural-earth,160.441,20.948313,41.777295,21.183751,41.966896,10,Q1057563,863835,brvenica
MKD-2921,MK-09,True,MK,Macedonia,Butel,Butel,Boutel,Municipalidad de Butel,,Municipality,0,1,42.0738,21.4665,natural-earth,59.135,21.381672,41.997075,21.510966,42.143268,10,Q935620,7056269,butel
MKD-2923,MK-77,True,MK,Macedonia,Centar,Centar,Tsentar,Municipalidad de Centar,,Municipality,0,1,41.9752,21.4226,natural-earth,4.867,21.409785,41.955062,21.438309,41.987334,10,Q1463152,863840,centar
MKD-2951,MK-78,True,MK,Macedonia,Centar župa,Centar Župa,Tsentar Joupa,Municipalidad de Centar Župa,,Statistical Region,0,1,41.4644,20.5799,natural-earth,148.349,20.481597,41.402615,20.678356,41.524753,10,Q1779085,863841,centar-zupa
MKD-2952,MK-21,True,MK,Macedonia,Debar,Debar,Debar,Municipalidad de Debar,,Statistical Region,0,1,41.541,20.5863,natural-earth,155.538,20.444157,41.424914,20.728895,41.587324,10,Q1344996,863843,debar
MKD-2899,MK-22,True,MK,Macedonia,Debarca,Debarca,Debartsa,Municipalidad de Debarca,,Statistical Region,0,1,41.3337,20.8594,natural-earth,438.882,20.65386,41.059149,21.031512,41.428686,10,Q1323340,7056271,debarca
MKD-3005,MK-23,True,MK,Macedonia,Delčevo,Delčevo,Deltchevo,Municipalidad de Delčevo,,Statistical Region,0,1,41.9187,22.7429,natural-earth,464.865,22.60382,41.787734,22.882088,42.079127,10,Q1323322,863844,delcevo
MKD-2897,MK-25,True,MK,Macedonia,Demir Hisar,Demir Hisar,Demir Hisar,Municipalidad de Demir Hisar,,Statistical Region,0,1,41.2587,21.1238,natural-earth,476.114,20.954308,41.125836,21.293305,41.386647,10,Q856278,863846,demir-hisar
MKD-2927,MK-24,True,MK,Macedonia,Demir Kapija,Demir Kapija,Demir Kapija,Municipalidad de Demir Kapija,,Statistical Region,0,1,41.3739,22.2161,natural-earth,313.205,22.083128,41.276835,22.349055,41.489302,10,Q2370973,862961,demir-kapija
MKD-3000,MK-26,True,MK,Macedonia,Dojran,Dojran,Dojran,Municipalidad de Dojran,,Statistical Region,0,1,41.2492,22.6539,natural-earth,137.561,22.566406,41.139661,22.742003,41.294146,10,Q1996413,862949,dojran
MKD-2928,MK-27,True,MK,Macedonia,Dolneni,Dolneni,Dolneni,Municipalidad de Dolneni,,Statistical Region,0,1,41.4684,21.4307,natural-earth,409.326,21.258682,41.350784,21.60264,41.592914,10,Q1992691,863849,dolneni
MKD-2953,MK-28,True,MK,Macedonia,Drugovo,Drugovo,Drougovo,Municipalidad de Drugovo,,Statistical Region,0,1,41.4293,20.9119,natural-earth,363.453,20.684764,41.324222,21.139103,41.61467,10,Q1996439,863851,drugovo
MKD-2929,MK-17,True,MK,Macedonia,Gazi Baba,Gazi Baba,Gazi Baba,Municipalidad de Gazi Baba,,Municipality,0,1,42.0259,21.5136,natural-earth,103.455,21.444304,41.91013,21.5829,42.101668,10,Q2019836,863853,gazi-baba
MKD-2998,MK-18,True,MK,Macedonia,Gevgelija,Gevgelija,Gevgelija,Municipalidad de Gevgelija,,Statistical Region,0,1,41.243,22.3973,natural-earth,471.098,22.208185,41.113667,22.586634,41.378017,10,Q2018974,863854,gevgelija
MKD-2948,MK-29,True,MK,Macedonia,Gjorče Petrov,Gjorče Petrov,Guiortché Pétrov,Municipalidad de Gjorče Petrov,,Municipality,0,1,42.064,21.3002,natural-earth,66.099,21.241215,41.984828,21.359244,42.098425,10,Q924278,863850,gjorce-petrov
MKD-2962,MK-19,True,MK,Macedonia,Gostivar,Gostivar,Municipalité de Gostivar,Municipalidad de Gostivar,,Statistical Region,0,1,41.7855,20.8095,natural-earth,527.875,20.540482,41.624488,21.079055,41.873647,10,Q521112,863855,gostivar
MKD-2930,MK-20,True,MK,Macedonia,Gradsko,Gradsko,Gradsko,Municipalidad de Gradsko,,Statistical Region,0,1,41.5864,21.9019,natural-earth,281.851,21.771829,41.487856,22.031968,41.720296,10,Q1992701,862974,gradsko
MKD-2933,MK-34,True,MK,Macedonia,Ilinden,Ilinden,Ilinden,Municipalidad de Ilinden,,Statistical Region,0,1,41.9758,21.6093,natural-earth,94.958,21.530293,41.919664,21.688217,42.040018,10,Q657754,863856,ilinden
MKD-2963,MK-35,True,MK,Macedonia,Jegunovce,Jegunovce,Yégounovtsé,Municipalidad de Jegunovce,,Municipality,0,1,42.0311,21.129,natural-earth,183.417,21.028722,41.981314,21.229298,42.195953,10,Q431908,863858,jegunovce
MKD-2934,MK-37,True,MK,Macedonia,Karbinci,Karbinci,Karbintsi,Municipalidad de Karbinci,,Statistical Region,0,1,41.7659,22.2847,natural-earth,228.847,22.122815,41.708617,22.44662,41.865714,10,Q1346554,862960,karbinci
MKD-2935,MK-38,True,MK,Macedonia,Karpoš,Karpoš,Karpoch,Municipalidad de Karpoš,,Municipality,0,1,41.9774,21.3888,natural-earth,38.635,21.358004,41.945399,21.428491,42.029063,10,Q1463246,863860,karpos
MKD-2936,MK-36,True,MK,Macedonia,Kavadartsi,Kavadarci,Kavadarci,Municipalidad de Kavadarci,,Statistical Region,0,1,41.3234,22.0373,natural-earth,967.65,21.772036,41.106754,22.302649,41.504676,10,Q1155055,863861,kavadartsi
MKD-2938,MK-39,True,MK,Macedonia,Kisela Voda,Kisela Voda,Kisela Voda,Municipalidad de Kisela Voda,,Municipality,0,1,41.9346,21.4817,natural-earth,29.048,21.427251,41.890389,21.536081,41.971805,10,Q1386136,863863,kisela-voda
MKD-2954,MK-40,True,MK,Macedonia,Kičevo,Kičevo,Kitchevo,Municipalidad de Kičevo,,Statistical Region,0,1,41.517,20.9511,natural-earth,49.249,20.896947,41.469278,21.005261,41.551056,10,Q2018957,863862,kicevo
MKD-2932,MK-41,True,MK,Macedonia,Konče,Konče,Kontché,Municipalidad de Konče,,Statistical Region,0,1,41.5123,22.384,natural-earth,229.03,22.259138,41.42295,22.508942,41.598753,10,Q1992728,862953,konce
MKD-2939,MK-42,True,MK,Macedonia,Kočani,Kočani,Kotchani,Municipalidad de Kočani,,Statistical Region,0,1,41.9798,22.3869,natural-earth,335.198,22.256141,41.846748,22.517727,42.101823,10,Q1819289,863865,kocani
MKD-2940,MK-43,True,MK,Macedonia,Kratovo,Kratovo,Kratovo,Kratovo,,Statistical Region,0,1,42.0592,22.138,natural-earth,352.172,21.921794,41.990099,22.354222,42.164584,10,Q1992716,789090,kratovo
MKD-2906,MK-44,True,MK,Macedonia,Kriva Palanka,Kriva Palanka,Kriva Palanka,Municipalidad de Kriva Palanka,,Statistical Region,0,1,42.2421,22.2641,natural-earth,509.725,22.138113,42.094485,22.506939,42.370335,10,Q1422453,863869,kriva-palanka
MKD-2941,MK-45,True,MK,Macedonia,Krivogaštani,Krivogaštani,Krivogachtani,Municipalidad de Krivogaštani,,Statistical Region,0,1,41.3012,21.3682,natural-earth,92.501,21.308602,41.246165,21.427767,41.387474,10,Q2018930,863870,krivogastani
MKD-2942,MK-46,True,MK,Macedonia,Kruševo,Kruševo,Krouchevo,Municipalidad de Kruševo,,Statistical Region,0,1,41.3734,21.2328,natural-earth,187.477,21.131041,41.21025,21.334646,41.472559,10,Q2476159,863871,krusevo
MKD-2943,MK-47,True,MK,Macedonia,Kumanovo,Kumanovo,Koumanovo,Municipalidad de Kumanovo,,Statistical Region,0,1,42.0293,21.7923,natural-earth,509.999,21.598506,41.941936,21.986183,42.260957,10,Q2352376,863873,kumanovo
MKD-2920,MK-48,True,MK,Macedonia,Lipkovo,Lipkovo,Lipkovo,Municipalidad de Lipkovo,,Statistical Region,0,1,42.1401,21.579,natural-earth,259.25,21.471973,42.035987,21.68615,42.247784,10,Q2041236,863875,lipkovo
MKD-2931,MK-49,True,MK,Macedonia,Lozovo,Lozovo,Lozovo,Municipalidad de Lozovo,,Statistical Region,0,1,41.7258,21.915,natural-earth,160.405,21.815961,41.645934,22.013985,41.83494,10,Q1996470,862975,lozovo
MKD-3006,MK-51,True,MK,Macedonia,Makedonska Kamenica,Makedonska Kamenica,Makedonska Kamenitsa,Municipalidad de Makedonska Kamenica,,Statistical Region,0,1,42.0394,22.5221,natural-earth,210.709,22.416958,41.94005,22.627177,42.148927,10,Q2041219,862956,makedonska-kamenica
MKD-2955,MK-50,True,MK,Macedonia,Mavrovo and Rostusa,Mavrovo and Rostuša,Mavrovo et Rostoucha,Municipalidad de Mavrovo y Rostuša,,Statistical Region,0,1,41.6315,20.6986,natural-earth,719.747,20.500381,41.473489,20.89736,41.80006,10,Q1323332,863892,mavrovo-and-rostusa
MKD-2945,MK-53,True,MK,Macedonia,Mogila,Mogila,Mogila,Municipalidad de Mogila,,Statistical Region,0,1,41.147,21.4512,natural-earth,252.028,21.303124,41.077338,21.599333,41.263115,10,Q1839369,863488,mogila
MKD-2946,MK-54,True,MK,Macedonia,Negotino,Negotino,Negotino,Municipalidad de Negotino,,Statistical Region,0,1,41.3722,22.1394,natural-earth,408.709,21.978638,41.34851,22.300066,41.653479,10,Q3246545,863881,negotino
MKD-2947,MK-55,True,MK,Macedonia,Novaci,Novaci,Novatsi,Municipalidad de Novaci,,Statistical Region,0,1,41.0253,21.6586,natural-earth,730.063,21.421359,40.866292,21.896333,41.161054,10,Q2088022,863468,novaci
MKD-2999,MK-56,True,MK,Macedonia,Novo Selo,Novo Selo,Novo Selo,Municipalidad de Novo Selo,,Statistical Region,0,1,41.4278,22.8701,natural-earth,216.752,22.786237,41.335773,22.954598,41.523201,10,Q1946579,862945,novo-selo
MKD-2898,MK-58,True,MK,Macedonia,Ohrid,Ohrid,Ohrid,Municipalidad de Ohrid,,Statistical Region,0,1,41.0273,20.8501,natural-earth,590.383,20.664092,40.893732,21.039367,41.250867,10,Q1125333,863883,ohrid
MKD-2956,MK-57,True,MK,Macedonia,Oslomej,Oslomej,Oslomeï,Municipalidad de Oslomej,,Statistical Region,0,1,41.5771,21.0347,natural-earth,114.593,20.966504,41.504237,21.102826,41.648001,10,Q2001785,863885,oslomej
MKD-3007,MK-60,True,MK,Macedonia,Pehčevo,Pehčevo,Pehtchevo,Municipalidad de Pehčevo,,Statistical Region,0,1,41.7917,22.8833,natural-earth,212.821,22.757609,41.677198,23.009582,41.871618,10,Q426114,862938,pehcevo
MKD-2902,MK-61,True,MK,Macedonia,Plasnica,Plasnica,Plasnitsa,Municipalidad de Plasnica,,Statistical Region,0,1,41.4424,21.1173,natural-earth,61.925,21.039367,41.405018,21.195223,41.480569,10,Q2018921,863887,plasnica
MKD-2903,MK-62,True,MK,Macedonia,Prilep,Prilep,Prilep,Municipalidad de Prilep,,Statistical Region,0,1,41.2806,21.6444,natural-earth,1166.326,21.363379,41.064705,21.925545,41.47398,10,Q6312454,863888,prilep
MKD-2904,MK-63,True,MK,Macedonia,Probištip,Probištip,Probichtip,Municipalidad de Probištip,,Statistical Region,0,1,41.9372,22.174,natural-earth,312.91,22.011298,41.844216,22.336756,42.051904,10,Q2270414,863889,probistip
MKD-2905,MK-64,True,MK,Macedonia,Radoviš,Radoviš,Radovich,Municipalidad de Radoviš,,Statistical Region,0,1,41.6365,22.4679,natural-earth,492.115,22.291281,41.507338,22.644541,41.770371,10,Q2738284,863890,radovis
MKD-4846,MK-65,True,MK,Macedonia,Rankovce,Rankovce,Rankovtsé,Municipalidad de Rankovce,,Statistical Region,0,1,42.1895,22.1049,natural-earth,269.74,22.02153,42.089292,22.207796,42.31912,10,Q1475001,863891,rankovce
MKD-2894,MK-66,True,MK,Macedonia,Resen,Resen,Resen,Municipalidad de Resen,,Statistical Region,0,1,41.027,21.0472,natural-earth,760.306,20.833385,40.849394,21.261059,41.213635,10,Q740591,786339,resen
MKD-2907,MK-67,True,MK,Macedonia,Rosoman,Rosoman,Rosoman,Municipalidad de Rosoman,,Statistical Region,0,1,41.477,21.8972,natural-earth,133.284,21.80976,41.43034,21.984736,41.555939,10,Q2088585,862973,rosoman
MKD-2908,MK-68,True,MK,Macedonia,Saraj,Saraj,Saraï,Municipalidad de Saraj,,Municipality,0,1,41.975,21.2491,natural-earth,232.894,21.138276,41.877677,21.359865,42.103822,10,Q1309481,863894,saraj
MKD-2901,MK-85,True,MK,Macedonia,Skopje,Skopje,Skopje,Skopie,,Statistical Region,0,1,41.8999,21.6898,natural-earth,196.992,21.566777,41.802203,21.81286,41.983768,10,Q384,863886,skopje
MKD-2909,MK-70,True,MK,Macedonia,Sopište,Sopište,Sopichté,Municipalidad de Sopište,,Statistical Region,0,1,41.8337,21.332,natural-earth,213.731,21.216617,41.724275,21.447404,41.948422,10,Q2282240,863896,sopiste
MKD-2910,MK-71,True,MK,Macedonia,Staro Nagoričane,Staro Nagoričane,Staro Nagoritchané,Municipalidad de Staro Nagoričane,,Statistical Region,0,1,42.2098,21.8853,natural-earth,490.269,21.719521,42.097379,22.051502,42.335117,10,Q2128903,863899,staro-nagoricane
MKD-4845,MK-72,True,MK,Macedonia,Struga,Struga,Struga,Municipalidad de Struga,,Statistical Region,0,1,41.1813,20.602,natural-earth,573.096,20.477747,41.075272,20.760211,41.428014,10,Q749618,863901,struga
MKD-2993,MK-73,True,MK,Macedonia,Strumitsa,Strumica,Stroumitsa,Municipalidad de Strumica,,Statistical Region,0,1,41.3841,22.6211,natural-earth,318.96,22.445483,41.311251,22.796818,41.490904,10,Q2308287,863902,strumitsa
MKD-2912,MK-74,True,MK,Macedonia,Studeničani,Studeničani,Stoudenitchani,Municipalidad de Studeničani,,Statistical Region,0,1,41.8317,21.4592,natural-earth,281.065,21.332063,41.660532,21.586414,41.92832,10,Q2088034,863903,studenicani
MKD-2914,MK-69,True,MK,Macedonia,Sveti Nikole,Sveti Nikole,Sveti Nikolé,Municipalidad de Sveti Nikole,,Statistical Region,0,1,41.8778,21.9509,natural-earth,465.651,21.803145,41.718487,22.098631,42.001726,10,Q2308277,863905,sveti-nikole
MKD-2957,MK-75,True,MK,Macedonia,Tearce,Tearce,Téartsé,Municipalidad de Tearce,,Municipality,0,1,42.082,21.0174,natural-earth,150.214,20.90417,42.013818,21.131248,42.15997,10,Q2282274,863906,tearce
MKD-2958,MK-76,True,MK,Macedonia,Tetovo,Tetovo,Tetovo,Municipalidad de Tetovo,,Statistical Region,0,1,42.0484,20.8947,natural-earth,303.452,20.741814,41.940338,21.048049,42.116668,10,Q3245456,863907,tetovo
MKD-2994,MK-10,True,MK,Macedonia,Valandovo,Valandovo,Valandovo,Municipalidad de Valandovo,,Statistical Region,0,1,41.2911,22.5432,natural-earth,326.904,22.324457,41.212989,22.762293,41.448607,10,Q2018965,784732,valandovo
MKD-2995,MK-11,True,MK,Macedonia,Vasilevo,Vasilevo,Vasilevo,Municipalidad de Vasilevo,,Statistical Region,0,1,41.5436,22.6159,natural-earth,217.859,22.49964,41.456695,22.732081,41.6341,10,Q2018980,862947,vasilevo
MKD-2915,MK-13,True,MK,Macedonia,Veles,Veles,Vélès,Municipalidad de Veles,,Statistical Region,0,1,41.7213,21.7157,natural-earth,414.904,21.569981,41.601905,21.861436,41.911602,10,Q2088561,863909,veles
MKD-2895,MK-12,True,MK,Macedonia,Vevčani,Vevčani,Vevtchani,Municipalidad de Vevčani,,Statistical Region,0,1,41.2362,20.5689,natural-earth,37.62,20.495441,41.210147,20.626632,41.253539,10,Q2029825,863911,vevcani
MKD-3003,MK-14,True,MK,Macedonia,Vinica,Vinica,Vinitsa,Municipalidad de Vinica,,Statistical Region,0,1,41.8652,22.5742,natural-earth,429.9,22.435251,41.727117,22.713167,41.987102,10,Q2479526,863912,vinica
MKD-2916,MK-15,True,MK,Macedonia,Vraneštica,Vraneštica,Vranechtitsa,Municipalidad de Vraneštica,,Statistical Region,0,1,41.4746,21.015,natural-earth,113.462,20.964436,41.411323,21.148301,41.58046,10,Q1998500,863913,vranestica
MKD-2959,MK-16,True,MK,Macedonia,Vrapcište,Vrapčište,Vraptchichté,Municipalidad de Vrapčište,,Statistical Region,0,1,41.8584,20.8349,natural-earth,161.537,20.714398,41.804425,20.955858,41.918759,10,Q1996740,863914,vrapciste
MKD-2950,MK-31,True,MK,Macedonia,Zajas,Zajas,Zaïas,Municipalidad de Zajas,,Statistical Region,0,1,41.6012,20.8849,natural-earth,156.541,20.783259,41.52129,20.986554,41.665364,10,Q2018939,863917,zajas
MKD-2917,MK-32,True,MK,Macedonia,Zelenikovo,Zelenikovo,Zelenikovo,Municipalidad de Zelenikovo,,Statistical Region,0,1,41.8091,21.5518,natural-earth,172.494,21.466525,41.740269,21.63716,41.894885,10,Q9050283,863918,zelenikovo
MKD-2924,MK-33,True,MK,Macedonia,Zrnovci,Zrnovci,Zrnovtsi,Municipalidad de Zrnovci,,Statistical Region,0,1,41.8224,22.4027,natural-earth,48.95,22.356496,41.78931,22.448997,41.869486,10,Q950881,862958,zrnovci
MKD-2913,MK-79,True,MK,Macedonia,Čair,Čair,Tchaïr,Municipalidad de Čair,,Municipality,0,1,41.9946,21.4367,natural-earth,2.718,21.426941,41.982761,21.445854,42.005705,10,Q1419314,863836,cair
MKD-2922,MK-80,True,MK,Macedonia,Čaška,Čaška,Tchachka,Municipalidad de Čaška,,Statistical Region,0,1,41.5807,21.5939,natural-earth,784.304,21.371647,41.425818,21.816064,41.744558,10,Q1994547,863838,caska
MKD-2925,MK-81,True,MK,Macedonia,Češinovo-Obleševo,Češinovo-Obleševo,Tchéchinovo-Obléchévo,Municipalidad de Češinovo-Obleševo,,Statistical Region,0,1,41.8644,22.2896,natural-earth,136.569,22.188134,41.788612,22.391016,41.95036,10,Q281898,862977,cesinovo-oblesevo
MKD-2926,MK-82,True,MK,Macedonia,Čučer Sandevo,Čučer-Sandevo,Tchoutcher Sandevo,Municipalidad de Čučer-Sandevo,,Statistical Region,0,1,42.1353,21.3885,natural-earth,255.402,21.293718,42.021828,21.515721,42.24688,10,Q629720,863842,cucer-sandevo
MKD-2911,MK-83,True,MK,Macedonia,Štip,Štip,Chtip,Municipalidad de Štip,,Statistical Region,0,1,41.6824,22.1689,natural-earth,563.359,21.93678,41.541961,22.401041,41.868763,10,Q2423082,863900,stip
MKD-5883,MK-84,True,MK,Macedonia,Šuto Orizari,Šuto Orizari,Chouto Orizari,Municipalidad de Šuto Orizari,,Municipality,0,1,42.0341,21.4069,natural-earth,9.181,21.388597,42.007255,21.425907,42.052498,10,Q1020859,863904,suto-orizari
MKD-2918,MK-30,True,MK,Macedonia,Želino,Želino,Jelino,Municipalidad de Želino,,Statistical Region,0,1,41.9157,21.1277,natural-earth,195.406,21.014666,41.817189,21.240802,42.007436,10,Q1996410,863919,zelino
MLI-2792,ML-BKO,True,ML,Mali,Bamako,Bamako,Bamako,Bamako,,District,0,1,12.643,-8.01917,natural-earth,214.274,-8.06896,12.542916,-7.931268,12.704045,6,Q3703,2460594,bamako
MLI-2690,ML-7,True,ML,Mali,Gao,Gao,Gao,Gao,,Region,0,1,16.4482,1.2641,natural-earth,173754.059,-1.706919,14.910977,4.235638,18.955277,6,Q332392,2457161,gao
MLI-2793,ML-1,True,ML,Mali,Kayes,Kayes,Kayes,Kayes,,Region,0,1,13.7959,-10.1984,natural-earth,123450.883,-12.26413,11.890386,-8.132056,15.697854,6,Q332113,2455517,kayes
MLI-2689,ML-8,True,ML,Mali,Kidal,Kidal,Kidal,Kidal,,Region,0,1,19.4258,1.09427,natural-earth,146903.253,-2.043384,17.628743,4.232408,21.848899,4,Q338988,2597449,kidal
MLI-4860,ML-2,True,ML,Mali,Koulikoro,Koulikoro,Koulikoro,Kulikoró,,Region,0,1,13.7514,-7.54325,natural-earth,91812.943,-9.141379,11.456312,-5.945006,15.495581,6,Q287789,2454532,koulikoro
MLI-2809,ML-5,True,ML,Mali,Mopti,Mopti,Mopti,Mopti,,Region,0,1,14.7873,-3.21795,natural-earth,82303.86,-5.664042,13.165761,-0.771272,15.894947,6,Q214155,2453347,mopti
MLI-2794,ML-3,True,ML,Mali,Sikasso,Wassoulou,Wassoulou,Wassoulou,,Region,0,1,11.155,-6.54441,natural-earth,71199.406,-8.70073,10.140054,-4.386885,12.816944,6,Q461298,2451184,sikasso
MLI-2810,ML-4,True,ML,Mali,Ségou,Ségou,Ségou,Segú,,Region,0,1,13.5852,-5.51952,natural-earth,61661.417,-7.081009,12.554945,-3.958022,15.552953,4,Q656845,2451477,segou
MLI-2688,ML-6,True,ML,Mali,Timbuktu,Tombouctou,Tombouctou,Tombuctú,,Region,0,1,19.9073,-3.295,natural-earth,505512.613,-6.593107,15.056619,0.003735,24.995065,4,Q339462,2449066,timbuktu
MMR-3275,MM-07,True,MM,Myanmar,Ayeyarwady,Ayeyarwady,Ayeyarwady,Ayeyarwady,,Division,0,1,16.7457,95.1083,natural-earth,33445.312,93.374848,14.064683,96.067556,18.471275,7,Q47047,1321850,ayeyarwady
MMR-3268,MM-02,True,MM,Myanmar,Bago,Bago,Bago,Bago,,Division,0,1,18.518,96.1485,natural-earth,36433.194,95.063066,16.890353,97.233993,19.48509,7,Q800124,1300463,bago
MMR-3274,MM-14,True,MM,Myanmar,Chin,Chin State,Chin,Chin,,State,0,1,21.9262,93.3727,natural-earth,37378.646,92.575568,20.651556,94.170097,24.088893,7,Q46910,1327132,chin
MMR-3296,MM-11,True,MM,Myanmar,Kachin,Kachin State,Kachin,Estado Kachin,,State,0,1,25.7926,97.2978,natural-earth,88137.595,95.840383,23.644371,98.755553,28.538466,7,Q140646,1321702,kachin
MMR-2473,MM-12,True,MM,Myanmar,Kayah,Kayah State,Kayah,Kayah,,State,0,1,19.2658,97.3526,natural-earth,11445.706,96.836239,18.488123,97.869123,19.989374,7,Q652845,1319539,kayah
MMR-3266,MM-13,True,MM,Myanmar,Kayin,Kayin State,Karen,Kayin,,State,0,1,17.3996,97.651,natural-earth,29488.067,96.398902,15.218865,98.903348,19.495787,7,Q495342,1320233,kayin
MMR-3276,MM-03,True,MM,Myanmar,Magway,Magway,Magway,Magway,,Division,0,1,19.6473,94.8807,natural-earth,46045.099,93.903964,18.35762,95.857436,22.711818,7,Q833013,1312604,magway
MMR-3267,MM-04,True,MM,Myanmar,Mandalay,Mandalay,Mandalay,Mandalay,,Division,0,1,20.6284,96.0614,natural-earth,36917.78,94.79993,19.415637,96.888691,23.631529,7,Q119494,1311871,mandalay
MMR-3270,MM-15,True,MM,Myanmar,Mon,Mon State,Môn,Estado Mon,,State,0,1,16.3045,97.8062,natural-earth,10704.876,96.882902,14.880153,98.209334,17.710237,7,Q818742,1308528,mon
MMR-3273,MM-16,True,MM,Myanmar,Rakhine,Rakhine State,Arakan,Rakhine,,State,0,1,20.2747,93.6396,natural-earth,34705.554,92.174973,17.366666,94.902972,21.461895,7,Q233838,1298852,rakhine
MMR-3302,MM-01,True,MM,Myanmar,Sagaing,Sagaing,Sagaing,División de Sagaing,,Division,0,1,23.7031,95.1821,natural-earth,96905.965,93.992537,21.608862,97.058827,27.361742,7,Q847289,1298480,sagaing
MMR-3277,MM-17,True,MM,Myanmar,Shan,Shan State,Shan,Shan,,State,0,1,21.5185,98.1593,natural-earth,154992.366,96.158193,19.288449,101.173855,24.145685,7,Q456847,1297099,shan
MMR-3279,MM-05,True,MM,Myanmar,Tanintharyi,Tanintharyi,Tanintharyi,Tanintharyi,,Division,0,1,13.6116,98.7746,natural-earth,38606.845,97.444347,9.790717,99.630022,15.09913,7,Q843954,1293118,tanintharyi
MMR-3269,MM-06,True,MM,Myanmar,Yangon,Yangon,Yangon,Yangon,,Division,0,1,17.1117,96.111,natural-earth,9750.13,95.690728,16.321763,96.848888,17.760647,7,Q856781,1298822,yangon
MNG-3316,MN-073,True,MN,Mongolia,Arhangay,Arkhangai,Arkhangai,Arhangay,,Province,0,1,48.0061,100.92,natural-earth,55097.415,98.161275,46.818228,103.677734,49.218056,4,Q207809,2032855,arhangay
MNG-3208,MN-071,True,MN,Mongolia,Bayan-Ölgiy,Bayan-Ölgii,Bayan-Ölgii,Bayan-Ölgiy,,Province,0,1,48.8811,89.8127,natural-earth,45862.942,87.735709,46.560052,91.890133,50.003664,7,Q191792,1516278,bayan-olgiy
MNG-3317,MN-069,True,MN,Mongolia,Bayanhongor,Bayankhongor,Bayankhongor,Bayanhongor,,Province,0,1,45.8317,99.6955,natural-earth,116172.363,97.636346,42.564199,101.754751,47.734296,6,Q276200,1516290,bayanhongor
MNG-3323,MN-067,True,MN,Mongolia,Bulgan,Bulgan,Bulgan,Bulgan,,Province,0,1,49.0014,103.196,natural-earth,48199.224,101.632484,47.250553,104.760459,50.399009,4,Q209774,2032199,bulgan
MNG-3328,MN-037,True,MN,Mongolia,Darhan-Uul,Darkhan-Uul,Darhan-Uul,Darhan-Uul,,Municipality,0,1,49.3586,106.306,natural-earth,3628.784,105.808353,49.087288,106.803848,49.823497,4,Q18827,2055111,darhan-uul
MNG-3332,MN-061,True,MN,Mongolia,Dornod,Dornod,Dornod,Dornod,,Province,0,1,48.7766,114.261,natural-earth,122294.507,112.126405,46.298012,119.907027,50.276881,4,Q207795,2031799,dornod
MNG-3297,MN-063,True,MN,Mongolia,Dornogovi,Dornogovi,Dornogovi,Dornogovi,,Province,0,1,44.4088,109.825,natural-earth,114327.705,107.665398,42.398369,111.984637,47.011756,4,Q213272,2031798,dornogovi
MNG-3325,MN-059,True,MN,Mongolia,Dundgovi,Dundgovi,Dundgovi,Dundgovi,,Province,0,1,45.4132,106.116,natural-earth,74762.596,103.609314,44.197199,108.622032,46.774406,4,Q211835,2031740,dundgovi
MNG-3318,MN-057,True,MN,Mongolia,Dzavhan,Zavkhan,Zavkhan,Zavhan,,Province,0,1,48.615,96.1728,natural-earth,81729.781,93.190829,46.585736,99.154703,50.020152,4,Q167764,1516012,dzavhan
MNG-3319,MN-065,True,MN,Mongolia,Govi-Altay,Govi-Altai,Govi-Altai,Govi-Altay,,Province,0,1,45.4627,95.7776,natural-earth,142502.139,93.075941,42.720546,98.479188,47.779048,4,Q192945,1515917,govi-altay
MNG-3330,MN-064,True,MN,Mongolia,Govĭ-Sümber,Govisümber,Govisümber,Govisümber,,Municipality,0,1,47.74,108.346,natural-earth,645.433,108.198595,47.556322,108.492841,47.918212,4,Q236333,2055112,govi-sumber
MNG-3315,MN-039,True,MN,Mongolia,Hentiy,Khentii,Khentii,Hentiy,,Province,0,1,47.7116,110.542,natural-earth,80768.723,108.396102,46.074087,112.688347,49.43994,4,Q239040,2030783,hentiy
MNG-3320,MN-043,True,MN,Mongolia,Hovd,Khovd,Khovd,Hovd,,Province,0,1,46.8037,92.4584,natural-earth,75521.889,90.651138,44.997461,94.266009,48.978975,4,Q194098,1515696,hovd
MNG-3321,MN-041,True,MN,Mongolia,Hövsgöl,Khövsgöl,Khövsgöl,Hövsgöl,,Province,0,1,50.1456,99.8205,natural-earth,100043.907,96.856238,48.260775,102.784765,52.129584,4,Q244788,2030469,hovsgol
MNG-3324,MN-035,True,MN,Mongolia,Orhon,Orkhon,Orkhon,Orhon,,Municipality,0,1,49.0077,104.286,natural-earth,708.372,104.000712,48.899134,104.570393,49.131523,4,Q234710,2055113,orhon
MNG-3326,MN-049,True,MN,Mongolia,Selenge,Selenge,Selenge,Selenge,,Province,0,1,48.8536,106.46,natural-earth,41702.507,104.349321,48.50474,108.569973,50.476455,4,Q234680,2029432,selenge
MNG-3333,MN-051,True,MN,Mongolia,Sühbaatar,Sükhbaatar,Sühbaatar,Sühbaatar,,Province,0,1,46.1847,113.904,natural-earth,81910.586,111.22518,44.739699,116.581959,47.810209,4,Q244804,2029155,suhbaatar
MNG-3329,MN-047,True,MN,Mongolia,Töv,Töv,Töv,Töv,,Province,0,1,47.1533,106.554,natural-earth,73083.167,104.068615,46.380425,109.03875,49.12527,4,Q276195,2028849,tov
MNG-3331,MN-1,True,MN,Mongolia,Ulaanbaatar,Ulaanbaatar,Oulan-Bator,Ulán Bator,,Municipality,0,1,47.9597,106.967,natural-earth,3983.358,106.356689,47.635232,107.578168,48.256297,9,Q23430,2028461,ulaanbaatar
MNG-3322,MN-046,True,MN,Mongolia,Uvs,Uvs,Uvs,Uvs,,Province,0,1,49.6911,92.8431,natural-earth,68940.176,89.997091,48.397563,95.689694,50.868369,4,Q192942,1514967,uvs
MNG-3298,MN-053,True,MN,Mongolia,Ömnögovi,Ömnögovi,Ömnögovi,Ömnögovi,,Province,0,1,43.4636,103.762,natural-earth,166066.296,99.470756,41.586145,108.052867,45.188353,4,Q235579,2029669,omnogovi
MNG-3327,MN-055,True,MN,Mongolia,Övörhangay,Övörkhangai,Övörkhangai,Övörhangay,,Province,0,1,45.7785,102.857,natural-earth,62601.461,101.110242,44.056588,104.603879,47.432092,4,Q234713,2029546,ovorhangay
MAC+00?,MO-M,True,MO,Macau S.A.R,Macau,Macau,Macao,Macao,,,0,1,22.1349,113.56,natural-earth,30.154,113.519867,22.105373,113.587494,22.220771,20,Q14773,0,macau
MNP-4940,MP-X04,False,MP,Northern Mariana Islands,Northern Islands,Northern Mariana Islands,îles Mariannes du Nord,Islas Marianas del Norte,,,0,1,16.3573,145.674,natural-earth,240.677,144.90211,16.339179,145.868907,20.555406,20,Q16644,7733156,northern-islands
MNP-4937,MP-X01,False,MP,Northern Mariana Islands,Rota,Rota,Rota,Rota,,,0,1,14.1465,145.205,natural-earth,97.344,145.119314,14.110663,145.290538,14.202786,20,,4041530,rota
MNP-4939,MP-X03,False,MP,Northern Mariana Islands,Saipan,Saipan,Saipan,Saipán,,,0,1,15.1921,145.744,natural-earth,132.911,145.68214,15.096015,145.823741,15.272162,20,,4041552,saipan
MNP-4938,MP-X02,False,MP,Northern Mariana Islands,Tinian,Tinian,Tinian,Tinián,,,0,1,14.9995,145.622,natural-earth,110.361,145.577159,14.915269,145.667817,15.082099,20,,4041650,tinian
MRT-2795,MR-07,True,MR,Mauritania,Adrar,Adrar,Adrar,Adrar,,Region,0,1,20.7634,-10.3339,natural-earth,222348.578,-14.295598,18.557007,-6.371634,24.275967,6,Q366626,2381972,adrar
MRT-2789,MR-03,True,MR,Mauritania,Assaba,Assaba,Assaba,Assaba,,Region,0,1,16.5835,-11.7106,natural-earth,36017.912,-12.836472,15.102904,-10.584746,18.310924,4,Q738546,2381344,assaba
MRT-2784,MR-05,True,MR,Mauritania,Brakna,Brakna,Brakna,Brakna,,Region,0,1,17.0824,-13.6298,natural-earth,33233.181,-14.948934,16.1185,-12.310225,18.557007,4,Q12632,2380635,brakna
MRT-2785,MR-08,True,MR,Mauritania,Dakhlet Nouadhibou,Dakhlet Nouadhibou,Dakhlet Nouadhibou,Dajlet Nuadibú,,Region,0,1,20.8429,-16.1354,natural-earth,17150.539,-17.081175,19.408271,-14.173186,21.333226,6,Q859573,2380426,dakhlet-nouadhibou
MRT-2791,MR-04,True,MR,Mauritania,Gorgol,Gorgol,Gorgol,Gorgol,,Region,0,1,16.0296,-12.8565,natural-earth,13727.183,-13.722775,15.131136,-12.004895,16.858299,4,Q859831,2379384,gorgol
MRT-2790,MR-10,True,MR,Mauritania,Guidimaka,Guidimaka,Guidimakha,Guidimaka,,Region,0,1,15.3352,-12.1235,natural-earth,10510.259,-12.746639,14.734399,-11.500326,16.055429,4,Q768119,2379216,guidimaka
MRT-2796,MR-01,True,MR,Mauritania,Hodh ech Chargui,Hodh Ech Chargui,Hodh Ech Chargui,Hod Oriental,,Region,0,1,18.0225,-7.19158,natural-earth,185552.27,-9.149746,15.493422,-5.353286,23.123981,4,Q12621,2379025,hodh-ech-chargui
MRT-2797,MR-02,True,MR,Mauritania,Hodh el Gharbi,Hodh El Gharbi,Hodh El Gharbi,Hod Occidental,,Region,0,1,16.4832,-9.69143,natural-earth,50323.633,-11.093633,15.364748,-8.28923,17.72282,4,Q850435,2379024,hodh-el-gharbi
MRT-2786,MR-12,True,MR,Mauritania,Inchiri,Inchiri,Inchiri,Inchiri,,Region,0,1,20.0734,-15.345,natural-earth,44778.574,-16.535471,18.995876,-14.154479,21.150802,4,Q850022,2378903,inchiri
MRT-2787,MR-NKC,True,MR,Mauritania,Nouakchott,Nouakchott,Nouakchott,Nuakchot,,District,0,1,18.139,-15.92,natural-earth,1529.681,-16.060118,17.886402,-15.780013,18.393064,7,Q3688,2377449,nouakchott
MRT-2798,MR-09,True,MR,Mauritania,Tagant,Tagant,Tagant,Tagant,,Region,0,1,18.6165,-10.3284,natural-earth,95188.198,-12.669066,17.086167,-7.987724,19.725411,4,Q843903,2376551,tagant
MRT-2783,MR-11,True,MR,Mauritania,Tiris Zemmour,Tiris Zemmour,Tiris Zemmour,Tiris Zemmur,,Region,0,1,24.3349,-8.99419,natural-earth,259733.511,-13.165497,21.351617,-4.821613,27.285416,4,Q859567,2375989,tiris-zemmour
MRT-2788,MR-06,True,MR,Mauritania,Trarza,Trarza,Trarza,Trarza,,Region,0,1,17.9339,-14.6057,natural-earth,69260.243,-16.542348,15.808824,-12.669066,19.00052,4,Q859581,2375742,trarza
MSR-5087,MS-A,True,MS,Montserrat,Saint Anthony,Saint Anthony,Saint Anthony,San Antonio,,Parish,0,1,16.7048,-62.1886,natural-earth,50.617,-62.230133,16.67536,-62.140533,16.747808,20,,3578045,saint-anthony
MSR-5088,MS-G,True,MS,Montserrat,Saint Georges,Saint George,Saint George,Parroquia de Saint George,,Parish,0,1,16.7442,-62.1671,natural-earth,17.277,-62.188632,16.720364,-62.147369,16.777004,20,Q1647443,3578044,saint-georges
MSR-5089,MS-P,True,MS,Montserrat,Saint Peter,Saint Peter,Saint Peter,San Pedro,,Parish,0,1,16.7762,-62.2017,natural-earth,32.04,-62.225458,16.738967,-62.170033,16.819322,20,,3578039,saint-peter
MT-gozo,,False,MT,Malta,Gozo,Gozo,,,,,14,1,36.043571,14.25831,polylabel,64.385,14.183604,36.013495,14.334239,36.075588,20,,,gozo
MT-malta-majjistral,,False,MT,Malta,Malta Majjistral,Malta Majjistral,,,,,29,1,35.901425,14.416918,polylabel,184.772,14.322032,35.822576,14.514008,35.993638,20,,,malta-majjistral
MT-malta-xlokk,,False,MT,Malta,Malta Xlokk,Malta Xlokk,,,,,25,1,35.85958,14.521423,polylabel,76.484,14.428818,35.801215,14.567149,35.900824,20,,,malta-xlokk
MUS-5180,MU-AG,True,MU,Mauritius,Agaléga,Agaléga,Agaléga,Islas Agalega,,Dependency,0,1,-10.3512,56.5372,natural-earth,14.079,56.524181,-10.406508,56.569347,-10.323907,20,Q196042,448254,agalega
MUS-5181,MU-BR,True,MU,Mauritius,Beau Bassin-Rose Hill,Beau Bassin-Rose Hill,Beau-Bassin Rose-Hill,Beau Bassin-Rose Hill,,City,0,1,-20.2387,57.4713,natural-earth,12.345,57.456135,-20.256074,57.494793,-20.21906,20,Q813337,,beau-bassin-rose-hill
MUS-5183,MU-CU,True,MU,Mauritius,Curepipe,Curepipe,Curepipe,Curepipe,,City,0,1,-20.3183,57.5168,natural-earth,22.528,57.483127,-20.346914,57.554536,-20.296542,20,Q1002525,-934166,curepipe
MUS-5184,MU-FL,True,MU,Mauritius,Flacq,Flacq,Flacq,Flacq,,District,0,1,-20.2173,57.7206,natural-earth,303.039,57.607224,-20.328396,57.795746,-20.096124,20,Q911651,934522,flacq
MUS-5185,MU-GP,True,MU,Mauritius,Grand Port,Grand Port,Grand Port,Grand Port,,District,0,1,-20.392,57.6498,natural-earth,222.059,57.546013,-20.49204,57.781505,-20.302624,20,Q911635,934466,grand-port
MUS-5186,MU-MO,True,MU,Mauritius,Moka,Moka,Moka,Moka,,District,0,1,-20.2492,57.5955,natural-earth,207.284,57.485877,-20.344504,57.679173,-20.184498,20,Q911643,934275,moka
MUS-5187,MU-PA,True,MU,Mauritius,Pamplemousses,Pamplemousses,Pamplemousses,Pamplemousses,,District,0,1,-20.0899,57.573,natural-earth,196.796,57.493826,-20.204902,57.635144,-19.999933,20,Q934126,934212,pamplemousses
MUS-5188,MU-PW,True,MU,Mauritius,Plaines Wilhems,Plaines Wilhems,Plaines Wilhems,Plaines Wilhems,,District,0,1,-20.3599,57.5197,natural-earth,142.537,57.448291,-20.425045,57.599707,-20.188794,20,Q1053595,934166,plaines-wilhems
MUS-5189,MU-PL,True,MU,Mauritius,Port Louis,Port Louis,Port Louis,Port Louis,,City,0,1,-20.1667,57.5296,natural-earth,39.675,57.465407,-20.201959,57.550309,-20.122214,20,Q960645,934153,port-louis
MUS-5190,MU-PL,True,MU,Mauritius,Port Louis city,Port Louis,Port-Louis,Port Louis,,City,0,1,-20.1496,57.5038,natural-earth,15.332,57.463878,-20.171508,57.522075,-20.122328,20,Q3929,,port-louis-city
MUS-5191,MU-QB,True,MU,Mauritius,Quatre Bornes,Quatre Bornes,Quatre Bornes,Quatre Bornes,,City,0,1,-20.2688,57.4801,natural-earth,17.561,57.456963,-20.290864,57.511193,-20.248513,20,Q1341194,,quatre-bornes
MUS-5193,MU-BL,True,MU,Mauritius,Rivière Noire,Rivière Noire,Rivière Noire,Black River,,District,0,1,-20.3424,57.4149,natural-earth,319.228,57.303477,-20.507013,57.488024,-20.161554,20,Q873740,934718,riviere-noire
MUS-5192,MU-RR,True,MU,Mauritius,Rivière du Rempart,Rivière du Rempart,Rivière du Rempart,Rivière du Rempart,,District,0,1,-20.0651,57.6557,natural-earth,146.12,57.580333,-20.155504,57.733653,-19.979425,20,Q1053565,934090,riviere-du-rempart
MUS-5194,MU-RO,True,MU,Mauritius,Rodrigues,Rodrigues,Rodrigues,Rodrigues,,Dependency,0,1,-19.697,63.4542,natural-earth,99.555,63.332286,-19.767185,63.493907,-19.669854,20,Q208668,1547449,rodrigues
MUS-5195,MU-SA,True,MU,Mauritius,Savanne,Savanne,Savanne,Savanne,,District,0,1,-20.464,57.5211,natural-earth,238.34,57.391376,-20.517348,57.630974,-20.39605,20,Q1053600,934017,savanne
MUS-5196,MU-VP,True,MU,Mauritius,Vacoas-Phoenix,Vacoas-Phoenix,Vacoas-Phœnix,Vacoas-Phoenix,,City,0,1,-20.3024,57.4908,natural-earth,23.769,57.459207,-20.328818,57.528765,-20.276627,20,Q676724,934166,vacoas-phoenix
MDV-5243,MV-01,True,MV,Maldives,Addu,Addu Atoll,Addu,Seenu,,City,0,1,-0.624137,73.1092,natural-earth,11.942,73.091156,-0.688572,73.248383,-0.577895,20,Q353375,1281893,addu
MDV-5231,MV-02,True,MV,Maldives,Alifu Alifu,Alif Alif Atoll,Alif Alif,Atolón Alif Alif,,Atoll,0,1,4.428941,72.950206,polylabel,2.473,72.699067,3.996405,72.975759,4.4383,20,Q775323,1282497,alifu-alifu
MDV-5232,MV-00,True,MV,Maldives,Alifu Dhaalu,Alif Dhaal Atoll,Alif Dhaal,Atolón Alif Dhaal,,Atoll,0,1,3.548417,72.918396,polylabel,3.112,72.689708,3.503567,72.955821,3.836859,20,Q2316922,,alifu-dhaalu
MDV-5228,MV-20,True,MV,Maldives,Baa,Baa Atoll,Baa,Atolón Baa,,Atoll,0,1,4.887905,72.971955,polylabel,1.377,72.856619,4.88052,73.131847,5.352769,20,Q949513,1282478,baa
MDV-5237,MV-17,True,MV,Maldives,Dhaalu,Dhaalu Atoll,Atoll Nilandhe Sud,Atolón Dhaalu,,Atoll,0,1,2.67806,72.9017,natural-earth,1.682,72.864919,2.675727,73.032237,2.969184,20,Q2290784,1282447,dhaalu
MDV-5233,MV-14,True,MV,Maldives,Faafu,Faafu Atoll,Atoll Nilandhe Nord,Atolón Faafu,,Atoll,0,1,3.30689,72.8315,natural-earth,1.571,72.831228,3.07685,73.046886,3.312486,20,Q2469227,1282393,faafu
MDV-5240,MV-27,True,MV,Maldives,Gaafu Alifu,Gaafu Alif Atoll,Gaafu Alif,Atolón Gaafu Alif,,Atoll,0,1,0.385062,73.508571,polylabel,1.188,73.349783,0.380561,73.513438,0.847724,20,Q1116203,1282329,gaafu-alifu
MDV-5241,MV-28,True,MV,Maldives,Gaafu Dhaalu,Gaafu Dhaalu Atoll,Gaafu Dhaalu,Atolón Gaafu Dhaalu,,Atoll,0,1,0.21899,73.101014,polylabel,2.481,72.937022,0.213446,73.379161,0.496324,20,Q2640183,1282328,gaafu-dhaalu
MDV-5242,MV-29,True,MV,Maldives,Gnaviyani,Gnaviyani Atoll,Atoll de Gnaviyani,Atolón Gnaviyani,,Atoll,0,1,-0.28897,73.4348,natural-earth,1.29,73.434581,-0.304295,73.445079,-0.283624,20,Q1811116,1281945,gnaviyani
MDV-5223,MV-07,True,MV,Maldives,Haa Alifu,Haa Alif Atoll,Haa Alifu,Atolón Haa Alif,,Atoll,0,1,6.904486,73.20753,polylabel,7.965,72.882498,6.821112,73.214041,7.107245,20,Q2360912,1282294,haa-alifu
MDV-5224,MV-23,True,MV,Maldives,Haa Dhaalu,Haa Dhaalu Atoll,Haa Dhaalu,Atolón Haa Dhaalu,,Atoll,0,1,6.748989,73.146923,polylabel,9.749,72.684825,6.40648,73.166515,6.787055,20,Q2360368,1282293,haa-dhaalu
MDV-5230,MV-26,True,MV,Maldives,Kaafu,Kaafu Atoll,Kaafu,Atolón Kaafu,,Atoll,0,1,4.099351,73.5053,polylabel,2.939,73.341482,3.841702,73.70281,4.974921,20,Q1468407,1282208,kaafu
MDV-5239,MV-05,True,MV,Maldives,Laamu,Laamu Atoll,Atoll Hadhdhunmathi,Atolón Laamu,,Atoll,0,1,2.105175,73.570338,polylabel,6.775,73.243663,1.782538,73.58546,2.109931,20,Q1996432,1282101,laamu
MDV-5229,MV-03,True,MV,Maldives,Lhaviyani,Lhaviyani Atoll,Atoll Faadhippolhu,Atolón Lhaviyani,,Atoll,0,1,5.402837,73.633372,polylabel,4.083,73.317719,5.245022,73.646658,5.543606,20,Q1390048,1282096,lhaviyani
MDV-5234,MV-12,True,MV,Maldives,Malé,Malé,Malé,Malé,,Capital,0,1,4.17219,73.5188,natural-earth,35.085,73.431201,4.162087,73.552883,4.243039,20,Q9347,1337624,male
MDV-5236,MV-12,True,MV,Maldives,Meemu,Meemu Atoll,Atoll Mulaku,Atolón Meemu,,Atoll,0,1,2.956447,73.580659,polylabel,1.388,73.348481,2.770697,73.613048,3.106757,20,Q2210716,1281985,meemu
MDV-5227,MV-25,True,MV,Maldives,Noonu,Noonu Atoll,Noonu,Atolón Noonu,,Atoll,0,1,5.78713,73.3837,natural-earth,2.458,73.376801,5.714586,73.44988,5.970282,20,Q2406322,1281937,noonu
MDV-5226,MV-13,True,MV,Maldives,Raa,Raa Atoll,Raa,Atolón Raa,,Atoll,0,1,5.80628,72.9751,natural-earth,3.256,72.877696,5.456244,73.019054,5.982733,20,Q1457965,1281918,raa
MDV-5225,MV-24,True,MV,Maldives,Shaviyani,Shaviyani Atoll,Shaviyani,Atolón Shaviyani,,Atoll,0,1,6.232733,73.240123,polylabel,3.164,72.89088,6.079535,73.270844,6.452094,20,Q2190334,1281892,shaviyani
MDV-5238,MV-08,True,MV,Maldives,Thaa,Thaa Atoll,Atoll Kolhumadulu,Atolón Thaa,,Atoll,0,1,2.409632,73.362091,polylabel,5.083,72.922374,2.164537,73.367035,2.55329,20,Q2709118,1281881,thaa
MDV-5235,MV-04,True,MV,Maldives,Vaavu,Vaavu Atoll,Vaavu,Atolón Vaavu,,Atoll,0,1,3.449815,73.748559,polylabel,0.16,73.50587,3.356391,73.753184,3.501207,20,Q2709111,1281843,vaavu
MWI-1915,MW-BA,True,MW,Malawi,Balaka,Balaka,Balaka,Balaka,,District,0,1,-15.037,35.0792,natural-earth,2203.281,34.843073,-15.324594,35.31524,-14.755378,8,Q870044,1105840,balaka
MWI-1921,MW-BL,True,MW,Malawi,Blantyre,Blantyre,Blantyre,Blantyre,,District,0,1,-15.6875,34.9413,natural-earth,2008.263,34.736361,-16.031476,35.146258,-15.351001,7,Q1059262,931754,blantyre
MWI-1916,MW-CK,True,MW,Malawi,Chikwawa,Chikwawa,Chikwawa,Chikwawa,,District,0,1,-16.1524,34.6636,natural-earth,5149.974,34.231326,-16.700849,35.096132,-15.730323,8,Q722509,931067,chikwawa
MWI-1917,MW-CR,True,MW,Malawi,Chiradzulu,Chiradzulu,Chiradzulu,Chiradzulu,,District,0,1,-15.7358,35.2224,natural-earth,795.894,35.104039,-16.005328,35.340665,-15.523083,9,Q722501,930579,chiradzulu
MWI-1194,MW-CT,True,MW,Malawi,Chitipa,Chitipa,Chitipa,Chitipa,,District,0,1,-10.0267,33.8876,natural-earth,8808.152,33.479073,-10.584883,34.620859,-9.477457,8,Q1044337,928657,chitipa
MWI-1873,MW-CT,True,MW,Malawi,Chitipa,Chitipa,Chitipa,Chitipa,,District,0,1,-9.88572,33.4345,natural-earth,4289.257,32.920863,-10.573048,33.94845,-9.381235,8,Q1044337,235749,chitipa
MWI-1907,MW-DE,True,MW,Malawi,Dedza,Dedza,Dedza,Dedza,,District,0,1,-14.2064,34.1833,natural-earth,4120.936,33.618406,-14.607014,34.748401,-13.850782,7,Q667153,930023,dedza
MWI-1908,MW-DO,True,MW,Malawi,Dowa,Dowa,Dowa,Dowa,,District,0,1,-13.625,33.8651,natural-earth,2777.329,33.422281,-13.823394,34.30786,-13.233972,8,Q195356,929975,dowa
MWI-1899,MW-KS,True,MW,Malawi,Kasungu,Kasungu,Kasungu,Kasungu,,District,0,1,-12.9319,33.4535,natural-earth,8441.447,32.905487,-13.628263,34.001987,-12.374281,8,Q868778,928531,kasungu
MWI-5509,MW-LK,True,MW,Malawi,Likoma,Likoma,Likoma,Likoma,,District,0,1,-12.0727,34.706,natural-earth,200.253,34.541798,-12.12453,34.762353,-11.970534,7,Q740622,1105841,likoma
MWI-1909,MW-LI,True,MW,Malawi,Lilongwe,Lilongwe,Lilongwe,Lilongwe,,District,0,1,-14.0415,33.7683,natural-earth,6350.725,33.252989,-14.561841,34.283623,-13.480469,7,Q1058453,927964,lilongwe
MWI-1904,MW-MH,True,MW,Malawi,Machinga,Machinga,Machinga,Machinga,,District,0,1,-14.9533,35.5384,natural-earth,3936.451,35.172613,-15.258345,35.904299,-14.543143,7,Q198585,927642,machinga
MWI-1910,MW-MG,True,MW,Malawi,Mangochi,Mangochi,Mangochi,Mangochi,,District,0,1,-14.374,35.3501,natural-earth,8656.14,34.735999,-14.762199,35.750539,-13.516283,7,Q722505,927245,mangochi
MWI-1911,MW-MC,True,MW,Malawi,Mchinji,Mchinji,Mchinji,Mchinji,,District,0,1,-13.696,33.0113,natural-earth,3449.084,32.663308,-14.230565,33.359597,-13.336602,7,Q868792,926745,mchinji
MWI-1923,MW-MU,True,MW,Malawi,Mulanje,Mulanje,Mulanje,Mulanje,,District,0,1,-15.9868,35.5397,natural-earth,1806.134,35.283097,-16.208721,35.796591,-15.606696,7,Q509097,925788,mulanje
MWI-1922,MW-MW,True,MW,Malawi,Mwanza,Mwanza,Mwanza,Mwanza,,District,0,1,-15.6394,34.5126,natural-earth,891.544,34.342218,-15.812213,34.7653,-15.575327,7,Q797933,925595,mwanza
MWI-1900,MW-MZ,True,MW,Malawi,Mzimba,Mzimba,Mzimba,Mzimba,,District,0,1,-11.8792,33.6587,natural-earth,11010.984,33.212629,-12.722066,34.10503,-10.963723,7,Q1045435,925496,mzimba
MWI-5510,MW-NE,True,MW,Malawi,Neno,Neno,Neno,Neno,,District,0,1,-15.4366,34.6946,natural-earth,1722.155,34.410023,-15.610675,35.054636,-15.200178,7,Q1195298,7628385,neno
MWI-1901,MW-NB,True,MW,Malawi,Nkhata Bay,Nkhata Bay,Nkhata Bay,Nkhata Bay,,District,0,1,-11.6281,34.1604,natural-earth,10644.224,33.715389,-12.20494,34.964615,-10.965687,7,Q1051505,924730,nkhata-bay
MWI-1902,MW-NK,True,MW,Malawi,Nkhotakota,Nkhotakota,Nkhotakota,Nkhotakota,,District,0,1,-12.8398,34.1715,natural-earth,7957.686,33.7604,-13.489616,34.58276,-12.139207,7,Q687248,924703,nkhotakota
MWI-1919,MW-NS,True,MW,Malawi,Nsanje,Nsanje,Nsanje,Nsanje,,District,0,1,-17.0479,35.1003,natural-earth,2002.31,34.886613,-17.135335,35.314361,-16.331354,7,Q198587,924567,nsanje
MWI-1912,MW-NU,True,MW,Malawi,Ntcheu,Ntcheu,Ntcheu,Ntcheu,,District,0,1,-14.7843,34.6861,natural-earth,3726.148,34.380436,-15.326403,34.991849,-14.303209,7,Q797937,925072,ntcheu
MWI-1913,MW-NI,True,MW,Malawi,Ntchisi,Ntchisi,Ntchisi,Ntchisi,,District,0,1,-13.2659,33.8763,natural-earth,1931.403,33.61891,-13.522275,34.133607,-13.022771,8,Q798235,924490,ntchisi
MWI-1924,MW-PH,True,MW,Malawi,Phalombe,Phalombe,Phalombe,Phalombe,,District,0,1,-15.6883,35.667,natural-earth,1447.561,35.496779,-15.944349,35.837558,-15.459199,8,Q538991,1105842,phalombe
MWI-1903,MW-RU,True,MW,Malawi,Rumphi,Rumphi,Rumphi,Rumphi,,District,0,1,-10.7114,33.953,natural-earth,6694.703,33.231697,-11.108727,34.67502,-10.451972,8,Q1044312,924100,rumphi
MWI-1914,MW-SA,True,MW,Malawi,Salima,Salima,Salima,Salima,,District,0,1,-13.7572,34.4903,natural-earth,4178.322,34.116709,-14.114332,34.863898,-13.403626,8,Q195353,924053,salima
MWI-1918,MW-TH,True,MW,Malawi,Thyolo,Thyolo,Thyolo,Thyolo,,District,0,1,-16.1135,35.1071,natural-earth,1619.618,34.891597,-16.39909,35.322526,-15.860944,8,Q722515,930283,thyolo
MWI-1920,MW-ZO,True,MW,Malawi,Zomba,Zomba,Zomba,Zomba,,District,0,1,-15.4526,35.4256,natural-earth,3028.642,35.011073,-15.683435,35.84053,-15.207082,8,Q1058442,923292,zomba
MEX-2717,MX-AGU,True,MX,Mexico,Aguascalientes,Aguascalientes,Aguascalientes,Aguascalientes,,State,0,1,22.0375,-102.351,natural-earth,5562.38,-102.856352,21.67015,-101.845432,22.464779,9,Q79952,4019231,aguascalientes
MEX-2706,MX-BCN,True,MX,Mexico,Baja California,Baja California,Basse-Californie,Baja California,,State,0,1,30.3399,-115.209,natural-earth,72982.342,-118.368804,27.999424,-112.541402,32.712836,4,Q58731,4017700,baja-california
MEX-2707,MX-BCS,True,MX,Mexico,Baja California Sur,Baja California Sur,Basse-Californie du Sud,Baja California Sur,,State,0,1,25.0656,-111.452,natural-earth,72265.315,-115.753774,22.872155,-109.413625,28.001263,4,Q46508,4017698,baja-california-sur
MEX-2722,MX-CAM,True,MX,Mexico,Campeche,Campeche,Campeche,Campeche,,State,0,1,18.6624,-90.2807,natural-earth,57318.511,-92.486144,17.801964,-89.013502,20.824027,6,Q80908,3531730,campeche
MEX-2735,MX-CHP,True,MX,Mexico,Chiapas,Chiapas,Chiapas,Chiapas,,State,0,1,16.527,-92.581,natural-earth,73634.625,-94.125076,14.546279,-90.379853,17.993682,4,Q60123,3531011,chiapas
MEX-2709,MX-CHH,True,MX,Mexico,Chihuahua,Chihuahua,Chihuahua,Chihuahua,,State,0,1,28.973,-106.232,natural-earth,248321.089,-109.15359,25.620297,-103.309994,31.777751,6,Q655,4014336,chihuahua
MEX-2708,MX-COA,True,MX,Mexico,Coahuila,Coahuila,Coahuila,Coahuila de Zaragoza,,State,0,1,27.4473,-101.885,natural-earth,151228.399,-103.963468,24.564961,-99.806963,29.893939,4,Q53079,4013674,coahuila
MEX-2718,MX-COL,True,MX,Mexico,Colima,Colima,Colima,Colima,,State,0,1,19.1325,-103.915,natural-earth,5896.172,-114.798573,18.32453,-103.477813,19.537154,7,Q61309,4013513,colima
MEX-2727,MX-DIF,True,MX,Mexico,Distrito Federal,Mexico,Mexico,México,,Federal District,0,1,19.3266,-99.1369,natural-earth,1379.307,-99.334732,19.057803,-98.939149,19.571054,4,Q1489,3527646,distrito-federal
MEX-2710,MX-DUR,True,MX,Mexico,Durango,Durango,Durango,Durango,,State,0,1,24.566,-104.808,natural-earth,121279.37,-107.126272,22.319103,-102.49025,26.838595,6,Q79918,4011741,durango
MEX-2728,MX-GUA,True,MX,Mexico,Guanajuato,Guanajuato,Guanajuato,Guanajuato,,State,0,1,20.8141,-100.904,natural-earth,30503.62,-102.09968,19.9054,-99.707474,21.872929,7,Q46475,4005267,guanajuato
MEX-2729,MX-GRO,True,MX,Mexico,Guerrero,Guerrero,Guerrero,Guerrero,,State,0,1,17.7608,-100.091,natural-earth,64905.113,-102.179571,16.318275,-98.001739,18.870631,4,Q60158,3527213,guerrero
MEX-2730,MX-HID,True,MX,Mexico,Hidalgo,Hidalgo,Hidalgo,Hidalgo,,State,0,1,20.5354,-98.9221,natural-earth,21365.083,-99.844107,19.585523,-98.000188,21.398849,4,Q80903,3527115,hidalgo
MEX-2719,MX-JAL,True,MX,Mexico,Jalisco,Jalisco,Jalisco,Jalisco,,State,0,1,20.3026,-103.602,natural-earth,80226.127,-105.698681,18.95383,-101.520542,22.771582,4,Q13160,4004156,jalisco
MEX+99?,MX-X01,False,MX,Mexico,MEX+99?,,,,,,0,1,22.3858,-89.6633,natural-earth,133.634,-89.770756,22.367576,-89.610152,22.582869,20,,0,mex-99
MEX-2720,MX-MIC,True,MX,Mexico,Michoacán,Michoacán,Michoacán,Michoacán,,State,0,1,19.2458,-101.936,natural-earth,59059.861,-103.742025,17.915988,-100.122849,20.403148,4,Q79861,3995955,michoacan
MEX-2732,MX-MOR,True,MX,Mexico,Morelos,Morelos,Morelos,Morelos,,State,0,1,18.742,-99.0785,natural-earth,5095.64,-99.51069,18.34994,-98.646402,19.142449,4,Q66117,3522961,morelos
MEX-2731,MX-MEX,True,MX,Mexico,México,State of Mexico,État de Mexico,Estado de México,,State,0,1,19.3275,-99.7416,natural-earth,21891.456,-100.623594,18.389265,-98.596483,20.30889,4,Q82112,3523272,mexico
MEX-2721,MX-NAY,True,MX,Mexico,Nayarit,Nayarit,Nayarit,Nayarit,,State,0,1,21.7934,-104.824,natural-earth,27236.278,-106.688941,20.68515,-103.944683,23.037406,4,Q79920,3995012,nayarit
MEX-2714,MX-NLE,True,MX,Mexico,Nuevo León,Nuevo León,Nuevo León,Nuevo León,,State,0,1,25.6178,-99.8307,natural-earth,65112.975,-101.215651,23.189593,-98.445691,27.793549,4,Q15282,3522542,nuevo-leon
MEX-2723,MX-OAX,True,MX,Mexico,Oaxaca,Oaxaca,Oaxaca,Oaxaca,,State,0,1,16.94,-96.2087,natural-earth,92465.639,-98.554548,15.658054,-93.864834,18.668887,6,Q34110,3522509,oaxaca
MEX-2724,MX-PUE,True,MX,Mexico,Puebla,Puebla,Puebla,Puebla,,State,0,1,18.549,-97.8889,natural-earth,34696.746,-99.049737,17.89219,-96.728121,20.825344,7,Q79923,3521082,puebla
MEX-2733,MX-QUE,True,MX,Mexico,Querétaro,Querétaro,Querétaro,Querétaro,,State,0,1,20.7392,-99.9663,natural-earth,11732.704,-100.568817,19.938008,-99.042295,21.645501,4,Q79754,3520914,queretaro
MEX-2736,MX-ROO,True,MX,Mexico,Quintana Roo,Quintana Roo,Quintana Roo,Quintana Roo,,State,0,1,19.3861,-88.344,natural-earth,44005.616,-89.415364,17.88847,-86.700592,21.62344,4,Q80245,3520887,quintana-roo
MEX-2715,MX-SLP,True,MX,Mexico,San Luis Potosí,San Luis Potosí,San Luis Potosí,San Luis Potosí,,State,0,1,22.4465,-100.324,natural-earth,64362.461,-102.299668,21.174263,-98.347712,24.564961,7,Q78980,3985605,san-luis-potosi
MEX-2711,MX-SIN,True,MX,Mexico,Sinaloa,Sinaloa,Sinaloa,Sinaloa,,State,0,1,25.6041,-108.001,natural-earth,57836.84,-109.440541,22.448966,-105.388626,27.077443,4,Q80252,3983035,sinaloa
MEX-2712,MX-SON,True,MX,Mexico,Sonora,Sonora,Sonora,Sonora,,State,0,1,29.5293,-110.485,natural-earth,179391.872,-115.039743,26.236943,-108.466461,32.499363,4,Q46422,3982846,sonora
MEX-2725,MX-TAB,True,MX,Mexico,Tabasco,Tabasco,Tabasco,Tabasco,,State,0,1,18.1252,-92.8274,natural-earth,24133.908,-94.137073,17.25192,-90.990901,18.648483,4,Q80914,3516458,tabasco
MEX-2716,MX-TAM,True,MX,Mexico,Tamaulipas,Tamaulipas,Tamaulipas,Tamaulipas,,State,0,1,24.0808,-98.5197,natural-earth,79759.801,-100.125588,22.219781,-97.139272,27.670116,4,Q80007,3516391,tamaulipas
MEX-2726,MX-TLA,True,MX,Mexico,Tlaxcala,Tlaxcala,Tlaxcala,Tlaxcala,,State,0,1,19.3956,-98.161,natural-earth,3884.174,-98.709086,19.106483,-97.612822,19.730837,7,Q82681,3515359,tlaxcala
MEX-2734,MX-VER,True,MX,Mexico,Veracruz,Veracruz,Veracruz,Estado de Veracruz,,State,0,1,19.0926,-96.5953,natural-earth,71179.236,-98.642268,17.15022,-93.589502,22.48054,7,Q60130,3514780,veracruz
MEX-2737,MX-YUC,True,MX,Mexico,Yucatán,Yucatán,Yucatán,Yucatán,,State,0,1,20.663,-88.9836,natural-earth,38492.334,-90.442128,19.651049,-87.525091,21.616034,4,Q60176,3514211,yucatan
MEX-2713,MX-ZAC,True,MX,Mexico,Zacatecas,Zacatecas,Zacatecas,Zacatecas,,State,0,1,23.3785,-102.579,natural-earth,74904.063,-104.32975,21.041765,-100.82844,25.165544,6,Q80269,3979840,zacatecas
MYS-1143,MY-01,True,MY,Malaysia,Johor,Johor,Johor,Johor,,State,0,1,2.00649,103.412,natural-earth,19278.691,102.480598,1.270453,104.294688,2.891099,7,Q183032,1733049,johor
MYS-1140,MY-02,True,MY,Malaysia,Kedah,Kedah,Kedah,Kedah,,State,0,1,5.80958,100.647,natural-earth,9170.104,99.645228,5.08093,101.094273,6.526754,6,Q188947,1733048,kedah
MYS-1144,MY-03,True,MY,Malaysia,Kelantan,Kelantan,Kelantan,Kelantan,,State,0,1,5.40349,102.005,natural-earth,15150.284,101.343355,4.555588,102.666323,6.257514,6,Q185944,1733044,kelantan
MYS-4831,MY-14,True,MY,Malaysia,Kuala Lumpur,Kuala Lumpur,Kuala Lumpur,Kuala Lumpur,,Federal Territory,0,1,3.13836,101.698,natural-earth,240.119,101.621735,3.026921,101.763122,3.232206,6,Q1865,1733046,kuala-lumpur
MYS-4833,MY-15,True,MY,Malaysia,Labuan,Labuan,Labuan,Labuan,,Federal Territory,0,1,5.32524,115.222,natural-earth,90.757,115.15919,5.252183,115.259776,5.387397,6,Q214504,1734240,labuan
MYS-1145,MY-04,True,MY,Malaysia,Melaka,Melaka,Malacca,Malaca,,State,0,1,2.32162,102.293,natural-earth,1692.909,101.987071,2.092977,102.59935,2.492277,7,Q185221,1733035,melaka
MYS-1146,MY-05,True,MY,Malaysia,Negeri Sembilan,Negeri Sembilan,Negeri Sembilan,Negeri Sembilan,,State,0,1,2.70857,102.149,natural-earth,6723.469,101.721201,2.391328,102.704563,3.283417,7,Q213893,1733043,negeri-sembilan
MYS-1147,MY-06,True,MY,Malaysia,Pahang,Pahang,Pahang,Pahang,,State,0,1,3.84557,102.491,natural-earth,36048.536,101.341959,2.445949,103.64031,4.781466,6,Q191346,1733042,pahang
MYS-1137,MY-08,True,MY,Malaysia,Perak,Perak,Perak,Perak,,State,0,1,4.74737,101.059,natural-earth,20876.6,100.364513,3.668252,101.753304,5.911346,6,Q188953,1733041,perak
MYS-1141,MY-09,True,MY,Malaysia,Perlis,Perlis,Perlis,Perlis,,State,0,1,6.52169,100.253,natural-earth,802.36,100.127289,6.260528,100.377659,6.707964,6,Q213467,1733040,perlis
MYS-1139,MY-07,True,MY,Malaysia,Pulau Pinang,Penang,Penang,Penang,,State,0,1,5.36839,100.261,natural-earth,1022.743,100.178966,5.12005,100.559113,5.568983,6,Q188096,1733047,pulau-pinang
MYS-4832,MY-16,True,MY,Malaysia,Putrajaya,Putrajaya,Putrajaya,Putrajaya,,Federal Territory,0,1,2.93814,101.706,natural-earth,52.372,101.666901,2.874243,101.731134,2.981214,6,Q182378,1996552,putrajaya
MYS-1186,MY-12,True,MY,Malaysia,Sabah,Sabah,Sabah,Sabah,,State,0,1,5.31115,117.095,natural-earth,74164.752,115.35963,4.14595,119.278087,7.35578,6,Q179029,1733039,sabah
MYS-1187,MY-13,True,MY,Malaysia,Sarawak,Sarawak,Sarawak,Sarawak,,State,0,1,2.44952,113.344,natural-earth,123103.472,109.528436,0.85137,115.6754,4.962329,6,Q170462,1733038,sarawak
MYS-1148,MY-10,True,MY,Malaysia,Selangor,Selangor,Selangor,Selangor,,State,0,1,3.3078,101.428,natural-earth,7764.048,100.812266,2.59585,101.964505,3.861677,6,Q189710,1733037,selangor
MYS-1149,MY-11,True,MY,Malaysia,Terengganu,Terengganu,Terengganu,Terengganu,,State,0,1,4.94214,103.013,natural-earth,13153.619,102.386288,3.875319,103.49643,5.854763,7,Q189701,1733036,terengganu
MOZ-1198,MZ-P,True,MZ,Mozambique,Cabo Delgado,Cabo Delgado,Cabo Delgado,Cabo Delgado,,Province,0,1,-12.51,39.3146,natural-earth,78143.233,37.974096,-14.150816,40.654959,-10.469008,4,Q466538,1051823,cabo-delgado
MOZ-1207,MZ-G,True,MZ,Mozambique,Gaza,Gaza,Gaza,Gaza,,Province,0,1,-23.1231,32.8795,natural-earth,76485.575,31.279103,-25.379165,34.480154,-21.290327,4,Q466526,1046058,gaza
MOZ-1925,MZ-I,True,MZ,Mozambique,Inhambane,Inhambane,Inhambane,Inhambane,,Province,0,1,-21.6677,35.4619,natural-earth,68250.168,33.14607,-24.852227,35.60613,-20.952623,6,Q466547,1045110,inhambane
MOZ-1192,MZ-B,True,MZ,Mozambique,Manica,Manica,Manica,Manica,,Province,0,1,-20.811,33.4678,natural-earth,63937.81,32.339814,-21.596356,34.596163,-16.402358,4,Q622792,1040947,manica
MOZ-1927,MZ-L,True,MZ,Mozambique,Maputo,Maputo,Maputo,Maputo,,Province,0,1,-25.5571,32.3209,natural-earth,24067.933,31.905835,-26.860272,33.139714,-24.211235,7,Q379658,1040649,maputo
MOZ-5854,MZ-L,True,MZ,Mozambique,Maputo,Maputo,Maputo,Maputo,,Province,0,1,-25.949,32.5828,natural-earth,99.562,32.516612,-25.969822,32.658761,-25.865818,7,Q3889,1105845,maputo
MOZ-1200,MZ-N,True,MZ,Mozambique,Nampula,Nampula,Nampula,Nampula,,Province,0,1,-14.9497,38.7815,natural-earth,78477.955,36.714741,-16.876642,40.847992,-13.448119,6,Q622794,1033354,nampula
MOZ-1199,MZ-A,True,MZ,Mozambique,Niassa,Niassa,Niassa,Niassa,,Province,0,1,-13.4918,36.4227,natural-earth,129961.369,34.354006,-15.494351,38.492255,-11.249545,4,Q622799,1030006,niassa
MOZ-1905,MZ-S,True,MZ,Mozambique,Sofala,Sofala,Sofala,Sofala,,Province,0,1,-18.7726,34.8544,natural-earth,67440.064,33.408483,-21.321851,36.191931,-16.830239,4,Q622801,1026804,sofala
MOZ-1190,MZ-T,True,MZ,Mozambique,Tete,Tete,Tete,Tete,,Province,0,1,-15.4259,32.7751,natural-earth,101034.342,30.213845,-17.723672,35.336634,-14.013872,6,Q605787,1026010,tete
MOZ-1906,MZ-Q,True,MZ,Mozambique,Zambezia,Zambezia,Zambézie,Zambezia,,Province,0,1,-16.4213,37.1305,natural-earth,103123.302,35.131943,-18.900486,39.12908,-15.004097,4,Q622803,1024312,zambezia
NAM-3356,NA-CA,True,NA,Namibia,Caprivi,Zambezi,Zambezi,Caprivi,,Region,0,1,-17.8491,23.1229,natural-earth,20082.61,20.986455,-18.478199,25.259781,-17.471336,4,Q473190,1090052,caprivi
NAM-3348,NA-ER,True,NA,Namibia,Erongo,Erongo,Erongo,Erongo,,Region,0,1,-22.2166,15.0824,natural-earth,64231.59,13.628103,-23.813637,16.536593,-20.487225,4,Q648753,3371199,erongo
NAM-3339,NA-HA,True,NA,Namibia,Hardap,Hardap,Hardap,Hardap,,Region,0,1,-24.5108,17.2167,natural-earth,110461.287,14.451915,-25.861315,19.982067,-23.18091,4,Q752676,3371200,hardap
NAM-3338,NA-KA,True,NA,Namibia,Karas,Karas,Karas,Karas,,Region,0,1,-27.0276,17.4903,natural-earth,160470.483,14.80128,-28.959368,19.983204,-25.000076,4,Q573467,3371201,karas
NAM-3354,NA-OK,True,NA,Namibia,Kavango,Kavango,Kavango,Kavango,,Region,0,1,-18.5224,19.4968,natural-earth,43317.109,18.000173,-19.188906,20.993436,-17.389116,4,Q13156669,3371204,kavango
NAM-3340,NA-KH,True,NA,Namibia,Khomas,Khomas,Khomas,Khomas,,Region,0,1,-22.7056,17.1204,natural-earth,36736.866,15.734678,-24.024993,18.506189,-21.705341,4,Q834508,3352137,khomas
NAM-3347,NA-KU,True,NA,Namibia,Kunene,Kunene,Kunene,Kunene,,Region,0,1,-19.8757,13.9847,natural-earth,116361.178,11.717621,-21.187595,16.71281,-16.951057,4,Q834513,3371202,kunene
NAM-3352,NA-OW,True,NA,Namibia,Ohangwena,Ohangwena,Ohangwena,Ohangwena,,Region,0,1,-17.5789,16.7798,natural-earth,10966.566,15.559114,-17.914513,18.000483,-17.388545,4,Q845702,3371203,ohangwena
NAM-3353,NA-OH,True,NA,Namibia,Omaheke,Omaheke,Omaheke,Omaheke,,Region,0,1,-22.0526,19.4738,natural-earth,83684.53,17.963379,-23.864489,20.984796,-20.242743,4,Q838775,3371205,omaheke
NAM-3350,NA-OS,True,NA,Namibia,Omusati,Omusati,Omusati,Omusati,,Region,0,1,-18.3099,14.8918,natural-earth,26703.729,14.136636,-19.417626,15.646932,-17.388136,4,Q764385,3371206,omusati
NAM-3351,NA-ON,True,NA,Namibia,Oshana,Oshana,Oshana,Oshana,,Region,0,1,-18.4961,15.662,natural-earth,8525.119,15.286023,-19.330654,16.037915,-17.679231,4,Q534528,3371207,oshana
NAM-3355,NA-OT,True,NA,Namibia,Oshikoto,Oshikoto,Oshikoto,Oshikoto,,Region,0,1,-18.5381,17.0179,natural-earth,38616.847,15.841235,-19.522219,18.19458,-17.69556,4,Q876512,3371208,oshikoto
NAM-3349,NA-OD,True,NA,Namibia,Otjozondjupa,Otjozondjupa,Otjozondjupa,Otjozondjupa,,Region,0,1,-20.0032,18.2876,natural-earth,104665.996,15.596392,-22.373879,20.97936,-18.759992,4,Q876506,3371209,otjozondjupa
NCL-559,NC-X03,False,NC,New Caledonia,Nord,North,Nord,Norte,,Province,0,1,-21.0082,165.058,natural-earth,9538.151,163.615733,-21.60695,166.082281,-19.623712,5,Q1612920,2140685,nord
NCL-1259,NC-X02,False,NC,New Caledonia,Sud,South,Sud,Sur,,Province,0,1,-22.608,167.487,natural-earth,7332.147,165.111664,-22.670668,167.555186,-21.315339,5,Q965632,2140464,sud
NCL-1258,NC-X01,False,NC,New Caledonia,Îles Loyauté,Loyalty Islands,des îles Loyauté,La Loyalty Islands,,Province,0,1,-21.5326,167.976,natural-earth,2021.801,166.39088,-21.658461,168.144216,-20.383477,5,Q18655787,7521415,iles-loyaute
NER-800,NE-1,True,NE,Niger,Agadez,Agadez,Agadez,Agadez,,Department,0,1,19.4523,10.0991,natural-earth,624215.886,4.22861,15.334517,15.970322,23.517351,6,Q389944,2448083,agadez
NER-796,NE-2,True,NE,Niger,Diffa,Diffa,Diffa,Diffa,,Department,0,1,15.7652,13.0899,natural-earth,145489.513,10.612562,13.064165,15.567698,18.000039,6,Q1053302,2445702,diffa
NER-93,NE-3,True,NE,Niger,Dosso,Dosso,Dosso,Dosso,,Department,0,1,12.8124,3.55023,natural-earth,31570.069,2.474712,11.695773,4.625845,14.657865,7,Q850055,2445486,dosso
NER-91,NE-4,True,NE,Niger,Maradi,Maradi,Maradi,Maradi,,Department,0,1,14.1148,7.41198,natural-earth,39586.69,6.282645,12.991844,8.541319,15.443295,7,Q850036,2441289,maradi
NER-94,NE-8,True,NE,Niger,Niamey,Niamey,Niamey,Niamey,,Capital District,0,1,13.562,2.12167,natural-earth,675.086,1.972452,13.365831,2.278219,13.626881,6,Q3674,2595294,niamey
NER-95,NE-5,True,NE,Niger,Tahoua,Tahoua,Tahoua,Tahoua,,Department,0,1,15.6002,5.27361,natural-earth,105205.192,3.873849,13.640822,6.673681,18.645374,6,Q871083,2439374,tahoua
NER-4859,NE-6,True,NE,Niger,Tillabéri,Tillabéri,Tillabéri,Tillabéri,,Department,0,1,13.8777,2.19539,natural-earth,91769.548,0.152941,11.896536,4.253622,15.720882,6,Q861914,2595293,tillaberi
NER-92,NE-7,True,NE,Niger,Zinder,Zinder,Zinder,Zinder,,Department,0,1,14.5314,9.66231,natural-earth,146649.185,7.324494,12.80139,12.000126,17.500379,6,Q204367,2437797,zinder
NFK+00?,NF-X01,False,NF,Norfolk Island,Norfolk Island,Norfolk Island,Île Norfolk,Isla Norfolk,,,0,1,-29.033,167.954,natural-earth,41.201,167.91212,-29.080011,167.996349,-28.997491,20,,0,norfolk-island
NGA-2841,NG-AB,True,NG,Nigeria,Abia,Abia State,Abia,Abia,,State,0,1,5.57402,7.56019,natural-earth,4725.924,7.163315,4.817381,7.957065,6.022191,3,Q320852,2565340,abia
NGA-2881,NG-AD,True,NG,Nigeria,Adamawa,Adamawa State,Adamawa,Adamawa,,State,0,1,9.47906,12.5768,natural-earth,33753.354,11.404297,7.453557,13.749839,10.942442,3,Q337514,2565342,adamawa
NGA-2842,NG-AK,True,NG,Nigeria,Akwa Ibom,Akwa Ibom State,Akwa Ibom,Akwa Ibom,,State,0,1,4.89926,7.90963,natural-earth,6683.373,7.462832,4.497545,8.356456,5.529921,3,Q424388,2350813,akwa-ibom
NGA-2857,NG-AN,True,NG,Nigeria,Anambra,Anambra State,Anambra,Anambra,,State,0,1,6.30827,6.98472,natural-earth,4727.372,6.605726,5.694278,7.363716,6.776124,3,Q117714,2349961,anambra
NGA-2858,NG-BA,True,NG,Nigeria,Bauchi,Bauchi State,Bauchi,Bauchi,,State,0,1,10.4101,9.88584,natural-earth,49233.126,8.696658,9.496656,11.075014,12.502441,7,Q503936,2347468,bauchi
NGA-2845,NG-BY,True,NG,Nigeria,Bayelsa,Bayelsa State,Bayelsa,Bayelsa,,State,0,1,4.73907,5.97421,natural-earth,9927.875,5.385997,4.272162,6.72264,5.39303,3,Q532153,2595344,bayelsa
NGA-2846,NG-BE,True,NG,Nigeria,Benue,Benue State,Benue,Benue,,State,0,1,7.48719,8.70736,natural-earth,31605.107,7.493734,6.418208,9.920976,8.133354,3,Q429908,2347266,benue
NGA-2839,NG-BO,True,NG,Nigeria,Borno,Borno State,Borno,Borno,,State,0,1,12.0019,13.1533,natural-earth,71325.475,11.637151,10.036029,14.669936,13.714409,3,Q130626,2346794,borno
NGA-2847,NG-CR,True,NG,Nigeria,Cross River,Cross River State,Cross River,Cross River,,State,0,1,5.93762,8.67873,natural-earth,21100.73,7.869008,4.704047,9.48859,6.891673,3,Q739676,2345891,cross-river
NGA-2860,NG-DE,True,NG,Nigeria,Delta,Delta State,Delta,Delta,,State,0,1,5.44265,5.88195,natural-earth,16359.653,5.00302,5.025042,6.760859,6.535105,3,Q503910,2565341,delta
NGA-2863,NG-EB,True,NG,Nigeria,Ebonyi,Ebonyi State,Ebonyi,Ebonyi,,State,0,1,6.32648,7.98254,natural-earth,6213.339,7.526187,5.690273,8.438896,6.791601,3,Q506808,2595345,ebonyi
NGA-2861,NG-ED,True,NG,Nigeria,Edo,Edo State,Edo,Edo,,State,0,1,6.52416,5.84934,natural-earth,19854.687,4.979262,5.740373,6.719415,7.573362,3,Q682704,2565343,edo
NGA-2854,NG-EK,True,NG,Nigeria,Ekiti,Ekiti State,Ekiti,Ekiti,,State,0,1,7.67104,5.35929,natural-earth,5238.578,4.907225,7.280073,5.811356,8.069585,7,Q534917,2595346,ekiti
NGA-2862,NG-EN,True,NG,Nigeria,Enugu,Enugu State,Enugu,Enugu,,State,0,1,6.55396,7.38408,natural-earth,7733.188,6.905966,5.928088,7.862187,7.107835,7,Q3817714,2565344,enugu
NGA-3470,NG-FC,True,NG,Nigeria,Federal Capital Territory,Federal Capital Territory,Territoire de la capitale fédérale du Nigeria,Territorio de la Capital Federal,,State,0,1,8.78852,7.18889,natural-earth,7351.553,6.749594,8.404707,7.628196,9.351419,3,Q509300,2352776,federal-capital-territory
NGA-2859,NG-GO,True,NG,Nigeria,Gombe,Gombe State,Gombe,Gombe,,State,0,1,10.4342,11.2421,natural-earth,18245.407,10.538613,9.577659,11.945555,11.330833,3,Q376241,2595347,gombe
NGA-2843,NG-IM,True,NG,Nigeria,Imo,Imo State,Imo,Imo,,State,0,1,5.55004,7.01557,natural-earth,5312.529,6.62619,5.182475,7.404954,5.926254,3,Q842939,2337542,imo
NGA-2868,NG-JI,True,NG,Nigeria,Jigawa,Jigawa State,Jigawa,Jigawa,,State,0,1,12.0714,9.36225,natural-earth,24116.014,8.114988,10.93339,10.609513,12.983885,3,Q682691,2565345,jigawa
NGA-2864,NG-KD,True,NG,Nigeria,Kaduna,Kaduna State,Kaduna,Kaduna,,State,0,1,10.3294,7.43906,natural-earth,44690.751,6.093096,8.999193,8.785025,11.4955,7,Q878284,2335722,kaduna
NGA-2869,NG-KN,True,NG,Nigeria,Kano,Kano State,Kano,Estado de Kano,,State,0,1,11.7323,8.54146,natural-earth,20165.685,7.692172,10.544628,9.350675,12.574685,7,Q682571,2335196,kano
NGA-2870,NG-KT,True,NG,Nigeria,Katsina,Katsina State,Katsina,Katsina,,State,0,1,12.5056,7.58609,natural-earth,24031.017,6.875374,11.112242,8.977872,13.345285,7,Q657821,2334797,katsina
NGA-2879,NG-KE,True,NG,Nigeria,Kebbi,Kebbi State,Kebbi,Kebbi,,State,0,1,11.7712,4.06548,natural-earth,36454.482,3.466692,10.099306,6.027054,13.228133,3,Q748523,2597363,kebbi
NGA-2865,NG-KO,True,NG,Nigeria,Kogi,Kogi State,Kogi,Kogi,,State,0,1,7.78485,6.6142,natural-earth,29153.881,5.349162,6.530351,7.87924,8.738382,3,Q387745,2597364,kogi
NGA-2849,NG-KW,True,NG,Nigeria,Kwara,Kwara State,Kwara,Kwara,,State,0,1,8.80445,4.46906,natural-earth,35841.007,2.722862,7.967266,6.215879,10.150363,3,Q464953,2332785,kwara
NGA-2850,NG-LA,True,NG,Nigeria,Lagos,Lagos,Lagos,Estado de Lagos,,State,0,1,6.43313,3.52478,natural-earth,3560.482,2.703841,6.368352,4.346329,6.704733,7,Q815913,2332453,lagos
NGA-2867,NG-NA,True,NG,Nigeria,Nassarawa,Nasarawa State,Nassarawa,Nasarawa,,State,0,1,8.50412,8.27694,natural-earth,26264.941,6.938419,7.775081,9.615465,9.345941,3,Q836645,2595348,nassarawa
NGA-2851,NG-NI,True,NG,Nigeria,Niger,Niger State,Niger,Níger,,State,0,1,9.95553,5.45494,natural-earth,70789.756,3.572422,8.206941,7.338085,11.346646,3,Q503932,2328925,niger
NGA-2852,NG-OG,True,NG,Nigeria,Ogun,Ogun State,Ogun,Ogun,,State,0,1,7.01845,3.29255,natural-earth,16277.668,2.671695,6.31685,4.594996,7.957964,3,Q836657,2327546,ogun
NGA-2853,NG-ON,True,NG,Nigeria,Ondo,Ondo State,Ondo,Ondo,,State,0,1,7.1444,5.19165,natural-earth,14584.856,4.354908,5.85478,6.028397,7.77043,3,Q836654,2326168,ondo
NGA-2855,NG-OS,True,NG,Nigeria,Osun,Osun State,Osun,Osun,,State,0,1,7.47613,4.54911,natural-earth,9263.717,4.0341,6.979109,5.064115,8.081471,3,Q682721,2597365,osun
NGA-2856,NG-OY,True,NG,Nigeria,Oyo,Oyo State,Oyo,Oyo,,State,0,1,8.18969,3.61681,natural-earth,27623.809,2.671082,7.044635,4.56306,9.177528,3,Q503905,2325190,oyo
NGA-2866,NG-PL,True,NG,Nigeria,Plateau,Plateau State,Plateau,Plateau,,State,0,1,8.95327,9.60601,natural-earth,27684.311,8.558992,8.347553,10.653025,10.34539,3,Q503928,2324828,plateau
NGA-2844,NG-RI,True,NG,Nigeria,Rivers,Rivers State,Rivers,Rivers,,State,0,1,4.9979,6.81969,natural-earth,8474.164,6.385791,4.338935,7.584483,5.723165,3,Q503923,2324433,rivers
NGA-2871,NG-SO,True,NG,Nigeria,Sokoto,Sokoto State,Sokoto,Sokoto,,State,0,1,13.0603,5.4366,natural-earth,31511.477,4.120325,11.538262,6.753879,13.880291,7,Q503941,2322907,sokoto
NGA-2848,NG-TA,True,NG,Nigeria,Taraba,Taraba State,Taraba,Taraba,,State,0,1,7.93608,10.5428,natural-earth,60711.335,9.1141,6.42997,11.971497,9.602644,3,Q463959,2597366,taraba
NGA-2873,NG-YO,True,NG,Nigeria,Yobe,Yobe State,Yobe,Yobe,,State,0,1,12.3156,11.5881,natural-earth,46125.013,9.647657,10.590232,12.487538,13.382698,3,Q682777,2597367,yobe
NGA-2872,NG-ZA,True,NG,Nigeria,Zamfara,Zamfara State,Zamfara,Zamfara,,State,0,1,12.0084,6.12834,natural-earth,34501.09,5.023497,10.862748,7.233182,13.1749,3,Q145793,2595349,zamfara
NIC-657,NI-AN,True,NI,Nicaragua,Atlántico Norte,North Caribbean Coast,Atlántico Norte,Atlántico Norte,,Autonomous Region,0,1,13.997,-84.1501,natural-earth,32531.842,-85.506377,13.030264,-82.725697,15.03097,8,Q498452,3830307,atlantico-norte
NIC-644,NI-AS,True,NI,Nicaragua,Atlántico Sur,South Caribbean Coast,Atlántico Sur,Autónoma de la Costa Caribe Sur,,Autonomous Region,0,1,12.2265,-84.2147,natural-earth,25788.093,-85.227893,10.943996,-83.021148,13.282342,8,Q291279,3830308,atlantico-sur
NIC-668,NI-BO,True,NI,Nicaragua,Boaco,Boaco,Boaco,Boaco,,Department,0,1,12.524,-85.4734,natural-earth,4322.449,-85.978364,12.041333,-84.968529,12.793664,9,Q280973,3620673,boaco
NIC-654,NI-CA,True,NI,Nicaragua,Carazo,Carazo,Carazo,Carazo,,Department,0,1,11.7692,-86.2874,natural-earth,1230.191,-86.502341,11.519466,-86.072467,11.956997,8,Q461133,3620481,carazo
NIC-663,NI-CI,True,NI,Nicaragua,Chinandega,Chinandega,Chinandega,Chinandega,,Department,0,1,12.7475,-87.1702,natural-earth,4817.697,-87.685821,12.458384,-86.654602,13.29335,9,Q644024,3620380,chinandega
NIC-669,NI-CO,True,NI,Nicaragua,Chontales,Chontales,Chontales,Chontales,,Department,0,1,12.0292,-85.1156,natural-earth,7412.565,-85.656652,11.631461,-84.574625,12.649512,8,Q498443,3620368,chontales
NIC-664,NI-ES,True,NI,Nicaragua,Estelí,Estelí,Estelí,Estelí,,Department,0,1,13.225,-86.4072,natural-earth,2367.989,-86.73222,12.848518,-86.099519,13.438121,8,Q728015,3619193,esteli
NIC-655,NI-GR,True,NI,Nicaragua,Granada,Granada,Granada,Granada,,Department,0,1,11.8736,-85.9698,natural-earth,2482.234,-86.123213,11.604718,-85.522914,12.20618,9,Q258405,3619135,granada
NIC-656,NI-JI,True,NI,Nicaragua,Jinotega,Jinotega,Jinotega,Jinotega,,Department,0,1,13.6975,-85.5417,natural-earth,9489.448,-86.247857,12.993936,-84.835462,14.602541,9,Q728120,3618928,jinotega
NIC-658,NI-LE,True,NI,Nicaragua,León,León,León,León,,Department,0,1,12.4168,-86.7187,natural-earth,5348.822,-87.173573,12.000523,-86.263902,13.121525,8,Q586818,3618029,leon
NIC-665,NI-MD,True,NI,Nicaragua,Madriz,Madriz,Madriz,Madriz,,Department,0,1,13.4963,-86.412,natural-earth,1609.41,-86.76413,13.200357,-86.059677,13.660148,8,Q728056,3617796,madriz
NIC-659,NI-MN,True,NI,Nicaragua,Managua,Managua,Managua,Managua,,Department,0,1,12.3035,-86.2493,natural-earth,4248.29,-86.670721,11.766775,-85.828063,12.636464,9,Q260009,3617762,managua
NIC-660,NI-MS,True,NI,Nicaragua,Masaya,Masaya,Masaya,Masaya,,Department,0,1,11.9959,-86.1227,natural-earth,560.171,-86.28142,11.856176,-85.96405,12.152282,9,Q570358,3617722,masaya
NIC-666,NI-MT,True,NI,Nicaragua,Matagalpa,Matagalpa,Matagalpa,Matagalpa,,Department,0,1,13.0242,-85.4926,natural-earth,8639.919,-86.28881,12.522078,-84.696453,13.381535,9,Q728099,3617707,matagalpa
NIC-667,NI-NS,True,NI,Nicaragua,Nueva Segovia,Nueva Segovia,Nueva Segovia,Nueva Segovia,,Department,0,1,13.7183,-86.2589,natural-earth,3333.948,-86.774053,13.485172,-85.743115,14.055164,8,Q728022,3617458,nueva-segovia
NIC-4800,NI-SJ,True,NI,Nicaragua,Rio San Juan,Río San Juan,Río San Juan,Río San Juan,,Department,0,1,11.1691,-84.5184,natural-earth,9715.2,-85.340975,10.713482,-83.660134,11.870542,8,Q728155,3617056,rio-san-juan
NIC-24,NI-RI,True,NI,Nicaragua,Rivas,Rivas,Rivas,Rivas,,Department,0,1,11.3524,-85.7633,natural-earth,5277.178,-86.175201,10.939359,-84.884969,11.682052,8,Q728127,3617051,rivas
NLD-5149,NL-BQ1,True,NL,Caribbean Netherlands,Bonaire,Bonaire,Bonaire,Bonaire,,Special Municipality,0,1,12.2314,-68.3029,natural-earth,270.177,-68.417388,12.02204,-68.190012,12.310207,20,Q25396,7609816,bonaire
NLD-894,NL-DR,True,NL,Netherlands,Drenthe,Drenthe,Drenthe,Drente,,Province,0,1,52.9046,6.60064,natural-earth,2626.373,6.129476,52.611466,7.072151,53.204505,8,Q772,2756631,drenthe
NLD-902,NL-FL,True,NL,Netherlands,Flevoland,Flevoland,Flevoland,Flevoland,,Province,0,1,52.5508,5.55746,natural-earth,2386.561,5.09516,52.263927,6.019767,52.838739,8,Q707,3319179,flevoland
NLD-895,NL-FR,True,NL,Netherlands,Friesland,Friesland,Frise,Frisia,,Province,0,1,53.0792,5.77345,natural-earth,3909.33,4.878917,52.789316,6.433799,53.514146,8,Q770,2755812,friesland
NLD-896,NL-GE,True,NL,Netherlands,Gelderland,Gelderland,Gueldre,Güeldres,,Province,0,1,52.0635,5.96001,natural-earth,5113.91,5.00448,51.734827,6.811656,52.521791,8,Q775,2755634,gelderland
NLD-897,NL-GR,True,NL,Netherlands,Groningen,Groningen,Groningue,Groninga,,Province,0,1,53.279,6.73067,natural-earth,2386.165,6.16906,52.841317,7.198506,53.558092,7,Q752,2755249,groningen
NLD-898,NL-LI,True,NL,Netherlands,Limburg,Limburg,Limbourg,Limburgo,,Province,0,1,51.2248,5.93161,natural-earth,2086.997,5.551407,50.74755,6.207817,51.777925,8,Q1093,2751596,limburg
NLD-3483,NL-NB,True,NL,Netherlands,Noord-Brabant,North Brabant,Brabant-Septentrional,Brabante Septentrional,,Province,0,1,51.6008,5.16122,natural-earth,5181.645,4.186127,51.216767,6.049481,51.835028,8,Q1101,2749990,noord-brabant
NLD-3486,NL-NH,True,NL,Netherlands,Noord-Holland,North Holland,Hollande-Septentrionale,Holanda Septentrional,,Province,0,1,52.5748,4.89736,natural-earth,3471.967,4.499033,52.16811,5.370323,53.18773,8,Q701,2749879,noord-holland
NLD-899,NL-OV,True,NL,Netherlands,Overijssel,Overijssel,Overijssel,Overijssel,,Province,0,1,52.4311,6.41649,natural-earth,3331.333,5.785156,52.108793,7.048231,52.853415,8,Q773,2748838,overijssel
NLD-5147,NL-BQ2,True,NL,Netherlands,Saba,Saba,Saba,Saba,,Special Municipality,0,1,17.6325,-63.2371,natural-earth,7.087,-63.251332,17.614691,-63.223704,17.646918,20,Q25528,7610358,saba
NLD-5148,NL-BQ3,True,NL,Netherlands,St. Eustatius,Sint Eustatius,Saint-Eustache,San Eustaquio,,Special Municipality,0,1,17.4852,-62.9719,natural-earth,19.097,-62.997141,17.464571,-62.945065,17.525621,20,Q26180,7610359,st-eustatius
NLD-3484,NL-UT,True,NL,Netherlands,Utrecht,Utrecht,Utrecht,Utrecht,,Province,0,1,52.0749,5.1938,natural-earth,1389.993,4.767854,51.941171,5.61974,52.285491,9,Q776,2745909,utrecht
NLD-903,NL-ZE,True,NL,Netherlands,Zeeland,Zeeland,Zélande,Zelanda,,Province,0,1,51.2837,3.78515,natural-earth,1890.192,3.349415,51.205325,4.281124,51.748236,8,Q705,2744011,zeeland
NLD-3485,NL-ZH,True,NL,Netherlands,Zuid-Holland,South Holland,Hollande-Méridionale,Holanda Meridional,,Province,0,1,52.0075,4.52252,natural-earth,3182.572,3.862315,51.637727,5.182557,52.336371,8,Q694,2743698,zuid-holland
NOR-917,NO-02,True,NO,Norway,Akershus,Akershus,Akershus,Akershus,,County,0,1,60.1365,11.2222,natural-earth,4571.73,10.560232,59.483599,11.883742,60.622636,7,Q50615,3163480,akershus
NOR-912,NO-09,True,NO,Norway,Aust-Agder,Aust-Agder,Aust-Agder,Aust-Agder,,County,0,1,58.6698,8.14878,natural-earth,9150.155,6.815068,58.156928,9.386587,59.691034,7,Q50621,3162354,aust-agder
BVT+00?,NO-X01,False,NO,Norway,Bouvet Island,Bouvet Island,Île Bouvet,Isla Bouvet,,,0,1,-54.4151,3.41677,natural-earth,54.968,3.345551,-54.462498,3.486664,-54.380141,20,,6620379,bouvet-island
NOR-918,NO-06,True,NO,Norway,Buskerud,Buskerud,Buskerud,Buskerud,,County,0,1,60.4253,9.04573,natural-earth,15083.613,7.467844,59.432187,10.623621,61.117665,7,Q50618,3159665,buskerud
NOR-1062,NO-20,True,NO,Norway,Finnmark,Finnmark,Finnmark,Finnmark,,County,0,1,69.5648,24.4789,natural-earth,48084.04,21.233879,68.554835,31.076996,71.165269,7,Q50632,780166,finnmark
NOR-919,NO-04,True,NO,Norway,Hedmark,Hedmark,Hedmark,Hedmark,,County,0,1,61.5285,11.2721,natural-earth,27337.016,9.656393,59.884937,12.888184,62.707801,7,Q50616,3153403,hedmark
NOR-913,NO-12,True,NO,Norway,Hordaland,Hordaland,Hordaland,Hordaland,,County,0,1,60.1134,6.89657,natural-earth,14706.083,4.77947,59.480164,7.678891,61.033174,7,Q50625,3151864,hordaland
NOR-910,NO-15,True,NO,Norway,Møre og Romsdal,Møre og Romsdal,Møre og Romsdal,Møre og Romsdal,,County,0,1,62.5471,8.35107,natural-earth,14526.957,5.390961,61.963247,9.580687,63.473293,7,Q50627,3145495,møre-og-romsdal
NOR-925,NO-17,True,NO,Norway,Nord-Trøndelag,Nord-Trøndelag,Nord-Trøndelag,Nord-Trøndelag,,County,0,1,64.2773,12.2637,natural-earth,21684.755,10.163339,63.196866,14.332074,65.1322,7,Q50629,3144148,nord-trøndelag
NOR-75,NO-18,True,NO,Norway,Nordland,Nordland,Nordland,Nordland,,County,0,1,66.7347,14.7203,natural-earth,37060.531,-9.117421,64.949834,18.189291,71.180365,7,Q50630,3144301,nordland
NOR-920,NO-05,True,NO,Norway,Oppland,Oppland,Oppland,Oppland,,County,0,1,61.5731,9.24644,natural-earth,24767.99,7.327904,60.153383,11.163973,62.389448,7,Q50617,3143487,oppland
NOR-921,NO-03,True,NO,Norway,Oslo,Oslo,Oslo,Oslo,,County,0,1,60.0237,10.6419,natural-earth,778.661,10.349115,59.802397,10.934713,60.154726,9,Q585,3143242,oslo
NOR-914,NO-11,True,NO,Norway,Rogaland,Rogaland,Rogaland,Rogaland,,County,0,1,59.1585,6.41809,natural-earth,9131.424,5.164431,58.272997,7.24393,59.859551,7,Q50624,3141558,rogaland
NOR-915,NO-14,True,NO,Norway,Sogn og Fjordane,Sogn og Fjordane,Sogn og Fjordane,Sogn og Fjordane,,County,0,1,61.5538,6.43282,natural-earth,17929.617,4.643809,60.702342,8.308568,62.214504,7,Q50626,3137966,sogn-og-fjordane
NOR-901,NO-21,True,NO,Norway,Svalbard,Svalbard,Svalbard,Svalbard,,Territory,0,1,78.8124,18.069,natural-earth,61559.872,10.484386,74.347357,33.640391,80.770087,8,Q25231,7521757,svalbard
NOR-911,NO-16,True,NO,Norway,Sør-Trøndelag,Sør-Trøndelag,Sør-Trøndelag,Sør-Trøndelag,,County,0,1,62.9613,10.6956,natural-earth,18696.551,8.271739,62.274313,12.279522,64.431708,7,Q50628,3137400,sør-trøndelag
NOR-922,NO-08,True,NO,Norway,Telemark,Telemark,Telemark,Telemark,,County,0,1,59.5476,8.48804,natural-earth,15121.242,7.092053,58.784833,9.884028,60.197515,7,Q2254,3134723,telemark
NOR-900,NO-19,True,NO,Norway,Troms,Troms,Troms,Troms,,County,0,1,68.9053,19.0835,natural-earth,25534.813,15.638767,68.350196,22.933412,70.290432,7,Q50631,3133897,troms
NOR-916,NO-10,True,NO,Norway,Vest-Agder,Vest-Agder,Vest-Agder,Vest-Agder,,County,0,1,58.4481,7.30897,natural-earth,7465.495,6.397635,57.99315,8.228831,59.208583,7,Q50623,3132064,vest-agder
NOR-923,NO-07,True,NO,Norway,Vestfold,Vestfold,Vestfold,Vestfold,,County,0,1,59.3146,10.1269,natural-earth,2140.151,9.770133,58.955634,10.514171,59.69584,7,Q50619,3132015,vestfold
NOR-924,NO-01,True,NO,Norway,Østfold,Østfold,Østfold,Østfold,,County,0,1,59.4065,11.2074,natural-earth,4156.72,10.591645,58.884727,11.903542,59.805383,7,Q50614,3143188,østfold
NPL-1130,NP-BA,True,NP,Nepal,Bagmati,Bagmati Zone,Bagmati,Zona de Bagmati,,District,0,1,27.8491,85.3494,natural-earth,9059.185,84.644167,27.355927,86.0546,28.335222,6,Q9046,1283710,bagmati
NPL-1124,NP-BH,True,NP,Nepal,Bheri,Bheri Zone,Bheri,Zona de Bheri,,District,0,1,28.4501,81.7802,natural-earth,10870.244,80.992349,27.849051,82.568118,29.125664,6,Q9060,1283606,bheri
NPL-1134,NP-KO,True,NP,Nepal,Bhojpur,Bhojpur,Bhojpur,Bhojpur,,District,0,1,27.0937,87.3229,natural-earth,9509.362,86.906148,26.343768,87.73974,27.952481,6,Q2284812,1283182,bhojpur
NPL-1125,NP-DH,True,NP,Nepal,Dhawalagiri,Dhaulagiri Zone,Dhawalagiri,Zona de Dhawalagiri,,Administrative Zone,0,1,28.4801,83.5602,natural-earth,7800.636,82.889184,28.003795,84.231427,29.291831,6,Q9088,1283454,dhawalagiri
NPL-1095,NP-GA,True,NP,Nepal,Gandaki,Gandaki Zone,Gandaki,Zona de Gandaki,,District,0,1,28.3293,84.3034,natural-earth,11980.835,83.438969,27.756575,85.16801,28.914115,6,Q9133,1283410,gandaki
NPL-1131,NP-JA,True,NP,Nepal,Janakpur,Janakpur Zone,Janakpur,Zona de Janakpur,,Administrative Zone,0,1,27.179,85.9718,natural-earth,9720.957,85.353943,26.566131,86.589733,28.156525,6,Q9152,1283316,janakpur
NPL-1126,NP-KA,True,NP,Nepal,Karnali,Karnali Zone,Karnali,Zona de Karnali,,Administrative Zone,0,1,29.474,82.4637,natural-earth,21211.767,81.266336,28.720108,83.661178,30.416904,6,Q9164,1283245,karnali
NPL-1127,NP-LU,True,NP,Nepal,Lumbini,Lumbini Zone,Lumbinî,Zona de Lumbini,,Administrative Zone,0,1,27.695,83.55,natural-earth,9068.414,82.673891,27.330943,84.425989,28.258508,6,Q9172,1283112,lumbini
NPL-1128,NP-MA,True,NP,Nepal,Mahakali,Mahakali Zone,Mahakali,Zona de Mahakali,,Administrative Zone,0,1,29.5205,80.5573,natural-earth,7216.2,80.030288,28.562444,81.084454,30.210405,6,Q9178,1283098,mahakali
NPL-1135,NP-ME,True,NP,Nepal,Mechi,Mechi Zone,Mechi,Zona de Mechi,,Administrative Zone,0,1,27.1587,87.8075,natural-earth,7858.048,87.446167,26.366557,88.169067,27.908323,6,Q9180,1283047,mechi
NPL-1132,NP-NA,True,NP,Nepal,Narayani,Narayani Zone,Narayani,Zona de Narayani,,Administrative Zone,0,1,27.3731,84.7202,natural-earth,8945.06,83.922043,26.736974,85.517499,27.884577,6,Q9183,1283000,narayani
NPL-373,NP-RA,True,NP,Nepal,Rapti,Rapti Zone,Rapti,Zona de Rapti,राप्ती,Administrative Zone,0,1,28.3268,82.5518,natural-earth,10655.289,81.955649,27.666426,83.147876,28.985156,6,Q9185,1282865,rapti
NPL-1133,NP-SA,True,NP,Nepal,Sagarmatha,Sagarmatha Zone,Sagarmatha,Zona de Sagarmatha,सगरमाथा,Administrative Zone,0,1,27.2719,86.6607,natural-earth,10684.631,86.145936,26.414565,87.175382,28.106838,6,Q9195,1282836,sagarmatha
NPL-1129,NP-SE,True,NP,Nepal,Seti,Seti Zone,Seti,Zona de Seti,,District,0,1,29.312,81.163,natural-earth,12742.882,80.492689,28.389088,81.788476,30.072053,6,Q9196,1282797,seti
NRU-4972,NR-01,True,NR,Nauru,Aiwo,Aiwo,Aiwo,Aiwo,,,0,1,-0.529816,166.913,natural-earth,1.092,166.906993,-0.536965,166.917918,-0.524198,20,Q240017,2110451,aiwo
NRU-4979,NR-02,True,NR,Nauru,Anabar,Anabar,Anabar,Anabar,,,0,1,-0.497511,166.944,natural-earth,1.419,166.938813,-0.504183,166.955577,-0.490411,20,Q328735,2110449,anabar
NRU-4978,NR-03,True,NR,Nauru,Anetan,Anetan,Anetan,Anetan,,,0,1,-0.494702,166.936,natural-earth,0.652,166.931197,-0.504183,166.938987,-0.490411,20,Q378813,2110448,anetan
NRU-4981,NR-04,True,NR,Nauru,Anibare,Anibare,Anibare,Anibare,,,0,1,-0.519984,166.947,natural-earth,5.747,166.935475,-0.533383,166.958263,-0.504183,20,Q328733,2110445,anibare
NRU-4976,NR-05,True,NR,Nauru,Baiti,Baiti,Baiti,Baiti,,,0,1,-0.500672,166.925,natural-earth,1.664,166.918067,-0.516516,166.938048,-0.495675,20,Q328727,2110442,baiti
NRU-4971,NR-06,True,NR,Nauru,Boe,Boe,Boe,Boe,,,0,1,-0.538594,166.916,natural-earth,0.579,166.911993,-0.54754,166.920094,-0.535083,20,Q378829,2110441,boe
NRU-4970,NR-07,True,NR,Nauru,Buada,Buada,Buada,Buada,,,0,1,-0.527877,166.925,natural-earth,2.652,166.916163,-0.538799,166.936135,-0.520686,20,Q202747,2110440,buada
NRU-4973,NR-08,True,NR,Nauru,Denigomodu,Denigomodu,Denigomodu,Denigomodu,,,0,1,-0.520335,166.914,natural-earth,1.168,166.906993,-0.524835,166.920376,-0.512107,20,Q1187200,2110437,denigomodu
NRU-4977,NR-09,True,NR,Nauru,Ewa,Ewa,Ewa,Ewa,,,0,1,-0.502076,166.934,natural-earth,1.112,166.925126,-0.51052,166.938987,-0.49334,20,Q274381,2110435,ewa
NRU-4980,NR-10,True,NR,Nauru,Ijuw,Ijuw,Ijuw,Ijuw,,,0,1,-0.504534,166.951,natural-earth,1.617,166.938987,-0.511329,166.957397,-0.497979,20,Q328738,2110432,ijuw
NRU-4982,NR-11,True,NR,Nauru,Meneng,Meneng,Meneng,Meneng,,,0,1,-0.539648,166.939,natural-earth,4.64,166.925292,-0.551853,166.953205,-0.529816,20,Q327788,2110445,meneng
NRU-4974,NR-12,True,NR,Nauru,Nibok,Nibok,Nibok,Nibok,,,0,1,-0.512961,166.921,natural-earth,3.496,166.910312,-0.525195,166.936798,-0.500177,20,Q378780,2110420,nibok
NRU-4975,NR-13,True,NR,Nauru,Uaboe,Uaboe,Uaboe,Uaboe,,,0,1,-0.506992,166.924,natural-earth,1.319,166.913422,-0.520199,166.93724,-0.49839,20,Q473764,2110420,uaboe
NRU-4983,NR-14,True,NR,Nauru,Yaren,Yaren,Yaren,Yaren,,,0,1,-0.543159,166.925,natural-earth,1.739,166.916352,-0.550668,166.93264,-0.534381,20,Q31026,2110418,yaren
NIU-5481,NU-X01,False,NU,Niue,Niue,Niue,Niue,Niue,,,0,1,-19.0467,-169.866,natural-earth,221.249,-169.950429,-19.142755,-169.782908,-18.964044,20,,0,niue
NZL-5477,NZ-X04,False,NZ,New Zealand,Antipodes Islands,Antipodes Islands,Îles des Antipodes,Islas Antípodas,,,0,1,-49.6532,178.801,natural-earth,78.768,178.717621,-49.720798,178.843923,-49.614923,20,,,antipodes-islands
NZL-3398,NZ-AUK,True,NZ,New Zealand,Auckland,Auckland,Auckland,Auckland,,Unitary Authority,0,1,-36.6334,174.597,natural-earth,4626.55,174.182302,-37.293773,175.565929,-36.062677,7,Q726917,2193734,auckland
NZL-5479,NZ-X06,False,NZ,New Zealand,Auckland Islands,Auckland Islands,Îles Auckland,Islas Auckland,,,0,1,-50.7664,166.11,natural-earth,515.051,165.886485,-50.912042,166.302013,-50.522231,20,,,auckland-islands
NZL-3399,NZ-BOP,True,NZ,New Zealand,Bay of Plenty,Bay of Plenty,Baie de l'Abondance,Bay of Plenty,,Regional Council,0,1,-38.2161,176.858,natural-earth,12390.338,175.809248,-38.998539,178.077329,-37.36866,6,Q2192924,2182560,bay-of-plenty
NZL-5478,NZ-X05,False,NZ,New Zealand,Campbell Islands,Campbell Islands,Îles Campbell,Isla Campbell,,,0,1,-52.5455,169.183,natural-earth,134.137,169.015391,-52.600313,169.293524,-52.469188,20,,,campbell-islands
NZL-3400,NZ-CAN,True,NZ,New Zealand,Canterbury,Canterbury,Canterbury,Canterbury,,Regional Council,0,1,-43.4,171.813,natural-earth,45774.081,169.544205,-45.060402,174.081693,-41.914909,6,Q657004,2192628,canterbury
NZL-5470,NZ-CIT,True,NZ,New Zealand,Chatham Islands Territory,Chatham Islands,Îles Chatham,Islas Chatham,,Special Island Authority,0,1,-44.2722,-176.174,natural-earth,815.849,-176.85497,-44.341241,-176.113881,-43.703383,20,Q115459,4033013,chatham-islands-territory
NZL-3396,NZ-GIS,True,NZ,New Zealand,Gisborne District,Gisborne,Gisborne,Gisborne,,Unitary Authority,0,1,-38.3442,177.93,natural-earth,8396.268,177.172783,-38.960707,178.566173,-37.551377,7,Q140246,2190767,gisborne-district
NZL-3397,NZ-HKB,True,NZ,New Zealand,Hawke's Bay,Hawke's Bay,Hawke's Bay,Hawke's Bay,,Regional Council,0,1,-39.5434,176.605,natural-earth,14623.791,176.081821,-40.45407,177.998871,-38.569842,6,Q251825,2190146,hawke-s-bay
NZL-5471,NZ-X01,False,NZ,New Zealand,Kermadec Islands,Kermadec Islands,Kermadec Islands,Islas Kermadec,,,0,1,-29.2436,-177.91,natural-earth,39.234,-177.957997,-29.292169,-177.848134,-29.221938,20,,,kermadec-islands
NZL-3334,NZ-MWT,True,NZ,New Zealand,Manawatu-Wanganui,Manawatū-Whanganui,Manawatu-Wanganui,Manawatu-Wanganui,,Regional Council,0,1,-39.8518,175.627,natural-earth,22150.581,174.718381,-40.775098,176.629666,-38.479575,6,Q139907,2179671,manawatu-wanganui
NZL-3401,NZ-MBH,True,NZ,New Zealand,Marlborough District,Marlborough,Marlborough,Marlborough,,Unitary Authority,0,1,-41.638,173.656,natural-earth,10766.894,172.706285,-42.471257,174.401378,-40.708754,6,Q140083,2187304,marlborough-district
NZL-3402,NZ-NSN,True,NZ,New Zealand,Nelson City,Nelson,Nelson,Nelson,,Unitary Authority,0,1,-41.2508,173.388,natural-earth,390.397,173.184975,-41.388636,173.591089,-41.055684,9,Q206687,6612108,nelson-city
NZL-3404,NZ-NTL,True,NZ,New Zealand,Northland,Northland,Northland,Northland,,Regional Council,0,1,-35.5874,173.981,natural-earth,12261.388,172.674083,-36.399509,174.656217,-34.397638,6,Q59596,2185978,northland
NZL-3407,NZ-OTA,True,NZ,New Zealand,Otago,Otago,Otago,Otago,,Regional Council,0,1,-45.4296,169.887,natural-earth,32844.405,168.1261,-46.66074,171.172539,-43.962639,6,Q692912,6612109,otago
NZL-3408,NZ-STL,True,NZ,New Zealand,Southland,Southland,Southland,Southland,,Regional Council,0,1,-45.6455,167.928,natural-earth,30381.938,166.466482,-47.277602,169.225051,-44.265618,6,Q864971,2182501,southland
NZL-3405,NZ-TKI,True,NZ,New Zealand,Taranaki,Taranaki,Taranaki,Taranaki,,Regional Council,0,1,-39.3382,174.414,natural-earth,7385.608,173.759288,-39.85947,174.992761,-38.707371,6,Q140207,2181872,taranaki
NZL-3403,NZ-TAS,True,NZ,New Zealand,Tasman District,Tasman,Tasman,Tasman,,Unitary Authority,0,1,-41.6713,172.675,natural-earth,9631.581,172.064051,-42.312507,173.285268,-40.50213,6,Q666142,2181818,tasman-district
NZL-5480,NZ-X07,False,NZ,New Zealand,The Snares,Snares Islands,Îles Snares,Las Snares,,,0,1,-48.0227,166.608,natural-earth,15.671,166.56837,-48.062433,166.637462,-47.993585,20,,,the-snares
NZL-5476,NZ-X03,False,NZ,New Zealand,Three Kings Islands,Three Kings Islands,Îles des Trois Rois,Islas Tres Reyes,,,0,1,-34.1566,172.135,natural-earth,6.164,172.114697,-34.16925,172.158393,-34.144252,20,,,three-kings-islands
NZL-5468,NZ-WKO,True,NZ,New Zealand,Waikato,Waikato,Waikato,Waikato,,Regional Council,0,1,-38.0409,175.445,natural-earth,24196.29,174.617605,-39.297291,176.507604,-36.474705,7,Q139918,2180293,waikato
NZL-5469,NZ-WGN,True,NZ,New Zealand,Wellington,Wellington,Wellington,Wellington,,Regional Council,0,1,-41.2275,175.2,natural-earth,8316.445,174.599946,-41.620294,176.347992,-40.674412,6,Q856010,2179538,wellington
NZL-3406,NZ-WTC,True,NZ,New Zealand,West Coast,West Coast,West Coast,West Coast,,Regional Council,0,1,-43.362,170.402,natural-earth,22363.016,168.103282,-44.489997,172.701635,-40.77752,6,Q541468,6612113,west-coast
OMN-2404,OM-DA,True,OM,Oman,Ad Dakhliyah,Ad Dakhiliyah,Ad-Dākhilīyah,Interior,,Region,0,1,22.474,57.3411,natural-earth,31595.037,56.325586,21.09556,58.58767,23.503966,7,Q792550,411735,ad-dakhliyah
OMN-2424,OM-BA,True,OM,Oman,Al Batnah North,Al Batinah North,Al-Batina du Nord,Al Batnah North,,Region,0,1,23.9794,56.8199,natural-earth,7841.954,56.07537,23.490711,57.532683,24.978217,7,,8394434,al-batnah-north
OMN-5497,OM-BJ,True,OM,Oman,Al Batnah South,Al Batinah South,Al-Batina du Sud,Al Batinah Sur,,Region,0,1,23.4299,57.6472,natural-earth,4318.715,57.163674,23.195742,58.131602,23.829591,7,Q4703565,411736,al-batnah-south
OMN-4836,OM-BU,True,OM,Oman,Al Buraymi,Al Buraimi,Al Buraymi,Buraimi,محافظة البريمي,Province,0,1,24.3888,55.9933,natural-earth,5664.69,55.445328,23.539571,56.312666,24.977727,7,Q852039,7110710,al-buraymi
OMN-2414,OM-ZA,True,OM,Oman,Al Dhahira,Ad Dhahirah,Ad Dhahirah,Ad Dhahirah,,Region,0,1,22.9127,55.9327,natural-earth,29011.473,55.186843,21.86606,56.874699,24.14031,7,Q1468596,411739,al-dhahira
OMN-2405,OM-WU,True,OM,Oman,Al Wusta,Al Wusta,Al Wusta,Central,,Region,0,1,20.4263,56.8705,natural-earth,65241.669,55.344624,18.943996,58.396827,22.015272,7,Q958518,411737,al-wusta
OMN-5496,OM-SS,True,OM,Oman,Ash Sharqiyah North,Ash Sharqiyah North,Ach-Charqiya du Nord,Norte del Ash Sharqiyah,,Region,0,1,22.2943,58.565,natural-earth,16026.586,57.834331,21.710618,59.483897,23.02229,7,Q4501876,8394433,ash-sharqiyah-north
OMN-2406,OM-SH,True,OM,Oman,Ash Sharqiyah South,Ash Sharqiyah,Ach-Charqiya,Oriental,,Region,0,1,21.5958,58.9632,natural-earth,17482.923,58.082348,20.170478,59.844574,22.618842,7,Q1106416,411738,ash-sharqiyah-south
OMN-2411,OM-ZU,True,OM,Oman,Dhofar,Dhofar,Dhofar,Dhofar,,Province,0,1,18.4966,54.2927,natural-earth,128593.47,51.978615,16.642401,57.445293,21.096909,7,Q1207752,411742,dhofar
OMN-2425,OM-MU,True,OM,Oman,Musandam,Musandam,Musandam,Musandam,,Province,0,1,25.9744,56.2943,natural-earth,1680.719,56.077397,25.211175,56.511078,26.385972,7,Q372144,411741,musandam
OMN-2426,OM-MA,True,OM,Oman,Muscat,Muscat,Mascate,Muscat,,Province,0,1,23.2505,58.6759,natural-earth,4632.637,58.092816,22.79388,59.259127,23.713324,7,Q544762,411740,muscat
PAN-1958,PA-1,True,PA,Panama,Bocas del Toro,comarca Ngäbe-Buglé,Bocas del Toro,comarca Ngäbe-Buglé,,Province,0,1,9.20739,-82.6597,natural-earth,4698.244,-82.944286,8.808791,-82.006747,9.602722,9,Q217138,3713954,bocas-del-toro
PAN-1332,PA-4,True,PA,Panama,Chiriquí,Chiriquí,Chiriquí,Chiriquí,,Province,0,1,8.30824,-82.0992,natural-earth,6721.394,-83.053246,7.997288,-81.510471,8.920238,7,Q739651,3712410,chiriqui
PAN-1336,PA-2,True,PA,Panama,Coclé,Coclé,Coclé,Coclé,,Province,0,1,8.57708,-80.4314,natural-earth,4888.812,-80.82209,8.091376,-80.040802,9.047484,7,Q825799,3712162,cocle
PAN-1337,PA-3,True,PA,Panama,Colón,Colón,Colón,Colón,,Province,0,1,9.17018,-79.9683,natural-earth,5120.981,-80.862597,8.613841,-79.074533,9.629292,9,Q820514,3712073,colon
PAN-1418,PA-5,True,PA,Panama,Darién,Darién,Darién,Darién,,Province,0,1,7.90194,-77.7067,natural-earth,11665.511,-78.458461,7.235098,-77.16327,9.073245,7,Q688660,3711671,darien
PAN-3455,PA-EM,True,PA,Panama,Emberá,Emberá-Wounaan Comarca,Emberá-Wounaan,Emberá-Wounaan,,Indigenous Territory,0,1,7.86013,-78.1396,natural-earth,4031.184,-78.33449,7.589899,-77.269434,8.776622,7,Q1141041,7303686,embera
PAN-1338,PA-6,True,PA,Panama,Herrera,Herrera,Herrera,Herrera,,Province,0,1,7.85632,-80.6613,natural-earth,2378.003,-80.946992,7.529592,-80.375509,8.138547,7,Q842886,3708710,herrera
PAN-1419,PA-KY,True,PA,Panama,Kuna Yala,Guna Yala,Guna Yala,Guna Yala,,Indigenous Territory,0,1,9.28269,-78.3273,natural-earth,2554.823,-79.281047,8.537812,-77.373525,9.573313,7,Q919017,3701537,kuna-yala
PAN-1339,PA-7,True,PA,Panama,Los Santos,Los Santos,Los Santos,Los Santos,,Province,0,1,7.58403,-80.3927,natural-earth,3740.009,-80.72207,7.236721,-79.99352,7.997223,7,Q911278,3704961,los-santos
PAN-3454,PA-NB,True,PA,Panama,Ngöbe Buglé,Ngöbe-Buglé Comarca,Ngöbe-Buglé,Ngäbe-Buglé,,Indigenous Territory,0,1,8.68,-81.7558,natural-earth,6158.77,-82.439639,8.262157,-81.156074,9.179511,7,Q1129783,7303688,ngobe-bugle
PAN-1340,PA-8,True,PA,Panama,Panama,Panamá,Panama,Panamá,,Province,0,1,9.08628,-78.9283,natural-earth,11734.711,-80.164507,8.208982,-78.042544,9.479008,9,Q557506,3703433,panama
PAN-1341,PA-9,True,PA,Panama,Veraguas,Veraguas,Veraguas,Veraguas,,Province,0,1,8.22553,-81.1447,natural-earth,11151.423,-81.882802,7.205715,-80.604075,8.885698,7,Q593137,3700159,veraguas
PER-584,PE-AMA,True,PE,Peru,Amazonas,Amazonas,Amazonas,Amazonas,,Department,0,1,-5.0485,-77.9695,natural-earth,40902.982,-78.775367,-7.013215,-77.163682,-2.967149,4,Q201162,3699699,amazonas
PER-569,PE-APU,True,PE,Peru,Apurímac,Apurímac,Apurímac,Apurímac,,Department,0,1,-14.0317,-72.9662,natural-earth,20901.457,-73.85006,-14.820335,-72.082365,-13.205602,4,Q208185,3947421,apurimac
PER-570,PE-ARE,True,PE,Peru,Arequipa,Arequipa,Arequipa,Arequipa,,Department,0,1,-15.8757,-72.4209,natural-earth,63124.052,-75.075746,-17.317987,-70.837118,-14.659157,6,Q205068,3947319,arequipa
PER-586,PE-AYA,True,PE,Peru,Ayacucho,Ayacucho,Ayacucho,Ayacucho,,Department,0,1,-13.9245,-73.9838,natural-earth,44344.1,-75.131868,-15.608349,-72.83573,-12.147114,7,Q205112,3947018,ayacucho
PER-578,PE-CAJ,True,PE,Peru,Cajamarca,Cajamarca,Cajamarca,Cajamarca,,Department,0,1,-6.81775,-78.6091,natural-earth,34295.638,-79.463878,-7.767898,-77.754422,-4.585108,7,Q205078,3699087,cajamarca
PER-3505,PE-CAL,True,PE,Peru,Callao,Callao,Callao,Callao,,Departamento,0,1,-12.0859,-77.2248,natural-earth,56.979,-77.25366,-12.115912,-77.107616,-11.999033,9,Q2634400,3946080,callao
PER-571,PE-CUS,True,PE,Peru,Cusco,Cusco Departament,Cuzco,Cusco,,Department,0,1,-13.1633,-72.2479,natural-earth,74490.753,-73.961475,-15.334102,-70.355778,-11.199626,6,Q205057,3941583,cusco
PER-588,PE-HUV,True,PE,Peru,Huancavelica,Huancavelica,Huancavelica,Huancavelica,,Department,0,1,-13.0523,-75.0416,natural-earth,22203.967,-75.801905,-14.142909,-74.281326,-11.977873,7,Q505220,3939467,huancavelica
PER-579,PE-HUC,True,PE,Peru,Huánuco,Huanuco,Huánuco,Huánuco,,Department,0,1,-9.59203,-75.9161,natural-earth,36602.009,-77.322536,-10.443755,-74.509684,-8.379747,7,Q215221,3696416,huanuco
PER-589,PE-ICA,True,PE,Peru,Ica,Ica,Ica,Ica,,Department,0,1,-14.2257,-75.6773,natural-earth,20983.223,-76.47025,-15.437662,-74.6905,-12.98205,7,Q208186,3938526,ica
PER-590,PE-JUN,True,PE,Peru,Junín,Junín,Junín,Junín,,Department,0,1,-11.3744,-74.9642,natural-earth,44280.229,-76.493258,-12.686564,-73.435202,-10.68126,4,Q207973,3937485,junin
PER-580,PE-LAL,True,PE,Peru,La Libertad,La Libertad,La Libertad,La Libertad,,Department,0,1,-8.21334,-78.2813,natural-earth,24551.201,-79.697012,-8.963743,-76.856311,-6.960918,4,Q205126,3695781,la-libertad
PER-566,PE-LAM,True,PE,Peru,Lambayeque,Lambayeque,Lambayeque,Lambayeque,,Department,0,1,-6.2514,-79.8994,natural-earth,13636.728,-80.630736,-7.161357,-79.162423,-5.547361,4,Q210061,3695753,lambayeque
PER-591,PE-LIM,True,PE,Peru,Lima,Lima,Lima,Lima,,Department,0,1,-11.0602,-77.0756,natural-earth,32629.132,-77.890601,-13.320443,-75.467197,-10.286814,4,Q579240,3936452,lima
PER-587,PE-LIM,True,PE,Peru,Lima Province,Lima,Lima,Lima,,Captial District,0,1,-12.1124,-76.9236,natural-earth,2725.451,-77.19761,-12.509342,-76.644593,-11.553403,9,Q579240,3936451,lima-province
PER-585,PE-LOR,True,PE,Peru,Loreto,Loreto,Loreto,Loreto,,Department,0,1,-4.27471,-73.8868,natural-earth,375424.813,-77.810369,-8.645157,-69.962572,-0.029093,4,Q200938,3695238,loreto
PER-572,PE-MDD,True,PE,Peru,Madre de Dios,Madre de Dios,Madre de Dios,Madre de Dios,,Department,0,1,-11.8726,-70.6831,natural-earth,82883.833,-72.383793,-13.34673,-68.684252,-9.955892,4,Q210896,3935619,madre-de-dios
PER-574,PE-MOQ,True,PE,Peru,Moquegua,Moquegua,Moquegua,Moquegua,,Department,0,1,-16.6807,-70.7546,natural-earth,15229.715,-71.488478,-17.793299,-70.020759,-15.985277,7,Q208182,3934607,moquegua
PER-581,PE-PAS,True,PE,Peru,Pasco,Pasco,Pasco,Pasco,,Department,0,1,-10.3457,-75.4586,natural-earth,23916.789,-76.749961,-11.103405,-74.167147,-9.64985,7,Q211208,3932834,pasco
PER-567,PE-PIU,True,PE,Peru,Piura,Piura,Piura,Piura,,Department,0,1,-5.09955,-80.2868,natural-earth,36377.406,-81.337558,-6.476945,-79.233689,-4.065034,7,Q208183,3693525,piura
PER-573,PE-PUN,True,PE,Peru,Puno,Puno,Puno,Puno,,Department,0,1,-15.1677,-69.9802,natural-earth,72023.688,-71.126247,-17.300184,-68.833494,-13.011454,4,Q205104,3931275,puno
PER-582,PE-SAM,True,PE,Peru,San Martín,San Martín,San Martín,San Martín,,Department,0,1,-7.30853,-76.6238,natural-earth,52919.664,-77.781371,-8.735074,-75.466267,-5.384632,4,Q211793,3692385,san-martin
PER-575,PE-TAC,True,PE,Peru,Tacna,Tacna,Tacna,Tacna,,Department,0,1,-17.5742,-70.3423,natural-earth,15980.67,-71.175814,-18.337746,-69.508337,-16.817164,7,Q207413,3928127,tacna
PER-568,PE-TUM,True,PE,Peru,Tumbes,Tumbes,Tumbes,Tumbes,,Department,0,1,-3.88493,-80.6135,natural-earth,4570.268,-81.062489,-4.211681,-80.16505,-3.393498,7,Q209597,3691146,tumbes
PER-583,PE-UCA,True,PE,Peru,Ucayali,Ucayali,Ucayali,Ucayali,,Department,0,1,-9.99816,-73.2493,natural-earth,104080.652,-75.974143,-11.429276,-70.523753,-7.320328,4,Q207424,3691099,ucayali
PER-577,PE-ANC,True,PE,Peru,Áncash,Áncash,Ancash,Áncash,,Department,0,1,-9.53996,-77.6571,natural-earth,35991.357,-78.661963,-10.748284,-76.738153,-8.010725,4,Q205089,3699674,ancash
PYF-4966,PF-X04,False,PF,French Polynesia,Austral Islands,Austral Islands,Îles Australes,Islas Australes,,,0,1,-27.58302,-144.321886,polylabel,112.106,-151.397043,-27.641209,-144.283762,-22.422459,20,,4034366,austral-islands
PYF-4964,PF-X02,False,PF,French Polynesia,Leeward Islands,Leeward Islands,Îles Sous-le-Vent,Islas de Sotavento,,,0,1,-16.83069,-151.438061,polylabel,327.829,-154.536977,-16.902927,-150.978383,-15.789321,20,,4034365,leeward-islands
PYF-4967,PF-X05,False,PF,French Polynesia,Marquesas Islands,Marquesas Islands,Îles Marquises,Islas Marquesas,,,0,1,-9.75565,-139.037,natural-earth,1078.879,-140.727773,-10.55047,-138.620229,-7.950128,20,,4019991,marquesas-islands
PYF-4965,PF-X03,False,PF,French Polynesia,Tuamotu-Gambier,Tuamotu Archipelago,Tuamotu-Gambier,Tuamotu-Gambier,,,0,1,-17.763832,-140.728295,polylabel,667.938,-148.690663,-23.138767,-134.942983,-14.164972,20,,4030621,tuamotu-gambier
PYF-4963,PF-X01,False,PF,French Polynesia,Windward Islands,Windward Islands,Îles du Vent,Islas de Barlovento,,,0,1,-17.7462,-149.519,natural-earth,1161.473,-150.655263,-17.869073,-149.149119,-16.982192,20,,4034365,windward-islands
PNG-1249,PG-CPM,True,PG,Papua New Guinea,Central,Central,centrale,Central,,Province,0,1,-9.84123,148.034,natural-earth,29489.965,146.389751,-10.364923,149.678286,-7.771153,6,Q874942,2133763,central
PNG-1242,PG-CPK,True,PG,Papua New Guinea,Chimbu,Chimbu,Simbu,Simbu,,Province,0,1,-6.27374,144.894,natural-earth,6251.375,144.445426,-6.875239,145.342323,-5.781662,6,Q599448,2098593,chimbu
PNG-1250,PG-EBR,True,PG,Papua New Guinea,East New Britain,East New Britain,Nouvelle-Bretagne orientale,Nueva Bretaña del Este,,Province,0,1,-5.65441,151.507,natural-earth,15500.075,150.596627,-6.129787,152.506196,-4.122166,6,Q753702,2097853,east-new-britain
PNG-1239,PG-ESW,True,PG,Papua New Guinea,East Sepik,East Sepik,Sepik oriental,Sepik Oriental,,Province,0,1,-4.25081,143.391,natural-earth,42621.906,141.33559,-5.074005,144.619802,-3.188539,6,Q690880,2097846,east-sepik
PNG-1243,PG-EHG,True,PG,Papua New Guinea,Eastern Highlands,Eastern Highlands,Hautes-Terres orientales,Tierras Altas Orientales,,Province,0,1,-6.4841,145.557,natural-earth,11332.865,144.98622,-7.236819,146.128735,-5.858247,6,Q849812,2097855,eastern-highlands
PNG-1238,PG-EPW,True,PG,Papua New Guinea,Enga,Enga,Enga,Enga,,Province,0,1,-5.48883,143.505,natural-earth,12744.035,142.763204,-5.96253,144.247247,-4.980729,6,Q862584,2097655,enga
PNG-1244,PG-GPK,True,PG,Papua New Guinea,Gulf,Gulf,Golfe,Golfo,,Province,0,1,-7.21915,144.812,natural-earth,34552.159,142.998745,-8.584398,146.625603,-6.729511,6,Q874980,2096633,gulf
PNG-1240,PG-MPM,True,PG,Papua New Guinea,Madang,Madang,Madang,Madang,,Province,0,1,-5.08973,145.086,natural-earth,29688.512,143.968556,-5.998755,147.243826,-3.995777,7,Q326254,2091993,madang
PNG-1251,PG-MRL,True,PG,Papua New Guinea,Manus,Manus,Manus,Manus,,Province,0,1,-2.30166,147.806,natural-earth,1949.817,146.520193,-2.347426,147.881196,-1.947035,6,Q874935,2091495,manus
PNG-1252,PG-MBA,True,PG,Papua New Guinea,Milne Bay,Milne Bay,Baie de Milne,Milne Bay,,Province,0,1,-11.581,153.487,natural-earth,13794.123,148.955487,-11.636326,154.302257,-8.419122,6,Q874962,2132895,milne-bay
PNG-1253,PG-MPL,True,PG,Papua New Guinea,Morobe,Morobe,Morobe,Morobe,,Province,0,1,-6.3992,146.83,natural-earth,34490.075,145.846323,-8.00902,148.148123,-5.287205,6,Q853664,2090468,morobe
PNG-1254,PG-NCD,True,PG,Papua New Guinea,National Capital District,Port Moresby,Port Moresby,Puerto Moresby,,Province,0,1,-9.4476,147.174,natural-earth,238.77,147.061753,-9.537774,147.286778,-9.381029,6,Q36526,2089856,national-capital-district
PNG-1255,PG-NIK,True,PG,Papua New Guinea,New Ireland,New Ireland,Nouvelle-Irlande,Nueva Irlanda,,Province,0,1,-2.51821,150.25,natural-earth,9378.832,149.539806,-4.848321,153.747081,-1.346368,6,Q838690,2089693,new-ireland
PNG-1245,PG-NSB,True,PG,Papua New Guinea,North Solomons,of Bougainville,Bougainville,Bougainville,,Province,0,1,-5.23625,154.632,natural-earth,9444.567,154.134532,-6.876642,155.96754,-3.206315,6,Q18826,2089470,north-solomons
PNG-1256,PG-NPP,True,PG,Papua New Guinea,Northern,Oro,nord,Oro,,Province,0,1,-9.11432,148.227,natural-earth,23149.03,146.991783,-9.960529,149.461355,-8.000183,6,Q753686,2089478,northern
PNG-1241,PG-SAN,True,PG,Papua New Guinea,Sandaun,Sandaun,Sandaun,Sandaun,,Province,0,1,-3.45778,141.741,natural-earth,37324.493,140.972356,-5.406853,143.085148,-1.692641,6,Q753689,2087246,sandaun
PNG-1246,PG-SHM,True,PG,Papua New Guinea,Southern Highlands,Southern Highlands,Hautes-Terres méridionales,Tierras Altas del Sur,,Province,0,1,-6.38625,143.446,natural-earth,25470.112,142.178175,-6.83705,144.714609,-4.96781,6,Q849801,2086331,southern-highlands
PNG-1257,PG-WBK,True,PG,Papua New Guinea,West New Britain,West New Britain,Nouvelle-Bretagne occidentale,Nueva Bretaña del Oeste,,Province,0,1,-5.91003,149.813,natural-earth,20675.679,148.324718,-6.321222,151.68979,-4.643487,6,Q667468,2083546,west-new-britain
PNG-1248,PG-WPD,True,PG,Papua New Guinea,Western,Western,l'Ouest,Occidental,,Province,0,1,-7.48919,142.01,natural-earth,100250.795,140.849211,-9.334649,143.942877,-4.988486,6,Q849790,2083549,western
PNG-1247,PG-WHM,True,PG,Papua New Guinea,Western Highlands,Western Highlands,Hautes-Terres occidentales,Tierras Altas Occidentales,,Province,0,1,-5.77031,144.404,natural-earth,8803.297,143.769964,-6.401263,145.038,-5.242832,6,Q849807,2083551,western-highlands
PH-autonomous-region-in-muslim-mindanao-armm,PH-14,False,PH,Philippines,Autonomous Region in Muslim Mindanao (ARMM),Autonomous Region in Muslim Mindanao (ARMM),,,,,6,1,7.729052,124.251289,polylabel,11831.126,119.435395,4.655707,124.908583,8.226165,7,,,autonomous-region-in-muslim-mindanao-armm
PH-bicol-region-v,PH-05,False,PH,Philippines,Bicol (Region V),Bicol (Region V),,,,,7,1,13.24913,123.531373,polylabel,17203.17,122.309465,11.725572,124.417979,14.350531,7,,,bicol-region-v
PH-calabarzon-region-iv-a,PH-40,False,PH,Philippines,CALABARZON (Region IV-A),CALABARZON (Region IV-A),,,,,6,1,14.054974,121.21013,polylabel,16689.451,120.573497,13.174018,122.815894,15.208064,7,,,calabarzon-region-iv-a
PH-cagayan-valley-region-ii,PH-02,False,PH,Philippines,Cagayan Valley (Region II),Cagayan Valley (Region II),,,,,6,1,16.968182,122.014435,polylabel,26167.225,120.754521,15.77759,122.529145,21.122382,7,,,cagayan-valley-region-ii
PH-central-luzon-region-iii,PH-03,False,PH,Philippines,Central Luzon (Region III),Central Luzon (Region III),,,,,9,1,15.301542,120.88645,polylabel,21408.187,119.867198,14.421047,122.24464,16.510565,7,,,central-luzon-region-iii
PH-central-visayas-region-vii,PH-07,False,PH,Philippines,Central Visayas (Region VII),Central Visayas (Region VII),,,,,7,1,9.286011,123.094005,polylabel,14277.39,122.597097,9.035305,124.624034,11.292467,7,,,central-visayas-region-vii
PH-cordillera-administrative-region-car,PH-15,False,PH,Philippines,Cordillera Administrative Region (CAR),Cordillera Administrative Region (CAR),,,,,7,1,17.560179,121.018149,polylabel,18046.786,120.4672,16.186919,121.670124,18.536233,7,,,cordillera-administrative-region-car
PH-davao-region-xi,PH-11,False,PH,Philippines,Davao (Region XI),Davao (Region XI),,,,,5,1,7.509083,126.191201,polylabel,19083.422,125.139783,5.367174,126.617686,7.997755,7,,,davao-region-xi
PH-dinagat-islands-region-xiii,PH-13,False,PH,Philippines,Dinagat Islands (Region XIII),Dinagat Islands (Region XIII),,,,,5,1,8.419866,125.733786,polylabel,18331.241,125.20362,7.899563,126.466156,10.4619,7,,,dinagat-islands-region-xiii
PH-eastern-visayas-region-viii,PH-08,False,PH,Philippines,Eastern Visayas (Region VIII),Eastern Visayas (Region VIII),,,,,8,1,12.197628,124.992965,polylabel,20739.162,124.133556,9.916938,125.831798,12.591254,7,,,eastern-visayas-region-viii
PH-ilocos-region-i,PH-01,False,PH,Philippines,Ilocos (Region I),Ilocos (Region I),,,,,5,1,18.130361,120.725201,polylabel,13138.75,119.755707,15.614034,120.99511,18.645941,7,,,ilocos-region-i
PH-mimaropa-region-iv-b,PH-41,False,PH,Philippines,MIMAROPA (Region IV-B),MIMAROPA (Region IV-B),,,,,6,1,10.546083,119.481304,polylabel,26405.596,116.954926,6.970933,122.687511,13.866278,7,,,mimaropa-region-iv-b
PH-national-capital-region,PH-00,False,PH,Philippines,National Capital Region,National Capital Region,,,,,17,1,14.640901,121.036171,polylabel,726.032,120.916214,14.359142,121.154268,14.766693,9,,,national-capital-region
PH-northern-mindanao-region-x,PH-10,False,PH,Philippines,Northern Mindanao (Region X),Northern Mindanao (Region X),,,,,7,1,8.195432,124.95726,polylabel,17646.402,123.549001,7.389885,125.444106,9.25019,7,,,northern-mindanao-region-x
PH-soccsksargen-region-xii,PH-12,False,PH,Philippines,SOCCSKSARGEN (Region XII),SOCCSKSARGEN (Region XII),,,,,5,1,6.288838,124.818625,polylabel,18315.798,124.03297,5.583576,125.529734,7.690797,7,,,soccsksargen-region-xii
PH-western-visayas-region-vi,PH-06,False,PH,Philippines,Western Visayas (Region VI),Western Visayas (Region VI),,,,,8,1,11.160385,122.444673,polylabel,19873.707,121.355642,9.437649,123.575531,12.114691,7,,,western-visayas-region-vi
PH-zamboanga-peninsula-region-ix,PH-09,False,PH,Philippines,Zamboanga Peninsula (Region IX),Zamboanga Peninsula (Region IX),,,,,4,1,8.035142,123.251726,polylabel,14408.177,121.897797,6.89643,123.704212,8.726955,7,,,zamboanga-peninsula-region-ix
PAK-1109,PK-JK,True,PK,Pakistan,Azad Kashmir,Azad Kashmir,Azad Cachemire,Azad Cachemira,,Centrally Administered Area,0,1,33.868,73.8036,natural-earth,11966.522,73.400201,32.823067,75.255295,35.123654,3,Q200130,1184196,azad-kashmir
PAK-1108,PK-BA,True,PK,Pakistan,Baluchistan,Balochistan,Baloutchistan,Baluchistán,,Province,0,1,27.5194,65.5512,natural-earth,348505.051,60.844379,24.892035,70.258172,32.061144,3,Q163239,1183606,baluchistan
PAK-1112,PK-TA,True,PK,Pakistan,F.A.T.A.,Federally Administered Tribal Areas,régions tribales,Áreas tribales,,Territory,0,1,32.6148,69.8985,natural-earth,27434.698,69.228001,31.065753,71.859728,34.937757,3,Q208270,1179245,f-a-t-a
PAK-1110,PK-IS,True,PK,Pakistan,F.C.T.,Islamabad Capital Territory,Territoire fédéral d'Islamabad,F.C.T.,,Capital Territory,0,1,33.7011,73.0628,natural-earth,866.616,72.804993,33.492271,73.320517,33.804345,3,Q848613,1162015,f-c-t
PAK-1123,PK-KP,True,PK,Pakistan,K.P.,Khyber Pakhtunkhwa,Khyber Pakhtunkhwa,Khyber Pakhtunkhwa,,Province,0,1,34.9407,72.6402,natural-earth,74969.583,70.067796,31.245277,74.124701,36.896638,3,Q183314,1168873,k-p
PAK-1111,PK-GB,True,PK,Pakistan,Northern Areas,Gilgit-Baltistan,Gilgit-Baltistan,Gilgit-Baltistán,,Centrally Administered Area,0,1,35.7864,74.9848,natural-earth,65236.952,72.515604,34.496965,77.048971,37.054484,3,Q200697,1168878,northern-areas
PAK-1113,PK-PB,True,PK,Pakistan,Punjab,Punjab,Pendjab,Punyab,,Province,0,1,31.3589,72.3449,natural-earth,204039.999,69.330993,27.701463,75.359048,34.022781,3,Q4478,1167710,punjab
PAK-1114,PK-SD,True,PK,Pakistan,Sind,Sindh,Sind,Sindh,,Province,0,1,26.3734,68.8685,natural-earth,140916.663,66.654145,23.694525,71.082772,28.52844,3,Q37211,1164807,sind
POL-3144,PL-WP,True,PL,Poland,Greater Poland,Greater Poland Voivodeship,voïvodie de Grande-Pologne,Voivodato de Gran Polonia,,Voivodeship|Province,0,1,52.1454,17.4521,natural-earth,29491.607,15.825732,51.065824,19.078557,53.595204,5,Q54187,3337498,greater-poland
POL-3145,PL-KP,True,PL,Poland,Kuyavian-Pomeranian,Kuyavian-Pomeranian Voivodeship,voïvodie de Couïavie-Poméranie,Cuyavia y Pomerania,,Voivodeship|Province,0,1,53.0334,18.5227,natural-earth,17723.414,17.297477,52.278411,19.74787,53.696025,5,Q54153,3337500,kuyavian-pomeranian
POL-3170,PL-MA,True,PL,Poland,Lesser Poland,Lesser Poland Voivodeship,voïvodie de Petite-Pologne,Voivodato de Pequeña Polonia,,Voivodeship|Province,0,1,49.8761,20.3133,natural-earth,15563.907,19.112353,49.173227,21.514422,50.484464,5,Q54159,858786,lesser-poland
POL-3141,PL-DS,True,PL,Poland,Lower Silesian,Lower Silesian Voivodeship,voïvodie de Basse-Silésie,Voivodato de Baja Silesia,,Voivodeship|Province,0,1,51.0127,16.4623,natural-earth,19587.096,14.810393,50.093016,17.718433,51.769889,5,Q54150,3337492,lower-silesian
POL-3151,PL-LU,True,PL,Poland,Lublin,Lublin Voivodeship,voïvodie de Lublin,Lublin,,Voivodeship|Province,0,1,51.2088,22.8943,natural-earth,24589.402,21.645945,50.312459,24.143156,52.295981,7,Q54155,858785,lublin
POL-3143,PL-LB,True,PL,Poland,Lubusz,Lubusz Voivodeship,voïvodie de Lubusz,Voivodato de Lubusz,,Voivodeship|Province,0,1,52.2372,15.4552,natural-earth,13907.803,14.539815,51.396539,16.371125,53.109937,5,Q54157,3337494,lubusz
POL-3148,PL-MZ,True,PL,Poland,Masovian,Masovian Voivodeship,voïvodie de Mazovie,Voivodato de Mazovia,,Voivodeship|Province,0,1,52.2269,21.1915,natural-earth,34848.439,19.295908,51.013166,23.086994,53.443508,5,Q54169,858787,masovian
POL-3167,PL-OP,True,PL,Poland,Opole,Opole Voivodeship,voïvodie d'Opole,Opole,,Voivodeship|Province,0,1,50.5498,17.7998,natural-earth,9168.391,16.944005,49.968682,18.655637,51.1514,7,Q54171,3337495,opole
POL-3150,PL-PD,True,PL,Poland,Podlachian,Podlaskie Voivodeship,voïvodie de Podlachie,Voivodato de Podlaquia,,Voivodeship|Province,0,1,53.3396,22.7225,natural-earth,20991.983,21.522955,52.281564,23.922498,54.400918,5,Q54177,858789,podlachian
POL-3140,PL-PM,True,PL,Poland,Pomeranian,Pomeranian Voivodeship,voïvodie de Poméranie,Voivodato de Pomerania,,Voivodeship|Province,0,1,54.26,18.272,natural-earth,18569.068,16.78521,53.433793,19.758256,54.838324,5,Q54180,3337496,pomeranian
POL-3146,PL-SL,True,PL,Poland,Silesian,Silesian Voivodeship,voïvodie de Silésie,Voivodato de Silesia,,Voivodeship|Province,0,1,50.1978,18.9924,natural-earth,12206.486,18.019074,49.386806,19.965634,51.037118,5,Q54181,3337497,silesian
POL-3152,PL-PK,True,PL,Poland,Subcarpathian,Podkarpackie Voivodeship,voïvodie des Basses-Carpates,Voivodato de Subcarpacia,,Voivodeship|Province,0,1,49.8555,22.4341,natural-earth,17947.785,21.210106,48.994013,23.658677,50.829766,5,Q54175,858788,subcarpathian
POL-3139,PL-WN,True,PL,Poland,Warmian-Masurian,Warmian-Masurian Voivodeship,voïvodie de Varmie-Mazurie,Voivodato de Varmia y Masuria,,Voivodeship|Province,0,1,53.8526,20.9711,natural-earth,24443.621,19.128269,53.093142,22.813936,54.434256,5,Q54184,858791,warmian-masurian
POL-3142,PL-ZP,True,PL,Poland,West Pomeranian,West Pomeranian Voivodeship,voïvodie de Poméranie occidentale,Voivodato de Pomerania Occidental,,Voivodeship|Province,0,1,53.5878,15.5906,natural-earth,23552.326,14.123923,52.596463,17.057698,54.576697,5,Q54188,3337499,west-pomeranian
POL-3147,PL-LD,True,PL,Poland,Łódź,Łódź Voivodeship,voïvodie de Łódź,Voivodato de Łódź,,Voivodeship|Province,0,1,51.6355,19.3642,natural-earth,18475.789,18.054847,50.804289,20.673602,52.334687,7,Q54158,3337493,łodz
POL-3149,PL-SK,True,PL,Poland,Świętokrzyskie,Świętokrzyskie Voivodeship,voïvodie de Sainte-Croix,Voivodato de Santa Cruz,,Voivodeship|Province,0,1,50.701,20.7951,natural-earth,11150.786,19.741669,50.174405,21.84862,51.289945,5,Q54183,858790,swietokrzyskie
SPM-4867,PM-X02,False,PM,Saint Pierre and Miquelon,Miquelon-Langlade,Miquelon-Langlade,Miquelon-Langlade,Miquelón-Langlade,,Commune,0,1,47.0461,-56.3418,natural-earth,212.207,-56.396596,46.780748,-56.235504,47.141262,20,,3424938,miquelon-langlade
SPM-4866,PM-X01,False,PM,Saint Pierre and Miquelon,Saint-Pierre,Saint Pierre and Miquelon,Saint-Pierre-et-Miquelon,San Pedro y Miquelón,,Commune,0,1,46.7795,-56.1918,natural-earth,29.907,-56.240305,46.752753,-56.144765,46.811591,20,Q34617,3424935,saint-pierre
PCN+00?,PN-X01,False,PN,Pitcairn Islands,Pitcairn Islands,Pitcairn Islands,Îles Pitcairn,Islas Pitcairn,,,0,1,-25.0707,-130.102,natural-earth,42.663,-130.753082,-25.077081,-124.778066,-23.924412,20,,0,pitcairn-islands
PRI-5260,US-PR,True,PR,Puerto Rico,Puerto Rico,Puerto Rico,Porto Rico,Puerto Rico,,,0,1,18.2448,-66.4441,natural-earth,9034.554,-67.937815,17.922919,-65.244618,18.522773,20,Q1183,,puerto-rico
GAZ+00?,PS-GZZ,True,PS,Gaza Strip,Gaza Strip,Gaza,de Gaza,Gaza,,,0,1,31.4263,34.3654,natural-earth,339.755,34.200269,31.211449,34.556032,31.583141,20,Q762573,281132,gaza-strip
WEB+00?,PS-WBK,True,PS,West Bank,West Bank,West Bank,Cisjordanie,Ribera Occidental,,,0,1,32.003,35.2918,natural-earth,5739.088,34.867153,31.34491,35.572536,32.54264,20,,285153,west-bank
PRT-739,PT-01,True,PT,Portugal,Aveiro,Aveiro,Aveiro,Aveiro,,District,0,1,40.6738,-8.4394,natural-earth,2763.302,-8.787903,40.285655,-8.087072,41.083384,7,Q210527,2742610,aveiro
PRT-735,PT-20,True,PT,Portugal,Azores,Azores,Açores,Azores,,Autonomous region,0,1,38.6351,-28.0394,natural-earth,2606.039,-31.284901,36.934312,-25.012196,39.728339,7,Q25263,3411865,azores
PRT-743,PT-02,True,PT,Portugal,Beja,Beja,Beja,Beja,,District,0,1,37.8511,-7.88716,natural-earth,10246.621,-8.826527,37.326585,-6.947504,38.331872,7,Q321455,2270984,beja
PRT-749,PT-03,True,PT,Portugal,Braga,Braga,Braga,Braga,,District,0,1,41.5663,-8.31863,natural-earth,2694.834,-8.8198,41.325023,-7.813549,41.815986,7,Q326203,2742031,braga
PRT-750,PT-04,True,PT,Portugal,Bragança,Bragança,Bragance,Braganza,,District,0,1,41.5188,-6.81935,natural-earth,6288.517,-7.43228,41.048098,-6.205947,41.98749,7,Q373528,2742026,braganca
PRT-751,PT-05,True,PT,Portugal,Castelo Branco,Castelo Branco,Castelo Branco,Castelo Branco,,District,0,1,39.9984,-7.58224,natural-earth,6393.427,-8.284373,39.557121,-6.879705,40.414433,7,Q273529,2269513,castelo-branco
PRT-752,PT-06,True,PT,Portugal,Coimbra,Coimbra,Coimbra,Coímbra,,District,0,1,40.1645,-8.32193,natural-earth,3955.304,-8.908437,39.921233,-7.735569,40.522958,7,Q244517,2740636,coimbra
PRT-745,PT-08,True,PT,Portugal,Faro,Faro,Faro,Faro,,District,0,1,37.1704,-7.93895,natural-earth,4963.258,-8.997874,36.965888,-7.400217,37.528334,7,Q244521,2268337,faro
PRT-753,PT-09,True,PT,Portugal,Guarda,Guarda,Guarda,Guarda,,District,0,1,40.2918,-7.31624,natural-earth,5467.757,-7.837604,40.232041,-6.794438,41.192241,7,Q273533,2738782,guarda
PRT-740,PT-10,True,PT,Portugal,Leiria,Leiria,Leiria,Leiría,,District,0,1,39.7583,-8.75857,natural-earth,3505.901,-9.409291,39.221198,-8.107975,40.086339,7,Q244512,2267094,leiria
PRT-746,PT-11,True,PT,Portugal,Lisboa,Lisbon,Lisbonne,Lisboa,,District,0,1,38.9835,-9.13397,natural-earth,2738.822,-9.497467,38.670325,-8.788579,39.317032,7,Q207199,2267056,lisboa
PRT-736,PT-30,True,PT,Portugal,Madeira,Madeira,Madère,Madeira,,Autonomous region,0,1,32.7427,-16.9465,natural-earth,811.819,-17.252105,30.029242,-15.85497,33.110785,7,Q26253,2593105,madeira
PRT-747,PT-12,True,PT,Portugal,Portalegre,Portalegre,Portalegre,Portalegre,,District,0,1,39.2822,-7.65389,natural-earth,5964.034,-8.334085,38.766134,-6.973291,39.680421,7,Q225189,2264507,portalegre
PRT-754,PT-13,True,PT,Portugal,Porto,Porto,Porto,Oporto,,District,0,1,41.2118,-8.33114,natural-earth,2307.262,-8.785564,41.011864,-7.875457,41.467563,7,Q322792,2735941,porto
PRT-748,PT-14,True,PT,Portugal,Santarém,Santarém,Santarém,Santarém,,District,0,1,39.291,-8.40378,natural-earth,6737.934,-9.002856,38.733863,-7.804712,39.83731,7,Q244510,2263478,santarem
PRT-5498,PT-15,True,PT,Portugal,Setúbal,Setúbal,Setúbal,Setúbal,,District,0,1,38.2071,-8.57318,natural-earth,5117.406,-9.252675,37.754362,-8.130093,38.836389,7,Q274109,2262961,setubal
PRT-741,PT-16,True,PT,Portugal,Viana do Castelo,Viana do Castelo,Viana do Castelo,Viana do Castelo,,District,0,1,41.9099,-8.4986,natural-earth,2174.276,-8.880317,41.615083,-8.095083,42.15363,7,Q326214,2732772,viana-do-castelo
PRT-756,PT-17,True,PT,Portugal,Vila Real,Vila Real,Vila Real,Vila Real,,District,0,1,41.5279,-7.64533,natural-earth,4195.049,-8.118,41.152579,-7.172657,41.913851,7,Q379372,2732437,vila-real
PRT-755,PT-18,True,PT,Portugal,Viseu,Viseu,Viseu,Viseu,,District,0,1,40.8417,-7.82745,natural-earth,5146.393,-8.354239,40.320562,-7.30066,41.215986,7,Q273525,2732264,viseu
PRT-744,PT-07,True,PT,Portugal,Évora,Évora,Évora,Évora,,District,0,1,38.6036,-7.88463,natural-earth,7224.705,-8.652205,38.175577,-7.117068,39.02674,7,Q274118,2268404,evora
PLW-5244,PW-002,True,PW,Palau,Aimeliik,Aimeliik,Aimeliik,Aimeliik,,,0,1,7.43236,134.533,natural-earth,44.263,134.482921,7.397439,134.565735,7.47029,20,Q405589,1559964,aimeliik
PLW-5245,PW-004,True,PW,Palau,Airai,Airai,Airai,Airai,,,0,1,7.39952,134.571,natural-earth,48.718,134.510531,7.355699,134.601085,7.431996,20,Q407967,4037645,airai
PLW-5246,PW-010,True,PW,Palau,Angaur,Angaur,Angaur,Angaur,,,0,1,6.91388,134.158,natural-earth,17.637,134.136729,6.884467,134.177745,6.935004,20,Q530813,4037653,angaur
PLW-5247,PW-050,True,PW,Palau,Hatobohei,Hatohobei,Hatohobei,Hatohobei,,,0,1,2.96318,131.794,natural-earth,28.194,131.131114,2.949042,131.812999,3.060289,20,Q3516752,1559776,hatobohei
PLW-5248,PW-100,True,PW,Palau,Kayangel,Kayangel,Kayangel,Kayangel,,,0,1,8.0705,134.711,natural-earth,13.29,134.692525,8.050245,134.727343,8.096618,20,Q871222,1559774,kayangel
PLW-5249,PW-150,True,PW,Palau,Koror,Koror,Koror,Koror,,,0,1,7.26579,134.446,natural-earth,58.632,134.347179,7.219143,134.527354,7.362698,20,Q189426,4037892,koror
PLW-5250,PW-212,True,PW,Palau,Melekeok,Melekeok,Melekeok,Melekeok,,,0,1,7.51682,134.613,natural-earth,16.514,134.594689,7.488036,134.635997,7.542207,20,Q12898552,4037930,melekeok
PLW-5251,PW-214,True,PW,Palau,Ngaraard,Ngaraard,Ngaraard,Ngaraard,,,0,1,7.65055,134.65,natural-earth,31.526,134.622949,7.591051,134.663341,7.686021,20,Q1154127,4037962,ngaraard
PLW-5252,PW-218,True,PW,Palau,Ngarchelong,Ngarchelong,Ngarchelong,Ngarchelong,,,0,1,7.70686,134.641,natural-earth,13.411,134.62143,7.684075,134.660167,7.734076,20,Q1070185,4038037,ngarchelong
PLW-5253,PW-222,True,PW,Palau,Ngardmau,Ngardmau,Ngardmau,Ngardmau,,,0,1,7.60128,134.597,natural-earth,33.202,134.546397,7.573029,134.623643,7.6259,20,Q1144496,4038043,ngardmau
PLW-5254,PW-224,True,PW,Palau,Ngatpang,Ngatpang,Ngatpang,Ngatpang,,,0,1,7.47929,134.552,natural-earth,38.851,134.487559,7.431996,134.580679,7.523527,20,Q430385,1559532,ngatpang
PLW-5255,PW-226,True,PW,Palau,Ngchesar,Ngchesar,Ngchesar,Ngchesar,,,0,1,7.46286,134.597,natural-earth,31.727,134.565735,7.421129,134.628194,7.51232,20,Q1070180,4037976,ngchesar
PLW-5256,PW-227,True,PW,Palau,Ngeremlengui,Ngeremlengui,Ngaremlengui,Ngeremlengui,,,0,1,7.53794,134.575,natural-earth,71.55,134.511567,7.474026,134.619907,7.589841,20,Q975076,4038068,ngeremlengui
PLW-5257,PW-228,True,PW,Palau,Ngiwal,Ngiwal,Ngiwal,Ngiwal,,,0,1,7.57313,134.636,natural-earth,22.758,134.607765,7.530504,134.658214,7.600115,20,Q1154101,4038179,ngiwal
PLW-5258,PW-350,True,PW,Palau,Peleliu,Peleliu,Peleliu,Peleliu,,,0,1,7.02649,134.259,natural-earth,22.337,134.230479,6.98432,134.285004,7.07453,20,Q497981,4038261,peleliu
PLW-5259,PW-370,True,PW,Palau,Sonsorol,Sonsorol,Sonsorol,Sonsoral,,,0,1,5.302669,132.221111,polylabel,1.424,132.213878,5.292222,132.226736,5.310248,20,Q866699,1559630,sonsorol
PRY-597,PY-16,True,PY,Paraguay,Alto Paraguay,Alto Paraguay,Alto Paraguay,Alto Paraguay,,Department,0,1,-21.796,-59.8709,natural-earth,79598.397,-61.92474,-22.423024,-57.816027,-19.286729,5,Q682642,3439441,alto-paraguay
PRY-616,PY-10,True,PY,Paraguay,Alto Paraná,Alto Paraná,Alto Paraná,Alto Paraná,,Department,0,1,-25.3757,-54.9426,natural-earth,14045.572,-55.526295,-26.238863,-54.358429,-24.467498,5,Q682654,3439440,alto-parana
PRY-615,PY-13,True,PY,Paraguay,Amambay,Amambay,Amambay,Amambay,,Department,0,1,-23.2295,-56.1788,natural-earth,12249.887,-56.842856,-23.865055,-55.513868,-22.074465,5,Q686586,3439433,amambay
PRY-4837,PY-ASU,True,PY,Paraguay,Asunción,Asunción,Asuncion,Asunción,,Capital District,0,1,-25.3096,-57.5735,natural-earth,164.671,-57.671976,-25.403364,-57.539154,-25.234428,5,Q2933,3474570,asuncion
PRY-598,PY-19,True,PY,Paraguay,Boquerón,Boquerón,Boquerón,Boquerón,,Department,0,1,-22.0943,-60.9776,natural-earth,88620.342,-62.650357,-23.874097,-59.304204,-20.065128,5,Q741017,3867442,boqueron
PRY-617,PY-5,True,PY,Paraguay,Caaguazú,Caaguazú,Caaguazú,Caaguazú,,Department,0,1,-25.2234,-55.8821,natural-earth,12522.01,-56.814744,-25.710368,-54.949405,-24.502173,5,Q880399,3439312,caaguazu
PRY-618,PY-6,True,PY,Paraguay,Caazapá,Caazapá,Caazapá,Caazapá,,Department,0,1,-26.2005,-56.0049,natural-earth,9072.412,-56.783428,-26.775988,-55.226391,-25.546347,5,Q881839,3439296,caazapa
PRY-619,PY-14,True,PY,Paraguay,Canindeyú,Canindeyú,Canindeyú,Canindeyú,,Department,0,1,-24.2567,-55.2022,natural-earth,14925.116,-56.158505,-24.782673,-54.245289,-23.530444,5,Q279085,3439216,canindeyu
PRY-607,PY-11,True,PY,Paraguay,Central,Central,département Central,Central,,Department,0,1,-25.6711,-57.5265,natural-earth,2615.421,-57.820626,-26.011073,-57.161751,-25.106994,5,Q372461,3439137,central
PRY-603,PY-1,True,PY,Paraguay,Concepción,Concepción,Concepción,Concepción,,Department,0,1,-22.8458,-57.0543,natural-earth,18679.619,-57.98121,-23.504767,-56.12737,-22.081048,5,Q741009,3438833,concepcion
PRY-604,PY-3,True,PY,Paraguay,Cordillera,Cordillera,Cordillera,Cordillera,,Department,0,1,-25.2506,-56.9747,natural-earth,4586.027,-57.454989,-25.662671,-56.494505,-24.915275,5,Q755121,3438827,cordillera
PRY-608,PY-4,True,PY,Paraguay,Guairá,Guairá,Guairá,Guairá,,Department,0,1,-25.8137,-56.1486,natural-earth,3777.835,-56.672478,-26.178815,-55.624635,-25.577767,5,Q755116,3438049,guaira
PRY-620,PY-7,True,PY,Paraguay,Itapúa,Itapúa,Itapúa,Itapúa,,Department,0,1,-26.8545,-55.6773,natural-earth,15499.377,-56.690255,-27.586842,-54.663661,-26.077581,5,Q222564,3437923,itapua
PRY-609,PY-8,True,PY,Paraguay,Misiones,Misiones,Misiones,Misiones,,Department,0,1,-26.9861,-57.1187,natural-earth,8710.254,-57.70549,-27.506744,-56.53197,-26.402833,5,Q591194,3437727,misiones
PRY-611,PY-9,True,PY,Paraguay,Paraguarí,Paraguarí,Paraguarí,Paraguarí,,Department,0,1,-25.9805,-57.146,natural-earth,8965.002,-57.70549,-26.623233,-56.586515,-25.425321,5,Q240014,3437599,paraguari
PRY-605,PY-15,True,PY,Paraguay,Presidente Hayes,Presidente Hayes,Presidente Hayes,Presidente Hayes,,Department,0,1,-23.4234,-58.9417,natural-earth,73910.845,-60.792666,-25.289831,-57.09067,-22.083045,5,Q750551,3437443,presidente-hayes
PRY-606,PY-2,True,PY,Paraguay,San Pedro,San Pedro,San Pedro,San Pedro,,Department,0,1,-24.2001,-56.6053,natural-earth,21110.477,-57.459821,-25.038936,-55.750829,-23.307363,7,Q526176,3437027,san-pedro
PRY-610,PY-12,True,PY,Paraguay,Ñeembucú,Ñeembucú,Ñeembucú,Ñeembucú,,Department,0,1,-26.6639,-57.9275,natural-earth,11805.013,-58.658404,-27.429208,-57.195909,-25.80659,5,Q755115,3437677,neembucu
QAT-1099,QA-DA,True,QA,Qatar,Ad Dawhah,Doha,Doha,Doha,,Municipality,0,1,25.2686,51.5282,natural-earth,119.812,51.429253,25.157133,51.611095,25.382839,9,Q3861,389470,ad-dawhah
QAT-5487,QA-ZA,True,QA,Qatar,Al Daayen,Al Daayen,Al Daayen,Al Daayen,,Municipality,0,1,25.4579,51.4671,natural-earth,278.337,51.400631,25.359693,51.535899,25.657651,9,Q310786,8030540,al-daayen
QAT-1105,QA-KH,True,QA,Qatar,Al Khawr,Al Khor,Al Khawr,Jor,,Municipality,0,1,25.7512,51.4212,natural-earth,1486.939,50.949555,25.550885,51.594737,25.954047,9,Q1156471,389465,al-khawr
QAT-1101,QA-WA,True,QA,Qatar,Al Wakrah,Al Wakrah,Al Wakrah,Al Wakrah,,Municipality,0,1,24.9661,51.4743,natural-earth,1642.068,51.220958,24.569892,51.616547,25.243214,9,Q310893,389472,al-wakrah
QAT-1100,QA-RA,True,QA,Qatar,Ar Rayyān,Al Rayyan,Al Rayyan,Rayán,,Municipality,0,1,25.1648,51.1605,natural-earth,6402.105,50.750987,24.559872,51.543293,25.810614,9,Q311272,389469,ar-rayyan
QAT-1106,QA-MS,True,QA,Qatar,Madinat ach Shamal,Madinat ash Shamal,Ash Shamal,Madinat ash Shamal,,Municipality,0,1,26.0095,51.1832,natural-earth,1014.434,50.949392,25.823676,51.416841,26.160102,9,Q310872,389462,madinat-ach-shamal
QAT-1107,QA-US,True,QA,Qatar,Umm Salal,Umm Salal,Umm Salal,Umm Salal,,Municipality,0,1,25.4594,51.3552,natural-earth,229.118,51.287133,25.359693,51.445057,25.565778,9,Q990414,389467,umm-salal
ROU-294,RO-AB,True,RO,Romania,Alba,Alba,Alba,Alba,,County,0,1,46.1478,23.5651,natural-earth,6281.704,22.686864,45.447304,24.197469,46.566977,7,Q45868,686581,alba
ROU-276,RO-AR,True,RO,Romania,Arad,Arad,Arad,Arad,,County,0,1,46.3019,21.7296,natural-earth,7795.502,20.704368,45.892755,22.755283,46.658231,7,Q179559,686253,arad
ROU-302,RO-AG,True,RO,Romania,Arges,Argeș,Argeș,Argeș,,County,0,1,44.9867,24.8859,natural-earth,6663.37,24.437816,44.387679,25.333937,45.602902,6,Q179567,686192,arges
ROU-312,RO-BC,True,RO,Romania,Bacau,Bacău,Bacău,Bacău,,County,0,1,46.4067,26.7643,natural-earth,6718.166,26.00878,46.009233,27.51985,46.813784,7,Q179779,685947,bacau
ROU-277,RO-BH,True,RO,Romania,Bihor,Bihor,Bihor,Bihor,,County,0,1,47.0865,22.1155,natural-earth,7597.562,21.423539,46.366524,22.80789,47.594862,6,Q179588,684878,bihor
ROU-295,RO-BN,True,RO,Romania,Bistrita-Nasaud,Bistrița-Năsăud,Bistrița-Năsăud,Bistrița-Năsăud,,County,0,1,47.1789,24.5132,natural-earth,5243.347,23.935986,46.744511,25.09049,47.582832,6,Q181513,684647,bistrita-nasaud
ROU-287,RO-BT,True,RO,Romania,Botosani,Botoșani,Botoșani,Botoșani,,County,0,1,47.868,26.7668,natural-earth,5431.927,26.10253,47.426666,27.431342,48.274832,7,Q178861,684038,botosani
ROU-313,RO-BR,True,RO,Romania,Braila,Brăila,Brăila,Brăila,,County,0,1,45.1346,27.6204,natural-earth,4763.229,27.062876,44.757914,28.17795,45.493347,7,Q188503,683901,braila
ROU-305,RO-BV,True,RO,Romania,Brasov,Brașov,Brașov,Brașov,,County,0,1,45.7729,25.3749,natural-earth,5227.016,24.649328,45.388496,26.100454,46.167415,7,Q182614,683843,brasov
ROU-128,RO-B,True,RO,Romania,Bucharest,Bucharest,Bucarest,Bucarest,,City,0,1,44.467,26.0999,natural-earth,283.904,25.975832,44.326389,26.210663,44.59263,7,Q19660,683504,bucharest
ROU-314,RO-BZ,True,RO,Romania,Buzau,Buzău,Buzău,Buzău,,County,0,1,45.2071,26.7347,natural-earth,5974.743,26.045987,44.759542,27.423474,45.802941,7,Q185309,683121,buzau
ROU-129,RO-CL,True,RO,Romania,Calarasi,Călărași,Călărași,Călărași,,County,0,1,44.3144,27.1514,natural-earth,4757.227,26.280029,44.063789,28.022765,44.563249,7,Q188948,683016,calarasi
ROU-278,RO-CS,True,RO,Romania,Caras-Severin,Caraș-Severin,Caraș-Severin,Caraș-Severin,,County,0,1,45.0625,22.0247,natural-earth,8380.448,21.342811,44.596168,22.706862,45.662898,6,Q187925,682714,caras-severin
ROU-296,RO-CJ,True,RO,Romania,Cluj,Cluj,Cluj,Cluj,,County,0,1,46.7479,23.5307,natural-earth,6622.586,22.666193,46.400372,24.238707,47.333235,7,Q182624,681291,cluj
ROU-133,RO-CT,True,RO,Romania,Constanta,Constanța,Constanța,Constanța,,County,0,1,44.5099,28.4763,natural-earth,7232.906,27.252662,43.735213,28.987559,44.782549,7,Q188505,680962,constanta
ROU-306,RO-CV,True,RO,Romania,Covasna,Covasna,Covasna,Covasna,,County,0,1,45.8885,25.9665,natural-earth,3676.653,25.448142,45.564403,26.484823,46.292937,6,Q188959,680428,covasna
ROU-122,RO-DJ,True,RO,Romania,Dolj,Dolj,Dolj,Dolj,,County,0,1,44.219,23.5718,natural-earth,7031.406,22.850522,43.75472,24.293484,44.734582,6,Q191065,679134,dolj
ROU-130,RO-DB,True,RO,Romania,Dâmbovita,Dâmbovița,Dâmbovița,Dâmbovița,,County,0,1,44.8486,25.596,natural-earth,3874.448,25.163095,44.430725,26.028934,45.452316,6,Q188797,679385,dambovita
ROU-315,RO-GL,True,RO,Romania,Galati,Galați,Galați,Galați,,County,0,1,45.7861,27.7329,natural-earth,4228.27,27.250306,45.395421,28.215146,46.127546,7,Q188796,677692,galati
ROU-131,RO-GR,True,RO,Romania,Giurgiu,Giurgiu,Giurgiu,Giurgiu,,County,0,1,44.1133,25.978,natural-earth,3338.585,25.493617,43.718781,26.462344,44.565911,7,Q193055,677104,giurgiu
ROU-123,RO-GJ,True,RO,Romania,Gorj,Gorj,Gorj,Gorj,,County,0,1,44.9827,23.2029,natural-earth,5537.041,22.56253,44.550304,23.843331,45.352581,6,Q190406,676898,gorj
ROU-307,RO-HR,True,RO,Romania,Harghita,Harghita,Harghita,Harghita,,County,0,1,46.6393,25.5853,natural-earth,6559.469,24.870451,46.105868,26.300183,47.140327,6,Q190702,676309,harghita
ROU-297,RO-HD,True,RO,Romania,Hunedoara,Hunedoara,Hunedoara,Hunedoara,,County,0,1,45.7435,22.9774,natural-earth,6955.213,22.354946,45.240469,23.599883,46.333813,6,Q191071,675917,hunedoara
ROU-132,RO-IL,True,RO,Romania,Ialomita,Ialomița,Ialomița,Ialomița,,County,0,1,44.6345,27.1899,natural-earth,4551.769,26.269642,44.354709,28.110254,44.865065,6,Q193044,675848,ialomita
ROU-308,RO-IS,True,RO,Romania,Iasi,Iași,Iași,Iași,,County,0,1,47.2053,27.3031,natural-earth,5531.0,26.482343,46.817143,28.124257,47.572638,7,Q182888,675809,iasi
ROU-4844,RO-IF,True,RO,Romania,Ilfov,Ilfov,Ilfov,Ilfov,,County,0,1,44.6465,26.2137,natural-earth,1468.705,25.888839,44.258436,26.460483,44.768017,7,Q191670,865518,ilfov
ROU-298,RO-MM,True,RO,Romania,Maramures,Maramureș,Maramureș,Maramureș,,County,0,1,47.6435,23.9992,natural-earth,6422.188,22.96602,47.304865,25.032302,48.005753,6,Q188813,673887,maramures
ROU-124,RO-MH,True,RO,Romania,Mehedinti,Mehedinți,Mehedinți,Mehedinți,,County,0,1,44.5837,22.9252,natural-earth,4922.106,22.034243,44.100446,23.489399,45.09239,6,Q191717,673612,mehedinti
ROU-299,RO-MS,True,RO,Romania,Mures,Mureș,Mureș,Mureș,,County,0,1,46.5856,24.6284,natural-earth,6527.323,23.967457,46.063597,25.289392,47.102965,6,Q190711,672628,mures
ROU-309,RO-NT,True,RO,Romania,Neamt,Neamț,Neamț,Neamț,,County,0,1,46.9704,26.4554,natural-earth,5620.313,25.671281,46.629299,27.239454,47.29701,6,Q188661,672460,neamt
ROU-126,RO-OT,True,RO,Romania,Olt,Olt,Olt,Olt,,County,0,1,44.3288,24.3781,natural-earth,5214.864,23.904929,43.752938,24.851331,44.914106,6,Q188945,671857,olt
ROU-310,RO-PH,True,RO,Romania,Prahova,Prahova,Prahova,Prahova,,County,0,1,45.1133,26.0168,natural-earth,4635.882,25.429797,44.738148,26.603886,45.512519,6,Q188665,669737,prahova
ROU-300,RO-SJ,True,RO,Romania,Salaj,Sălaj,Sălaj,Sălaj,,County,0,1,47.1483,23.1615,natural-earth,3847.167,22.494266,46.871971,23.828758,47.416951,6,Q190690,668248,salaj
ROU-301,RO-SM,True,RO,Romania,Satu Mare,Satu Mare,Satu Mare,Satu Mare,,County,0,1,47.6632,22.8986,natural-earth,4670.951,22.167608,47.31427,23.63001,48.098125,7,Q165459,667869,satu-mare
ROU-303,RO-SB,True,RO,Romania,Sibiu,Sibiu,Sibiu,Sibiu,,County,0,1,45.9038,24.2957,natural-earth,5557.015,23.609495,45.450508,24.981866,46.266427,7,Q184797,667267,sibiu
ROU-311,RO-SV,True,RO,Romania,Suceava,Suceava,Suceava,Suceava,,County,0,1,47.2144,25.8089,natural-earth,8809.991,24.94238,47.047309,26.675561,47.978267,7,Q181209,665849,suceava
ROU-127,RO-TR,True,RO,Romania,Teleorman,Teleorman,Teleorman,Teleorman,,County,0,1,44.0831,25.1818,natural-earth,5873.085,24.630673,43.65005,25.732948,44.52953,6,Q191653,665283,teleorman
ROU-280,RO-TM,True,RO,Romania,Timis,Timiș,Timiș,Timiș,,County,0,1,45.5963,21.393,natural-earth,8834.688,20.242826,45.152702,22.543617,46.174134,6,Q185586,665091,timis
ROU-4847,RO-TL,True,RO,Romania,Tulcea,Tulcea,Tulcea,Tulcea,,County,0,1,45.0257,28.6227,natural-earth,7662.179,27.986747,44.679674,29.699555,45.452059,7,Q191078,664517,tulcea
ROU-316,RO-VS,True,RO,Romania,Vaslui,Vaslui,Vaslui,Vaslui,,County,0,1,46.5225,27.7259,natural-earth,5137.805,27.204831,45.996263,28.24735,46.973851,7,Q167199,663116,vaslui
ROU-317,RO-VN,True,RO,Romania,Vrancea,Vrancea,Vrancea,Vrancea,,County,0,1,45.7963,26.9802,natural-earth,4715.537,26.380437,45.385189,27.580053,46.17434,6,Q182778,662447,vrancea
ROU-304,RO-VL,True,RO,Romania,Vâlcea,Vâlcea,Vâlcea,Vâlcea,,County,0,1,45.0142,24.0601,natural-earth,5628.457,23.580814,44.517025,24.539464,45.563033,6,Q186838,662892,valcea
SRB-125,RS-14,True,RS,Republic of Serbia,Borski,Bor,Bor,Bor,Борски,District,0,1,44.3824,22.2686,natural-earth,3751.232,21.772449,43.875643,22.765153,44.733653,9,Q477586,7581582,borski
SRB-279,RS-11,True,RS,Republic of Serbia,Branicevski,Braničevo,Braničevo,Braničevo,Браничевски,District,0,1,44.4632,21.5363,natural-earth,4186.92,21.036836,44.065476,22.036174,44.826657,9,Q861539,7581794,branicevski
SRB-836,RS-00,True,RS,Republic of Serbia,Grad Beograd,Belgrade,Belgrade,Belgrado,Београд,City,0,1,44.6408,20.4001,natural-earth,3351.326,19.96119,44.240452,20.839069,45.082066,9,Q3711,8199669,grad-beograd
SRB-843,RS-23,True,RS,Republic of Serbia,Jablanicki,Jablanica,Jablanica,Jablanica,Јабланички,District,0,1,42.964,21.9611,natural-earth,2761.474,21.378674,42.672203,22.544785,43.163412,9,Q876541,7581795,jablanicki
SRB-1059,RS-06,True,RS,Republic of Serbia,Južno-Backi,South Bačka,Bačka méridionale,Bačka del Sur,Јужнобачки,District,0,1,45.3888,19.647,natural-earth,4256.408,18.975527,45.138175,20.318584,45.775191,9,Q648718,7581796,juzno-backi
SRB-1060,RS-04,True,RS,Republic of Serbia,Južno-Banatski,South Banat,Banat méridional,Banato del Sur,Јужнобанатски,District,0,1,45.0065,20.9652,natural-earth,4054.006,20.391768,44.660929,21.539078,45.321482,9,Q720030,7581797,juzno-banatski
SRB-837,RS-09,True,RS,Republic of Serbia,Kolubarski,Kolubara,Kolubara,Kolubara,Колубарски,District,0,1,44.3209,19.9249,natural-earth,2516.983,19.425719,44.052247,20.424056,44.564825,9,Q1048139,7581798,kolubarski
SRB-838,RS-08,True,RS,Republic of Serbia,Macvanski,Mačva,Mačva,Mačva,Мачвански,District,0,1,44.5988,19.4948,natural-earth,3213.797,19.107185,44.091194,20.010112,44.941894,9,Q867803,7581799,macvanski
SRB-829,RS-17,True,RS,Republic of Serbia,Moravicki,Moravica,Moravica,Moravica,Моравички,District,0,1,43.7127,20.2653,natural-earth,3046.819,19.893649,43.25984,20.636911,44.241796,9,Q915380,7581800,moravicki
SRB-830,RS-20,True,RS,Republic of Serbia,Nišavski,Nišava,Nišava,Nišava,Нишавски,District,0,1,43.3388,21.9087,natural-earth,2735.873,21.465905,43.054685,22.351535,43.802934,9,Q1061076,7581801,nisavski
SRB-841,RS-24,True,RS,Republic of Serbia,Pcinjski,Pčinja,Pčinja,Pčinja,Пчињски,District,0,1,42.5543,22.0252,natural-earth,3449.066,21.514893,42.234945,22.536536,42.820952,9,Q1061099,7581802,pcinjski
SRB-121,RS-22,True,RS,Republic of Serbia,Pirotski,Pirot,Pirot,Pirot,Пиротски,District,0,1,43.1029,22.5488,natural-earth,2665.432,22.113617,42.871706,22.984571,43.401295,9,Q580069,7581803,pirotski
SRB-831,RS-10,True,RS,Republic of Serbia,Podunavski,Podunavlje,Podunavlje,Podunavlje,Подунавски,District,0,1,44.4765,20.9527,natural-earth,1390.41,20.730962,44.183324,21.174501,44.722009,9,Q778561,7581804,podunavski
SRB-833,RS-19,True,RS,Republic of Serbia,Pomoravski,Rasina,Rasina,Rasina,Расински,District,0,1,43.5211,21.1638,natural-earth,2638.515,20.760315,43.138805,21.567242,43.840942,9,Q1043446,7581806,pomoravski
SRB-832,RS-13,True,RS,Republic of Serbia,Pomoravski,Pomoravski,Pomoravlje,Pomoravski,Поморавски,District,0,1,43.9757,21.3631,natural-earth,2594.25,20.908368,43.687049,21.817769,44.288563,9,,7581805,pomoravski
SRB-834,RS-18,True,RS,Republic of Serbia,Raški,Raška,Raška,Raška,Рашки,District,0,1,43.3811,20.5783,natural-earth,3752.255,20.054388,42.827439,20.956995,43.859184,9,Q1061082,7581807,raski
SRB-274,RS-01,True,RS,Republic of Serbia,Severno-Backi,North Bačka,Bačka septentrionale,Bačka del Norte,Севернобачки,District,0,1,45.9326,19.5801,natural-earth,1657.229,19.298315,45.618921,19.880368,46.173875,9,Q648758,7581808,severno-backi
SRB-275,RS-03,True,RS,Republic of Serbia,Severno-Banatski,North Banat,Banat septentrional,Banato del Norte,Севернобанатски,District,0,1,45.9589,20.2047,natural-earth,2248.097,19.764923,45.598406,20.644508,46.16354,9,Q728041,7581905,severno-banatski
SRB-1061,RS-02,True,RS,Republic of Serbia,Srednje-Banatski,Central Banat,Banat central,Banato Central,Средњебанатски,District,0,1,45.4421,20.5398,natural-earth,3110.535,20.062941,45.065154,21.016668,45.795141,9,Q425782,7581906,srednje-banatski
SRB-281,RS-07,True,RS,Republic of Serbia,Sremski,Srem,Syrmie,Sirmia,Сремски,District,0,1,45.0381,19.6739,natural-earth,3419.325,18.991429,44.631783,20.356938,45.199516,9,Q217331,7581907,sremski
SRB-835,RS-21,True,RS,Republic of Serbia,Toplicki,Toplica,Toplica,Toplica,Топлички,District,0,1,43.1198,21.3637,natural-earth,2295.557,20.912494,42.841743,21.814876,43.386654,9,Q1048184,7581909,toplicki
SRB-844,RS-15,True,RS,Republic of Serbia,Zajecarski,Zaječar,Zaječar,Zaječar,Зајечарски,District,0,1,43.6834,22.1524,natural-earth,3516.576,21.645997,43.325237,22.658926,44.168596,9,Q967339,7581910,zajecarski
SRB-273,RS-05,True,RS,Republic of Serbia,Zapadno-Backi,West Bačka,Bačka occidentale,Bačka del Oeste,Западнобачки,District,0,1,45.7092,19.2283,natural-earth,2350.746,18.844978,45.434075,19.612064,46.022123,9,Q735169,7581911,zapadno-backi
SRB-1505,RS-16,True,RS,Republic of Serbia,Zlatiborski,Zlatibor,Zlatibor,Zlatibor,Златиборски,District,0,1,43.6263,19.7284,natural-earth,6121.103,19.175191,43.022221,20.282101,44.145006,9,Q478278,7581912,zlatiborski
SRB-839,RS-12,True,RS,Republic of Serbia,Šumadijski,Šumadija,Šumadija,Šumadija,Шумадијски,District,0,1,44.0985,20.8116,natural-earth,2386.56,20.389071,43.775106,21.14334,44.418891,9,Q544118,7581908,sumadijski
RUS-2279,RU-AD,True,RU,Russia,Adygey,Republic of Adygea,Adyguée,Adigueya,Республика Адыгея,Republic,0,1,44.4658,40.1293,natural-earth,7988.665,38.671883,43.751232,40.754133,45.193521,2,Q3734,584222,adygey
RUS-2399,RU-ALT,True,RU,Russia,Altay,Altai Republic,république de l'Altaï,Altái,Алтайский край,Territory,0,1,52.4268,82.8667,natural-earth,170910.97,77.784657,50.634613,87.187474,54.488044,2,Q5971,1511732,altay
RUS-2609,RU-AMU,True,RU,Russia,Amur,Amur,l'Amour,Amur,Амурская область,Region,0,1,52.9236,128.354,natural-earth,359470.075,119.669523,48.853453,134.956445,57.040653,2,Q6886,2027748,amur
RUS-2354,RU-ARK,True,RU,Russia,Arkhangel'sk,Arkhangelsk,d'Arkhangelsk,Arjánguelsk,Вологодская область,Region,0,1,63.3132,41.9939,natural-earth,401185.342,35.857378,60.645963,69.033946,81.85871,6,Q1875,581043,arkhangel-sk
RUS-2388,RU-AST,True,RU,Russia,Astrakhan',Astrakhan,d'Astrakhan,Astracán,Астраханская область,Region,0,1,47.0334,47.7227,natural-earth,45961.108,44.984159,45.447903,49.306,48.868904,7,Q3941,580491,astrakhan
RUS-2378,RU-BA,True,RU,Russia,Bashkortostan,Bashkortostan,Bachkirie,Bashkortostán,Республика Башкортостан,Republic,0,1,54.2086,56.5575,natural-earth,142372.901,53.140457,51.572098,59.974562,56.53841,2,Q5710,578853,bashkortostan
RUS-2370,RU-BEL,True,RU,Russia,Belgorod,Belgorod,Belgorod,Bélgorod,Белгородская область,Region,0,1,50.8757,37.277,natural-earth,27630.991,35.282218,49.803473,39.272363,51.421564,7,Q3329,578071,belgorod
RUS-2342,RU-BRY,True,RU,Russia,Bryansk,Bryansk,Briansk,Briansk,Брянская область,Region,0,1,53.0868,33.2803,natural-earth,35090.442,31.247064,51.826811,35.313948,54.032723,7,Q2810,571473,bryansk
RUS-2606,RU-BU,True,RU,Russia,Buryat,Republic of Buryatia,Bouriatie,Buriatia,Республика Бурятия,Republic,0,1,52.9061,109.341,natural-earth,351402.116,98.629153,49.967353,116.927468,57.243483,2,Q6809,2050915,buryat
RUS-2416,RU-CE,True,RU,Russia,Chechnya,Chechen Republic,Tchétchénie,Chechenia,Республика Чечено-Ингушская,Republic,0,1,43.2153,45.757,natural-earth,16141.043,44.838535,42.470647,46.675529,44.015195,2,Q5187,569665,chechnya
RUS-2379,RU-CHE,True,RU,Russia,Chelyabinsk,Chelyabinsk,Tcheliabinsk,Cheliábinsk,Челябинская область,Region,0,1,54.1131,60.2383,natural-earth,88184.277,57.136285,51.99261,63.340351,56.375784,6,Q5714,1508290,chelyabinsk
RUS-2610,RU-ZAB,True,RU,Russia,Chita,Zabaykalsky Krai,Transbaïkalie,Zabaikalie,Читинская область,Region,0,1,52.159,116.559,natural-earth,430679.548,107.744604,49.134521,122.139139,58.407805,6,Q6838,7779061,chita
RUS-2321,RU-CHU,True,RU,Russia,Chukchi Autonomous Okrug,Chukotka Autonomous Okrug,Tchoukotka,Chukotka,,Autonomous Province,0,1,66.7517,170.516,natural-earth,711985.761,-180.0,61.814643,180.0,71.600043,2,Q7984,2126099,chukchi-autonomous-okrug
RUS-2389,RU-CU,True,RU,Russia,Chuvash,Chuvash Republic,Tchouvachie,Chuvasia,Чувашская Республика,Republic,0,1,55.4883,47.1662,natural-earth,18299.737,45.920123,54.630257,48.412373,56.335166,2,Q5466,567395,chuvash
RUS-2337,RU-SPE,True,RU,Russia,City of St. Petersburg,Saint Petersburg,Saint-Pétersbourg,San Petersburgo,Санкт-Петербург (горсовет),Federal City,0,1,59.8064,30.2901,natural-earth,2012.642,29.417898,59.603856,30.75619,60.266012,7,Q656,536203,city-of-st-petersburg
RUS-283,UA-43,True,RU,Russia,Crimea,Autonomous Republic of Crimea,République autonome de Crimée,República autónoma de Crimea,,Autonomous Republic,0,1,45.3115,34.2784,natural-earth,26284.543,32.481619,44.381049,36.638357,46.218106,6,Q756294,703883,crimea
RUS-2417,RU-DA,True,RU,Russia,Dagestan,Republic of Dagestan,Daghestan,Daguestán,Республика Дагестан,Republic,0,1,42.36,47.1424,natural-earth,50016.696,45.104978,41.192681,48.578949,45.000509,2,Q5118,567293,dagestan
RUS-2400,RU-AL,True,RU,Russia,Gorno-Altay,Altai Republic,république de l'Altaï,Altái,Республика Алтай,Republic,0,1,50.9782,86.937,natural-earth,92604.529,84.00493,49.071011,89.869171,52.667793,7,Q5971,1506272,gorno-altay
RUS-2303,RU-IN,True,RU,Russia,Ingush,Republic of Ingushetia,Ingouchie,Ingusetia,Респу́блика Ингуше́тия,Republic,0,1,43.3661,44.8468,natural-earth,3246.7,44.49747,42.609648,45.180219,43.619844,2,Q5219,556349,ingush
RUS-2602,RU-IRK,True,RU,Russia,Irkutsk,Irkutsk,d'Irkoutsk,Irkutsk,Иркутская область,Region,0,1,56.8255,105.966,natural-earth,769800.213,95.653108,51.131866,119.132811,64.299719,6,Q6585,2023468,irkutsk
RUS-2355,RU-IVA,True,RU,Russia,Ivanovo,Ivanovo,d'Ivanovo,Ivánovo,Ивановская область,Region,0,1,57.1213,41.6244,natural-earth,23551.084,39.385534,56.368007,43.863297,57.74986,7,Q2654,555235,ivanovo
RUS-2304,RU-KB,True,RU,Russia,Kabardin-Balkar,Kabardino-Balkaria,Kabardino-Balkarie,Kabardia-Balkaria,Кабардино-Балкарская Республика,Republic,0,1,43.3757,43.3982,natural-earth,12511.987,42.36256,42.886882,44.433702,43.998555,2,Q5267,554667,kabardin-balkar
RUS-2324,RU-KGD,True,RU,Russia,Kaliningrad,Kaliningrad,Kaliningrad,Kaliningrado,Калининградская область,Region,0,1,54.6636,21.2287,natural-earth,13390.623,19.609548,54.342937,22.848352,55.28996,7,Q1749,554230,kaliningrad
RUS-2390,RU-KL,True,RU,Russia,Kalmyk,Republic of Kalmykia,Kalmoukie,Kalmukia,Республика Калмыкия,Republic,0,1,46.5191,45.4681,natural-earth,73202.102,41.647102,44.751868,47.538259,48.25907,2,Q3953,553972,kalmyk
RUS-2361,RU-KLU,True,RU,Russia,Kaluga,Kaluga,Kalouga,Kaluga,Калужская область,Region,0,1,54.2421,35.3416,natural-earth,29275.822,33.424244,53.270547,37.259049,55.319673,7,Q2842,553899,kaluga
RUS-3468,RU-KAM,True,RU,Russia,Kamchatka,Kamchatka Krai,du Kamtchatka,Kamchatka,,Region,0,1,56.5325,160.187,natural-earth,461340.679,155.551177,50.863917,174.512377,64.934254,2,Q7948,2125072,kamchatka
RUS-2280,RU-KC,True,RU,Russia,Karachay-Cherkess,Karachay-Cherkess Republic,Karatchaïévo-Tcherkessie,Karacháyevo-Cherkesia,Карачаево-Черкессия Республика,Republic,0,1,43.7073,41.6866,natural-earth,14477.196,40.689966,43.18057,42.683214,44.494752,2,Q5328,552927,karachay-cherkess
RUS-2353,RU-KR,True,RU,Russia,Karelia,Karelia,Carélie,Carelia,Республика Карелия,Republic,0,1,63.5295,33.1446,natural-earth,172952.773,29.277059,60.645704,37.942418,66.684147,2,Q1914,552548,karelia
RUS-2401,RU-KEM,True,RU,Russia,Kemerovo,Kemerovo,Kemerovo,Kémerovo,Кемеровская область,Region,0,1,54.6462,87.1676,natural-earth,94749.547,84.410383,52.168005,89.449042,56.832965,6,Q6076,1503900,kemerovo
RUS-2614,RU-KHA,True,RU,Russia,Khabarovsk,Khabarovsk Krai,Khabarovsk,Jabárovsk,Хабаровский край,Territory,0,1,57.0232,135.443,natural-earth,783650.589,130.391659,46.625914,147.158801,62.574424,6,Q7788,2022888,khabarovsk
RUS-2402,RU-KK,True,RU,Russia,Khakass,Republic of Khakassia,Khakassie,Jakasia,Республика Хакасия,Republic,0,1,53.3643,89.8405,natural-earth,59280.02,87.834567,51.316351,91.846415,55.44559,2,Q6543,1503834,khakass
RUS-2396,RU-KHM,True,RU,Russia,Khanty-Mansiy,Khanty-Mansi Autonomous Okrug,Khantys-Mansis,Janti-Mansi,Ханты-Мансийский АОк,Autonomous Province,0,1,61.4315,71.3806,natural-earth,530548.535,59.223186,58.589086,85.973905,65.717126,2,Q6320,1503773,khanty-mansiy
RUS-2384,RU-KIR,True,RU,Russia,Kirov,Kirov,Kirov,Kírov,Кировская область,Region,0,1,58.1926,50.1112,natural-earth,119643.908,46.300461,56.073012,53.922011,61.059116,6,Q5387,548389,kirov
RUS-2383,RU-KO,True,RU,Russia,Komi,Komi Republic,république des Komis,Komi,Республика Коми,Republic,0,1,64.1194,55.8183,natural-earth,414790.421,45.427129,59.208376,66.20953,68.431276,2,Q2073,545854,komi
RUS-2356,RU-KOS,True,RU,Russia,Kostroma,Kostroma,Kostroma,Kostromá,Костромская область,Region,0,1,58.3882,43.4689,natural-earth,59892.988,40.385163,57.276349,47.604361,59.632536,6,Q2596,543871,kostroma
RUS-2371,RU-KDA,True,RU,Russia,Krasnodar,Krasnodar Krai,Krasnodar,Krai de Krasnodar,Краснодарский край,Territory,0,1,45.8397,39.4688,natural-earth,74866.097,36.577322,43.38899,41.729371,46.862955,6,Q3680,542415,krasnodar
RUS-2603,RU-KYA,True,RU,Russia,Krasnoyarsk,Krasnoyarsk Krai,Krasnoïarsk,Krasnoyarsk,Красноярский край,Territory,0,1,65.5602,95.2029,natural-earth,2313950.999,76.051443,51.781439,113.890147,81.288804,6,Q6563,1502020,krasnoyarsk
RUS-2380,RU-KGN,True,RU,Russia,Kurgan,Kurgan,Kourgan,Kurgán,Курганская область,Region,0,1,55.4316,65.3505,natural-earth,71831.272,61.966895,54.16269,68.734234,56.841802,6,Q5741,1501312,kurgan
RUS-2362,RU-KRS,True,RU,Russia,Kursk,Kursk,Koursk,Kursk,Курская область,Region,0,1,51.7358,36.2921,natural-earth,30013.437,34.079501,50.90573,38.505071,52.432976,7,Q3178,538555,kursk
RUS-2336,RU-LEN,True,RU,Russia,Leningrad,Leningrad,Léningrad,Leningrado,Ленинградская область,Region,0,1,59.9905,32.7736,natural-earth,82569.236,26.944509,58.440309,35.691806,61.321012,2,Q2191,536199,leningrad
RUS-2363,RU-LIP,True,RU,Russia,Lipetsk,Lipetsk,Lipetsk,Lípetsk,Липецкая область,Region,0,1,52.7462,39.2073,natural-earth,24206.471,37.711838,51.878953,40.702767,53.592388,7,Q3510,535120,lipetsk
RUS-2615,RU-MAG,True,RU,Russia,Maga Buryatdan,Magadan,Magadan,Magadán,Магаданская область,Region,0,1,62.6257,153.797,natural-earth,461215.313,144.71864,58.832562,163.460855,66.359387,2,Q7971,2123627,maga-buryatdan
RUS-2385,RU-ME,True,RU,Russia,Mariy-El,Mari El Republic,république des Maris,Mari-El,Республика Марий Эл,Republic,0,1,56.5407,47.9131,natural-earth,23305.768,45.628667,55.828169,50.197588,57.330119,2,Q5446,529352,mariy-el
RUS-2372,RU-MO,True,RU,Russia,Mordovia,Republic of Mordovia,Mordovie,Mordovia,Республика Мордовия,Republic,0,1,54.1154,44.4631,natural-earth,25803.625,42.183606,53.66135,46.742501,55.176762,2,Q5340,525369,mordovia
RUS-2364,RU-MOW,True,RU,Russia,Moskovskaya,Moscow,Moscou,Moscú,Московская область,Region,0,1,55.1508,38.671,natural-earth,43796.76,35.171321,54.244674,40.206466,56.953578,2,Q1697,524925,moskovskaya
RUS-2365,RU-MOS,True,RU,Russia,Moskva,Moscow,Moscou,Moscú,Московская область,Federal City,0,1,55.7177,37.6188,natural-earth,2841.172,36.904342,54.990824,37.888546,56.059637,9,Q649,524894,moskva
RUS-2333,RU-MUR,True,RU,Russia,Murmansk,Murmansk,Mourmansk,Múrmansk,Мурманская область,Region,0,1,67.9609,34.3212,natural-earth,142802.219,28.410234,66.054999,41.390391,80.174872,6,Q1759,524304,murmansk
RUS-2381,RU-NEN,True,RU,Russia,Nenets,Nenets Autonomous Okrug,Nénétsie,Nenetsia,Ненецкий АОк,Autonomous Province,0,1,67.8271,56.2877,natural-earth,176561.232,43.273673,65.808076,65.654422,70.479804,2,Q2164,522652,nenets
RUS-2357,RU-NIZ,True,RU,Russia,Nizhegorod,Nizhny Novgorod,Nijni Novgorod,Nizhni Nóvgorod,Нижегородская область,Region,0,1,56.1384,44.7751,natural-earth,74715.747,41.781667,54.471042,47.768485,58.089219,2,Q2246,559838,nizhegorod
RUS-2305,RU-SE,True,RU,Russia,North Ossetia,Republic of North Ossetia-Alania,Ossétie du Nord-Alanie,Osetia del Norte - Alania,Республика Северная Осетия-Алания,Republic,0,1,42.9969,44.1653,natural-earth,7957.779,43.386178,42.55221,44.944368,43.830762,2,Q5237,519969,north-ossetia
RUS-2334,RU-NGR,True,RU,Russia,Novgorod,Novgorod,Novgorod,Nóvgorod,Новгородская область,Region,0,1,58.4228,32.9454,natural-earth,54873.978,29.653415,56.930634,36.237406,59.432135,6,Q2240,519324,novgorod
RUS-2403,RU-NVS,True,RU,Russia,Novosibirsk,Novosibirsk,Novossibirsk,Novosibirsk,Новосибирская область,Region,0,1,55.3139,80.0832,natural-earth,177075.433,75.086921,53.32744,85.079386,57.250253,6,Q5851,1496745,novosibirsk
RUS-2397,RU-OMS,True,RU,Russia,Omsk,Omsk,d'Omsk,Omsk,Омская область,Region,0,1,56.0471,73.3995,natural-earth,140815.657,70.383952,53.430021,76.318991,58.581024,6,Q5835,1496152,omsk
RUS-2366,RU-ORL,True,RU,Russia,Orel,Oryol,d'Orel,Oriol,Орловская область,Region,0,1,52.8778,36.4166,natural-earth,24639.514,34.794703,51.926598,38.038433,53.644039,7,Q3129,514801,orel
RUS-2391,RU-ORE,True,RU,Russia,Orenburg,Orenburg,d'Orenbourg,Oremburgo,Оренбургская область,Region,0,1,51.5157,56.2149,natural-earth,124628.76,50.767009,50.474646,61.663657,54.37725,6,Q5338,515001,orenburg
RUS-2373,RU-PNZ,True,RU,Russia,Penza,Penza,Penza,Penza,Пензенская область,Region,0,1,53.0562,44.8159,natural-earth,43219.205,42.087488,52.316135,46.98321,54.017013,7,Q5545,511555,penza
RUS-3200,RU-PER,True,RU,Russia,Perm',Perm Krai,Perm,Perm,Пермская область,Territory,0,1,58.8735,56.5878,natural-earth,160442.202,51.774235,56.099573,59.47237,61.682178,6,Q5400,511180,perm
RUS-2611,RU-PRI,True,RU,Russia,Primor'ye,Primorsky Krai,du Primorié,Primorie,Приморский край,Territory,0,1,44.8622,134.594,natural-earth,164924.65,130.379669,42.295111,139.026376,48.445002,2,Q4341,2017623,primor-ye
RUS-2335,RU-PSK,True,RU,Russia,Pskov,Pskov,Pskov,Pskov,Псковская область,Region,0,1,57.2449,29.1229,natural-earth,55600.24,27.328027,55.57777,31.510563,59.014383,6,Q2218,504338,pskov
RUS+99?,RU-X01,False,RU,Russia,RUS+99?,,,,,,0,1,68.7999,67.2613,natural-earth,37.598,67.115815,68.75731,67.4074,68.82038,20,,0,rus-99
RUS-2367,RU-ROS,True,RU,Russia,Rostov,Rostov,Rostov,Rostov,Ростовская область,Region,0,1,47.9913,41.2613,natural-earth,101173.289,38.188707,45.946808,44.33438,50.22634,6,Q3573,501165,rostov
RUS-2374,RU-RYA,True,RU,Russia,Ryazan',Ryazan,Riazan,Riazán,Рязанская область,Region,0,1,54.3363,40.6258,natural-earth,39423.071,38.671883,53.334678,42.699544,55.339982,6,Q2753,500059,ryazan
RUS-2612,RU-SA,True,RU,Russia,Sakha (Yakutia),Sakha Republic,république Sakha,Sajá,Чукотский АОк,Autonomous Province,0,1,65.5964,130.989,natural-earth,3053172.138,105.540153,55.465194,162.846939,77.1258,2,Q6605,2013162,sakha-yakutia
RUS-2616,RU-SAK,True,RU,Russia,Sakhalin,Sakhalin,Sakhaline,Sajalín,Сахалинская область,Region,0,1,47.3479,152.467,natural-earth,85676.422,141.639008,43.402248,156.51099,54.426825,2,Q7797,2121529,sakhalin
RUS-2392,RU-SAM,True,RU,Russia,Samara,Samara,Samara,Samara,Самарская область,Region,0,1,53.1783,50.4377,natural-earth,53071.53,47.945115,51.7594,52.53853,54.676353,6,Q1727,499068,samara
RUS-2393,RU-SAR,True,RU,Russia,Saratov,Saratov,Saratov,Sarátov,Саратовская область,Region,0,1,51.6742,46.6368,natural-earth,101704.976,42.479609,49.809674,50.794501,52.81011,6,Q5334,498671,saratov
RUS-5482,UA-40,True,RU,Russia,Sevastopol,Sevastopol,Sébastopol,Sebastopol,,Federal City,0,1,44.5182,33.6396,natural-earth,748.061,33.371104,44.397974,33.852069,44.852465,6,Q7525,694422,sevastopol
RUS-2343,RU-SMO,True,RU,Russia,Smolensk,Smolensk,Smolensk,Smolensk,Смоленская область,Region,0,1,54.6726,33.0803,natural-earth,50092.996,30.762649,53.414389,35.398491,56.07451,6,Q2347,491684,smolensk
RUS-2306,RU-STA,True,RU,Russia,Stavropol',Stavropol Krai,Stavropol,Stávropol,Ставропольский край,Territory,0,1,44.981,43.2791,natural-earth,66571.527,40.840846,43.652116,45.717344,46.241416,7,Q5207,487839,stavropol
RUS-2386,RU-SVE,True,RU,Russia,Sverdlovsk,Sverdlovsk,Sverdlovsk,Sverdlovsk,Свердловская область,Region,0,1,58.8952,61.7078,natural-earth,193548.442,57.218658,56.053995,66.197024,61.993271,6,Q5462,1490542,sverdlovsk
RUS-2375,RU-TAM,True,RU,Russia,Tambov,Tambov,Tambov,Tambov,Тамбовская область,Region,0,1,52.7808,41.5945,natural-earth,34320.465,39.951081,51.594112,43.237909,53.823485,7,Q3550,484638,tambov
RUS-2394,RU-TA,True,RU,Russia,Tatarstan,Republic of Tatarstan,Tatarstan,Tartaristán,Республика Татарстан,Republic,0,1,55.374,50.7364,natural-earth,67605.424,47.241902,53.969161,54.230933,56.676102,2,Q5481,484048,tatarstan
RUS-2167,RU-TOM,True,RU,Russia,Tomsk,Tomsk,Tomsk,Tomsk,Томская область,Region,0,1,58.4467,82.2299,natural-earth,313133.98,75.069144,55.680581,89.390647,61.04723,6,Q5884,1489421,tomsk
RUS-2368,RU-TUL,True,RU,Russia,Tula,Tula,Toula,Tula,Тульская область,Region,0,1,54.0668,37.4161,natural-earth,25412.319,35.910294,52.961677,38.921997,54.838307,7,Q2792,480508,tula
RUS-2605,RU-TY,True,RU,Russia,Tuva,Tuva Republic,Touva,Tuvá,Республика Тыва,Republic,0,1,51.6051,93.9927,natural-earth,168748.649,88.7357,49.725545,99.249787,53.729072,2,Q960,1488873,tuva
RUS-2358,RU-TVE,True,RU,Russia,Tver',Tver,Tver,Tver,Тверская область,Region,0,1,57.0297,34.5445,natural-earth,84269.343,30.780788,55.631798,38.308287,58.869482,6,Q2292,480041,tver
RUS-2398,RU-TYU,True,RU,Russia,Tyumen',Tyumen,Tioumen,Tiumén,Тюменская область,Region,0,1,57.2639,68.5186,natural-earth,158990.836,64.827392,55.131985,75.159475,59.989181,6,Q5824,1488747,tyumen
RUS-2387,RU-UD,True,RU,Russia,Udmurt,Udmurt Republic,Oudmourtie,Udmurtia,Удмуртская Республика,Republic,0,1,57.3433,52.7957,natural-earth,41771.257,51.115568,55.85672,54.399812,58.543817,2,Q5422,479613,udmurt
RUS-2395,RU-ULY,True,RU,Russia,Ul'yanovsk,Ulyanovsk,d'Oulianovsk,Uliánovsk,Ульяновская область,Region,0,1,53.9248,47.3773,natural-earth,37098.009,45.791552,52.567076,50.257119,55.01628,7,Q5634,479119,ul-yanovsk
RUS-2376,RU-VLA,True,RU,Russia,Vladimir,Vladimir,Vladimir,Vladímir,Владимирская область,Region,0,1,55.8966,40.6207,natural-earth,29330.617,38.293405,55.10891,42.947901,56.824697,7,Q2702,826294,vladimir
RUS-2369,RU-VGG,True,RU,Russia,Volgograd,Volgograd,Volgograd,Volgogrado,Волгоградская область,Region,0,1,49.5014,44.4488,natural-earth,112776.458,41.165787,47.44465,47.43446,51.240439,6,Q3819,472755,volgograd
RUS-2359,RU-VLG,True,RU,Russia,Vologda,Vologda,Vologda,Vólogda,Вологодская область,Region,0,1,59.6397,40.9333,natural-earth,145063.015,34.729901,58.490229,47.136689,61.594432,6,Q2015,472454,vologda
RUS-2377,RU-VOR,True,RU,Russia,Voronezh,Voronezh,Voronej,Vorónezh,Воронежская область,Region,0,1,50.7774,40.5223,natural-earth,52088.213,38.139202,49.541473,42.905423,52.105011,6,Q3447,472039,voronezh
RUS-2382,RU-YAN,True,RU,Russia,Yamal-Nenets,Yamalo-Nenets Autonomous Okrug,Iamalie,Yamalia-Nenetsia,Ямало-Ненецкий АОк,Autonomous Province,0,1,65.4117,75.1874,natural-earth,681779.117,62.018468,62.177962,86.030542,73.579047,2,Q6407,1486462,yamal-nenets
RUS-2360,RU-YAR,True,RU,Russia,Yaroslavl',Yaroslavl,d'Iaroslavl,Yaroslavl,Ярославская область,Region,0,1,57.7329,39.2547,natural-earth,35753.552,37.345555,56.538306,41.163927,58.953766,6,Q2448,468898,yaroslavl
RUS-2613,RU-YEV,True,RU,Russia,Yevrey,Jewish,autonome juif,Óblast Autónomo Hebreo,Eврейская АОб,Autonomous Region,0,1,48.64,132.758,natural-earth,35797.904,130.529738,47.661536,134.986624,49.485507,2,Q7730,2026639,yevrey
RWA-3493,RW-02,True,RW,Rwanda,Eastern,Eastern,Est,Este,Est,Province,0,1,-1.69059,30.4223,natural-earth,9503.358,29.956781,-2.43153,30.887809,-1.058694,9,Q853152,6413337,eastern
RWA-3495,RW-01,True,RW,Rwanda,Kigali City,Kigali,Kigali,Kigali,Kigali,Province,0,1,-1.92643,30.1253,natural-earth,730.561,29.978056,-2.074668,30.272509,-1.779389,9,Q3859,6413338,kigali-city
RWA-3494,RW-03,True,RW,Rwanda,Northern,Northern,Nord,Norte,Nord,Province,0,1,-1.61148,29.8587,natural-earth,3254.092,29.445065,-1.909407,30.272405,-1.322554,9,Q845807,6413339,northern
RWA-3491,RW-05,True,RW,Rwanda,Southern,Southern,Sud,Sur,Sud,Province,0,1,-2.38388,29.6424,natural-earth,5844.418,29.266885,-2.826855,30.017847,-1.729676,9,Q853162,6413341,southern
RWA-3492,RW-04,True,RW,Rwanda,Western,Western,Ouest,Oeste,Ouest,Province,0,1,-2.13156,29.2644,natural-earth,6085.829,28.857236,-2.720711,29.671512,-1.497287,9,Q737354,6413340,western
SAU-885,SA-11,True,SA,Saudi Arabia,Al Bahah,Al-Baha,Al Bahah,Baha,,Region,0,1,20.1605,41.4165,natural-earth,10338.063,40.79904,19.36471,42.0339,20.762867,4,Q852774,109954,al-bahah
SAU-861,SA-08,True,SA,Saudi Arabia,Al Hudud ash Shamaliyah,Northern Borders,Hudud ach-Chamaliya,la Frontera del Norte,,Region,0,1,29.227,43.3124,natural-earth,124518.526,37.861596,27.458195,46.427322,32.121348,4,Q201781,109579,al-hudud-ash-shamaliyah
SAU-862,SA-12,True,SA,Saudi Arabia,Al Jawf,Al-Jowf,Jawf,Yauf,,Region,0,1,29.5589,38.3651,natural-earth,117678.631,34.825369,28.136784,41.90476,31.753358,4,Q1471266,109470,al-jawf
SAU-845,SA-03,True,SA,Saudi Arabia,Al Madinah,Al Madinah,Médine,Medina,,Region,0,1,24.9279,39.4378,natural-earth,144593.472,36.77913,22.49116,42.096428,27.394375,6,Q236027,109224,al-madinah
SAU-846,SA-05,True,SA,Saudi Arabia,Al Quassim,Al-Qassim,Qasim,Casim,,Region,0,1,25.9478,43.2716,natural-earth,54481.555,41.409804,24.611521,44.845459,27.327893,4,Q1105411,108933,al-quassim
SAU-1097,SA-01,True,SA,Saudi Arabia,Ar Riyad,Riyadh,Riyad,Riad,,Region,0,1,23.3432,45.1404,natural-earth,377999.899,41.976177,19.256913,48.304576,27.532635,6,Q1249255,108411,ar-riyad
SAU-1098,SA-04,True,SA,Saudi Arabia,Ash Sharqiyah,Eastern,Ach-Charqiya,Oriental,,Region,0,1,22.9875,50.1714,natural-earth,554496.548,44.938684,17.093104,55.637565,29.095745,4,Q953508,108241,ash-sharqiyah
SAU-847,SA-06,True,SA,Saudi Arabia,Ha'il,Ha'il,Haïl,Haíl,,Region,0,1,27.2652,41.7076,natural-earth,121497.423,39.000131,25.31197,44.798899,28.875964,6,Q243656,106280,ha-il
SAU-887,SA-09,True,SA,Saudi Arabia,Jizan,Jazan,Jizan,Jizán,,Region,0,1,17.3028,42.726,natural-earth,15014.323,41.593516,16.370958,43.341985,18.322448,7,Q269973,105298,jizan
SAU-888,SA-02,True,SA,Saudi Arabia,Makkah,Makkah,la Mecque,La Meca,,Region,0,1,21.4348,40.2542,natural-earth,138630.371,38.643837,18.121127,43.667547,23.967323,6,Q234167,104514,makkah
SAU-1096,SA-10,True,SA,Saudi Arabia,Najran,Najran,Najran,Najrán,,Region,0,1,18.2931,45.6917,natural-earth,89774.037,43.638195,16.94305,47.745127,19.531263,6,Q464718,103628,najran
SAU-848,SA-07,True,SA,Saudi Arabia,Tabuk,Tabuk,Tabuk,Tabuk,,Region,0,1,27.9146,36.8014,natural-earth,99371.833,34.572765,24.53957,40.169931,28.984278,6,Q1315953,101627,tabuk
SAU-886,SA-14,True,SA,Saudi Arabia,`Asir,'Asir,Asir,Asir,,Region,0,1,19.3484,42.9503,natural-earth,77611.783,41.383707,17.43851,44.516952,20.976239,4,Q779855,108179,asir
SLB-5130,SB-CT,True,SB,Solomon Islands,Capital Territory (Honiara),Honiara,Honiara,Honiara,,Province,0,1,-9.44658,160.019,natural-earth,30.427,159.939708,-9.467445,160.042043,-9.422133,6,Q40921,,capital-territory-honiara
SLB-1262,SB-CE,True,SB,Solomon Islands,Central,Central,centrale,Central,,Province,0,1,-9.14003,159.825,natural-earth,562.013,159.039317,-9.193048,160.414236,-8.940525,6,Q293722,2109495,central
SLB-3508,SB-CH,True,SB,Solomon Islands,Choiseul,Choiseul,Choiseul,Choiseul,,Province,0,1,-7.40991,157.547,natural-earth,3016.237,156.446625,-7.474786,157.797374,-6.599867,6,Q399063,7280292,choiseul
SLB-1263,SB-GU,True,SB,Solomon Islands,Guadalcanal,Guadalcanal,Guadalcanal,Guadalcanal,,Province,0,1,-9.61695,160.209,natural-earth,5338.467,159.592133,-9.937107,160.826345,-9.247735,6,Q760888,2108831,guadalcanal
SLB-1264,SB-IS,True,SB,Solomon Islands,Isabel,Isabel,d'Isabel,Isabel,,Province,0,1,-8.44695,159.619,natural-earth,4059.0,158.194347,-8.562433,159.900401,-7.390558,6,Q1139082,2108262,isabel
SLB-3509,SB-MK,True,SB,Solomon Islands,Makira,Makira-Ulawa,Makira-Ulawa,Makira,,Province,0,1,-10.2782,161.744,natural-earth,3108.766,161.280772,-10.844822,162.392589,-10.200453,6,Q1116700,2178730,makira
SLB-1260,SB-ML,True,SB,Solomon Islands,Malaita,Malaita,Malaita,Malaita,,Province,0,1,-9.75831,161.956,natural-earth,4432.701,160.581065,-9.851007,162.757579,-7.874444,6,Q1190896,2106552,malaita
SLB-1261,SB-RB,True,SB,Solomon Islands,Rennell and Bellona,Rennell and Bellona,Rennell et Bellona,Rennell y Bellona,,Province,0,1,-11.6204,160.273,natural-earth,672.298,159.777354,-11.84588,160.582205,-11.28281,6,Q1051475,7280293,rennell-and-bellona
SLB-1934,SB-TE,True,SB,Solomon Islands,Temotu,Temotu,Temotu,Temotu,,Province,0,1,-12.277,168.812,natural-earth,878.457,165.722911,-12.290623,168.825857,-9.801853,6,Q936088,2178472,temotu
SLB-3507,SB-CH,True,SB,Solomon Islands,Western,Western,occidentale,Occidental,,Province,0,1,-8.72999,157.551,natural-earth,5213.679,155.507986,-8.836847,158.256684,-6.815199,6,Q150325,2101556,western
SYC-5199,SC-02,True,SC,Seychelles,Anse Boileau,Anse Boileau,Anse Boileau,Anse Boileau,,,0,1,-4.71357,55.4923,natural-earth,14.01,55.478001,-4.739089,55.507947,-4.677836,20,Q569453,241449,anse-boileau
SYC-5200,SC-03,True,SC,Seychelles,Anse Etoile,Anse Etoile,Anse Etoile,Anse Etoile,,,0,1,-4.58794,55.4543,natural-earth,6.834,55.439426,-4.604518,55.467221,-4.571384,20,Q387293,241447,anse-etoile
SYC-5202,SC-05,True,SC,Seychelles,Anse Royale,Anse Royale,Anse Royale,Anse Royale,,,0,1,-4.7456,55.5118,natural-earth,8.076,55.504402,-4.771348,55.528087,-4.719832,20,Q3241674,241444,anse-royale
SYC-5198,SC-01,True,SC,Seychelles,Anse aux Pins,Anse-aux-Pins,Anse aux Pins,Anse aux Pins,,,0,1,-4.68304,55.5208,natural-earth,1.873,55.503963,-4.689128,55.528555,-4.677352,20,Q569458,241450,anse-aux-pins
SYC-5201,SC-04,True,SC,Seychelles,Au Cap,Au Cap,Au Cap,Au Cap,,,0,1,-4.70356,55.5138,natural-earth,11.499,55.500189,-4.736832,55.528087,-4.679588,20,Q2667004,448410,au-cap
SYC-5203,SC-06,True,SC,Seychelles,Baie Lazare,Baie Lazare,Baie Lazare,Baie Lazare,,,0,1,-4.75461,55.4918,natural-earth,13.981,55.46349,-4.777495,55.51011,-4.736364,20,Q2494551,241439,baie-lazare
SYC-5204,SC-07,True,SC,Seychelles,Baie Sainte Anne,Baie Sainte Anne,Baie Sainte Anne,Baie Sainte Anne,,,0,1,-4.32918,55.76,natural-earth,23.57,55.68282,-4.350286,55.787038,-4.276841,20,Q803716,241438,baie-sainte-anne
SYC-5205,SC-08,True,SC,Seychelles,Beau Vallon,Beau Vallon,Beau Vallon,Beau Vallon,,,0,1,-4.60295,55.4317,natural-earth,5.855,55.414422,-4.623835,55.440744,-4.586923,20,Q7479348,241428,beau-vallon
SYC-5206,SC-09,True,SC,Seychelles,Bel Air,Bel Air,Bel Air,Bel Air,,,0,1,-4.63198,55.4483,natural-earth,7.81,55.435036,-4.65764,55.464451,-4.618115,20,Q815077,241426,bel-air
SYC-5207,SC-10,True,SC,Seychelles,Bel Ombre,Bel Ombre,Bel Ombre,Bel Ombre,,,0,1,-4.62448,55.4092,natural-earth,10.092,55.380478,-4.641397,55.431524,-4.612774,20,Q3245439,241424,bel-ombre
SYC-5208,SC-11,True,SC,Seychelles,Cascade,Cascade,Cascade,Cascade,,,0,1,-4.66702,55.4988,natural-earth,5.684,55.482724,-4.680909,55.513646,-4.651428,20,Q1928685,241396,cascade
SYC-5213,SC-16,True,SC,Seychelles,English River,La Rivière Anglaise,La Rivière Anglaise,La Riviere Anglaise,,,0,1,-4.60746,55.4533,natural-earth,3.465,55.440744,-4.620762,55.459937,-4.597494,20,Q1819963,241302,english-river
SYC-5209,SC-12,True,SC,Seychelles,Glacis,Glacis,Glacis,Glacis,,,0,1,-4.56942,55.4433,natural-earth,5.868,55.432687,-4.586957,55.46386,-4.560511,20,Q3241696,241336,glacis
SYC-5210,SC-13,True,SC,Seychelles,Grand'Anse,Grand'Anse Praslin,Grand'Anse,Grand' Anse,,,0,1,-4.68654,55.4738,natural-earth,16.722,55.446451,-4.706406,55.495183,-4.65764,20,Q1231388,241330,grand-anse
SYC-5211,SC-14,True,SC,Seychelles,Grand'Anse Praslin,Grand'Anse Praslin,Grand'Anse,Grand' Anse,,,0,1,-4.34469,55.7435,natural-earth,23.084,55.643668,-4.358425,55.767995,-4.209909,20,Q1231388,241331,grand-anse-praslin
SYC-5212,SC-15,True,SC,Seychelles,La Digue and Inner Islands,La Digue,La Digue,La Digue,,,0,1,-4.35949,55.8393,natural-earth,41.239,55.221446,-4.592755,55.950144,-3.791111,20,Q581154,241311,la-digue-and-inner-islands
SYC-5221,SC-24,True,SC,Seychelles,Les Mamelles,Les Mamelles,Les Mamelles,Les Mamelles,,,0,1,-4.65751,55.4808,natural-earth,1.544,55.47411,-4.665148,55.489475,-4.647543,20,Q2280357,448408,les-mamelles
SYC-5214,SC-17,True,SC,Seychelles,Mont Buxton,Mont Buxton,Mont Buxton,Mont Buxton,,,0,1,-4.61246,55.4428,natural-earth,1.36,55.435914,-4.620762,55.448646,-4.604518,20,Q3241682,241252,mont-buxton
SYC-5215,SC-18,True,SC,Seychelles,Mont Fleuri,Mont Fleuri,Mont Fleuri,Mont Fleuri,,,0,1,-4.63449,55.4633,natural-earth,6.422,55.455231,-4.647104,55.514426,-4.598366,20,Q1945413,241251,mont-fleuri
SYC-5197,SC-X02,False,SC,Seychelles,Outer Islands,Coralline Seychelles,Îles Extérieures,Islas Exteriores,,,0,1,-9.73919,46.4946,natural-earth,179.376,46.207367,-9.755548,56.287446,-5.42018,20,,,outer-islands
SYC-5216,SC-19,True,SC,Seychelles,Plaisance,Plaisance,Plaisance,Plaisance,,,0,1,-4.65451,55.4693,natural-earth,4.161,55.459183,-4.672128,55.479817,-4.634917,20,Q2199897,241224,plaisance
SYC-5217,SC-20,True,SC,Seychelles,Pointe La Rue,Pointe La Rue,Pointe La Rue,Pointe La Rue,,,0,1,-4.67403,55.5163,natural-earth,1.728,55.506301,-4.680193,55.528555,-4.666174,20,Q2877260,241221,pointe-la-rue
SYC-5218,SC-21,True,SC,Seychelles,Port Glaud,Port Glaud,Port Glaud,Port Glaud,,,0,1,-4.65351,55.4262,natural-earth,29.094,55.360512,-4.680292,55.459183,-4.623835,20,Q1808165,241215,port-glaud
SYC-5222,SC-25,True,SC,Seychelles,Roche Caïman,Roche Caiman,Roche Caïman,Roche Caiman,,,0,1,-4.6495,55.4828,natural-earth,1.62,55.474988,-4.658519,55.492025,-4.639938,20,Q2718315,448409,roche-caiman
SYC-5219,SC-22,True,SC,Seychelles,Saint Louis,Saint Louis,Saint Louis,Saint Louis,,,0,1,-4.62247,55.4388,natural-earth,1.43,55.431524,-4.630421,55.447329,-4.615055,20,Q2278695,241181,saint-louis
SYC-5220,SC-23,True,SC,Seychelles,Takamaka,Takamaka,Takamaka,Takamaka,,,0,1,-4.79065,55.5173,natural-earth,11.14,55.493209,-4.803769,55.537916,-4.770066,20,Q2287379,241151,takamaka
SDN-148,SD-NB,True,SD,Sudan,Blue Nile,Blue Nile,Nil Bleu,Nilo Azul,,State,0,1,11.1657,34.1155,natural-earth,44558.693,33.082921,9.454592,35.148556,12.733693,3,Q309489,408654,blue-nile
SDN-5859,SD-DE,True,SD,Sudan,Central Darfur,Central Darfur,Darfour-Central,Darfur Central,,State,0,1,12.1983,23.3467,natural-earth,37538.819,22.537053,10.686817,24.61641,13.566588,3,Q4116493,8394436,central-darfur
SDN-5857,SD-DS,True,SD,Sudan,Eastern Darfur,East Darfur,Darfour-Oriental,Darfur del Este,,State,0,1,11.0263,26.5295,natural-earth,57243.251,25.181735,9.476012,27.895072,13.064319,3,Q3545641,8394435,eastern-darfur
SDN-876,SD-GD,True,SD,Sudan,Gedarif,Al Qadarif,Al Qadarif,Gadarif,,State,0,1,14.0283,35.0351,natural-earth,58884.458,33.544082,12.665421,36.52638,15.706613,3,Q309478,408649,gedarif
SDN-875,SD-GZ,True,SD,Sudan,Gezira,Al Jazirah,Al Jazirah,Gezira,,State,0,1,14.6771,33.3362,natural-earth,25157.773,32.421257,13.526539,34.251222,15.431978,3,Q309469,408648,gezira
SDN-884,SD-KA,True,SD,Sudan,Kassala,Kassala,Kassala,Kasala,,State,0,1,15.6265,35.5979,natural-earth,50843.857,34.19629,14.602055,36.999736,17.177376,3,Q954963,408663,kassala
SDN-874,SD-KH,True,SD,Sudan,Khartoum,Khartoum,Khartoum,Jartum,,Region,0,1,15.7338,32.9823,natural-earth,21183.031,31.602443,15.178195,34.362172,16.671127,7,Q310385,379253,khartoum
SDN-881,SD-DN,True,SD,Sudan,North Darfur,North Darfur,Darfour du Nord,Darfur del Norte,,State,0,1,16.4602,25.506,natural-earth,292510.462,23.489399,11.827289,27.522641,20.008391,3,Q688306,408666,north-darfur
SDN-883,SD-KN,True,SD,Sudan,North Kordufan,North Kordofan,Kordofan du Nord,Kordofán del Norte,,State,0,1,14.5295,29.6122,natural-earth,244179.497,26.916528,11.340674,32.307827,16.67875,3,Q864093,408667,north-kordufan
SDN-878,SD-NO,True,SD,Sudan,Northern,Northern,Nord,Norte,,State,0,1,19.3151,28.8329,natural-earth,364266.846,24.980521,16.538758,32.68553,22.226965,3,Q310118,378389,northern
SDN-149,SD-RS,True,SD,Sudan,Red Sea,Red Sea,Mer Rouge,Mar Rojo,,State,0,1,19.5289,35.8873,natural-earth,200896.664,33.15976,16.989222,38.603852,21.995714,3,Q310120,408646,red-sea
SDN-877,SD-NR,True,SD,Sudan,River Nile,River Nile,Nil,Río Nilo,,State,0,1,17.558,33.7623,natural-earth,126784.629,31.851937,15.913241,35.672738,21.995403,3,Q849297,408664,river-nile
SDN-880,SD-SI,True,SD,Sudan,Sennar,Sennar,Sannar,Sennar,,Region,0,1,13.21,34.252,natural-earth,36333.273,32.803145,11.871229,35.70137,14.09852,3,Q865534,408669,sennar
SDN-882,SD-KS,True,SD,Sudan,South Kordufan,South Kordofan,Kordofan du Sud,Kordofán del Sur,,State,0,1,11.4504,29.83,natural-earth,139452.162,27.224881,9.324545,32.435363,12.736148,3,Q465490,408661,south-kordufan
SDN-5856,SD-DS,True,SD,Sudan,Southern Darfur,South Darfur,Darfour du Sud,Darfur del Sur,,State,0,1,11.3694,24.5964,natural-earth,78970.498,23.005551,8.681642,25.843577,13.099433,3,Q838778,408660,southern-darfur
SDN-5858,SD-DW,True,SD,Sudan,Western Darfur,West Soudan,Darfour-Occidental,Soudan del Oeste,,State,0,1,14.2109,23.0863,natural-earth,46513.978,21.809449,12.03043,24.153544,15.749014,3,Q846331,408658,western-darfur
SDN-879,SD-NW,True,SD,Sudan,White Nile,White Nile,Nil Blanc,Nilo Blanco,,State,0,1,13.5951,32.3633,natural-earth,38706.628,31.517694,11.999811,33.209218,15.209305,3,Q311371,408653,white-nile
SWE-262,SE-K,True,SE,Sweden,Blekinge,Blekinge,Blekinge,Blekinge,,County,0,1,56.2929,15.2163,natural-earth,3005.946,14.410573,56.002346,16.066248,56.510246,7,Q102377,2721357,blekinge
SWE-181,SE-W,True,SE,Sweden,Dalarna,Dalarna,Dalécarlie,Dalarna,,County,0,1,60.814,14.4404,natural-earth,30077.016,12.161717,59.883218,16.719373,62.27439,7,Q103732,2699767,dalarna
SWE-193,SE-I,True,SE,Sweden,Gotland,Gotland,Gotland,Gotland,,County,0,1,57.4733,18.4826,natural-earth,3085.186,18.099376,56.912014,19.338552,58.394965,7,Q103738,2711508,gotland
SWE-178,SE-X,True,SE,Sweden,Gävleborg,Gävleborg,Gävleborg,Gävleborg,,County,0,1,61.3691,16.5023,natural-earth,19362.423,14.481628,60.206041,17.520274,62.358055,7,Q103699,2712411,gavleborg
SWE-187,SE-N,True,SE,Sweden,Halland,Halland,Halland,Halland,,County,0,1,56.9745,12.8007,natural-earth,5877.084,11.903331,56.338009,13.698007,57.616432,7,Q103691,2708794,halland
SWE-189,SE-Z,True,SE,Sweden,Jämtland,Jämtland,Jämtland,Jämtland,,County,0,1,63.3306,14.4806,natural-earth,53682.352,11.992425,61.58203,16.969073,65.115046,7,Q103679,2703330,jamtland
SWE-179,SE-F,True,SE,Sweden,Jönköping,Jönköping,Jönköping,Jönköping,,County,0,1,57.5478,14.424,natural-earth,11139.157,13.089878,56.888492,15.666982,58.224379,7,Q103672,2702976,jonkoping
SWE-180,SE-H,True,SE,Sweden,Kalmar,Kalmar,Kalmar,Kalmar,,County,0,1,57.2764,16.0875,natural-earth,10973.618,15.35496,56.217963,17.124522,58.126659,7,Q103707,2702259,kalmar
SWE-182,SE-G,True,SE,Sweden,Kronoberg,Kronoberg,Kronoberg,Kronoberg,,County,0,1,56.8265,14.5773,natural-earth,9334.393,13.308211,56.378264,15.846403,57.241933,7,Q104746,2699050,kronoberg
SWE-190,SE-BD,True,SE,Sweden,Norrbotten,Norrbotten,Norrbotten,Norrbotten,,County,0,1,66.837,20.4529,natural-earth,104146.047,15.426272,65.067674,24.163414,69.036356,7,Q103686,604010,norrbotten
SWE-183,SE-T,True,SE,Sweden,Orebro,Örebro,Örebro,Örebro,,County,0,1,59.3913,15.0594,natural-earth,9794.317,14.309856,58.645516,15.808989,60.120413,7,Q104257,2686655,orebro
SWE-3429,SE-M,True,SE,Sweden,Skåne,Skåne,Scanie,Escania,,County,0,1,55.9073,13.5193,natural-earth,11427.592,12.451427,55.342678,14.586996,56.542234,7,Q103659,3337385,skane
SWE-194,SE-AB,True,SE,Sweden,Stockholm,Stockholm,Stockholm,Estocolmo,,County,0,1,59.3659,17.8652,natural-earth,6283.773,17.282181,58.861029,19.085216,60.216457,7,Q104231,2673722,stockholm
SWE-185,SE-D,True,SE,Sweden,Södermanland,Södermanland,Södermanland,Södermanland,,County,0,1,59.0778,16.6334,natural-earth,6952.621,15.639852,58.625434,17.62672,59.532129,7,Q106915,2676207,sodermanland
SWE-195,SE-C,True,SE,Sweden,Uppsala,Uppsala,Uppsala,Upsala,,County,0,1,60.1522,17.7896,natural-earth,6967.262,16.787534,59.385316,18.604828,60.649156,7,Q104926,2666218,uppsala
SWE-188,SE-S,True,SE,Sweden,Värmland,Värmland,Värmland,Värmland,,County,0,1,59.8068,13.0764,natural-earth,22106.83,11.670998,58.742151,14.482093,61.057012,7,Q106789,2664870,varmland
SWE-192,SE-AC,True,SE,Sweden,Västerbotten,Västerbotten,Västerbotten,Västerbotten,,County,0,1,64.7048,18.3726,natural-earth,58345.23,14.33285,63.411851,21.606456,66.354937,7,Q104877,2664415,vasterbotten
SWE-191,SE-Y,True,SE,Sweden,Västernorrland,Västernorrland,Västernorrland,Västernorrland,,County,0,1,62.9145,17.3697,natural-earth,22738.154,14.82476,62.147569,19.31555,64.017462,7,Q104891,2664292,vasternorrland
SWE-186,SE-U,True,SE,Sweden,Västmanland,Västmanland,Västmanland,Västmanland,,County,0,1,59.7979,16.4244,natural-earth,6994.63,15.454747,59.206206,17.39406,60.309575,7,Q105075,2664179,vastmanland
SWE-3428,SE-O,True,SE,Sweden,Västra Götaland,Västra Götaland,Västra Götaland,Västra Götaland,,County,0,1,58.2428,12.8371,natural-earth,29322.799,11.108165,57.156977,14.81153,59.254936,7,Q103093,3337386,vastra-gotaland
SWE-184,SE-E,True,SE,Sweden,Östergötland,Östergötland,Östergötland,Östergötland,,County,0,1,58.3655,15.7022,natural-earth,11876.552,14.428556,57.71162,16.940196,59.00999,7,Q104940,2685867,ostergotland
SGP-4871,SG-01,True,SG,Singapore,Central Singapore,Central Singapore Community Development Council,Singapour central,Consejo Central,,,0,1,1.31704,103.846,natural-earth,109.108,103.806351,1.271918,103.909439,1.426579,20,Q2544592,7535954,central-singapore
SGP-4874,SG-02,True,SG,Singapore,North East,North East Community Development Council,du Nord-Est,Consejo del Noreste,,,0,1,1.38379,103.925,natural-earth,27.634,103.897617,1.354012,103.965807,1.41261,20,Q3710534,7535955,north-east
SGP-4873,SG-03,True,SG,Singapore,North West,North West,Angleterre du Nord-Ouest,Noroeste,,,0,1,1.41809,103.808,natural-earth,96.027,103.758453,1.324884,103.88147,1.448635,20,,7535958,north-west
SGP-4875,SG-04,True,SG,Singapore,South East,South East Community Development Council,du Sud-Est,Consejo del Sudeste,,,0,1,1.33524,103.932,natural-earth,78.901,103.87302,1.305241,104.003429,1.389959,20,Q1687545,7535956,south-east
SGP-4872,SG-05,True,SG,Singapore,South West,South West Community Development Council,du Sud-Ouest,Consejo del Sudoeste,,,0,1,1.33718,103.705,natural-earth,201.122,103.640391,1.264309,103.846934,1.430976,20,Q5784126,7535957,south-west
SHN-4863,SH-AC,True,SH,Saint Helena,Ascension,Ascension,île de l'Ascension,Isla Ascensión,,,0,1,-7.91916,-14.3701,natural-earth,89.285,-14.417714,-7.979669,-14.294789,-7.877862,20,Q46197,2411430,ascension
SHN-4864,SH-HL,True,SH,Saint Helena,Saint Helena,Saint Helena,Sainte-Hélène,Isla Santa Elena,,,0,1,-15.9317,-5.70643,natural-earth,125.357,-5.78954,-16.01572,-5.65038,-15.902114,20,Q34497,6930057,saint-helena
SHN-4865,SH-TA,True,SH,Saint Helena,Tristan da Cunha,Tristan da Cunha,Tristan da Cunha,Tristán de Acuña,,,0,1,-37.1226,-12.2667,natural-earth,152.706,-12.335317,-40.397882,-9.895375,-37.055759,20,Q220982,3370684,tristan-da-cunha
SI-gorenjska,,False,SI,Slovenia,Gorenjska,Gorenjska,,,,,17,1,46.268782,14.205851,polylabel,2072.031,13.685853,46.005771,14.569943,46.519746,10,,,gorenjska
SI-goriska,,False,SI,Slovenia,Goriška,Goriška,,,,,12,1,46.041124,13.810154,polylabel,2422.765,13.365261,45.761006,14.138703,46.464047,10,,,goriska
SI-jugovzhodna-slovenija,,False,SI,Slovenia,Jugovzhodna Slovenija,Jugovzhodna Slovenija,,,,,15,1,45.696953,15.035916,polylabel,2718.296,14.53749,45.4256,15.429755,46.006908,10,,,jugovzhodna-slovenija
SI-koroska,,False,SI,Slovenia,Koroška,Koroška,,,,,12,1,46.525116,15.18459,polylabel,1012.317,14.672546,46.388435,15.443378,46.649557,10,,,koroska
SI-notranjsko-kraska,,False,SI,Slovenia,Notranjsko-kraška,Notranjsko-kraška,,,,,6,1,45.664081,14.32319,polylabel,1464.475,14.037211,45.472884,14.576144,45.89123,10,,,notranjsko-kraska
SI-obalno-kraska,,False,SI,Slovenia,Obalno-kraška,Obalno-kraška,,,,,7,1,45.608977,13.986706,polylabel,1060.286,13.568614,45.423637,14.118239,45.865004,10,,,obalno-kraska
SI-osrednjeslovenska,,False,SI,Slovenia,Osrednjeslovenska,Osrednjeslovenska,,,,,25,1,46.037618,14.641734,polylabel,2587.384,14.100359,45.7431,15.116111,46.368798,10,,,osrednjeslovenska
SI-podravska,,False,SI,Slovenia,Podravska,Podravska,,,,,33,1,46.484917,15.738943,polylabel,2007.901,15.31212,46.248607,16.088654,46.717563,10,,,podravska
SI-pomurska,,False,SI,Slovenia,Pomurska,Pomurska,,,,,27,1,46.653375,16.177641,polylabel,1464.897,15.78461,46.367093,16.515302,46.863962,10,,,pomurska
SI-savinjska,,False,SI,Slovenia,Savinjska,Savinjska,,,,,33,1,46.24285,15.312505,polylabel,2379.366,14.562108,45.993989,15.799526,46.482176,10,,,savinjska
SI-spodnjeposavska,,False,SI,Slovenia,Spodnjeposavska,Spodnjeposavska,,,,,3,1,45.932101,15.480738,polylabel,819.102,15.093322,45.775691,15.697987,46.083699,10,,,spodnjeposavska
SI-zasavska,,False,SI,Slovenia,Zasavska,Zasavska,,,,,3,1,46.128322,15.058543,polylabel,267.722,14.816801,46.053468,15.188458,46.210539,10,,,zasavska
SVK-1052,SK-BC,True,SK,Slovakia,Banskobystrický,Banská Bystrica,Banská Bystrica,Banská Bystrica,,Region,0,1,48.5213,19.477,natural-earth,9401.348,18.48867,48.060582,20.465968,48.942388,7,Q183640,3343954,banskobystricky
SVK-1051,SK-BL,True,SK,Slovakia,Bratislavský,Bratislava,Bratislava,Bratislava,,Region,0,1,48.2935,17.1882,natural-earth,2088.993,16.84448,48.005443,17.532191,48.656229,7,Q183498,3343955,bratislavsky
SVK-1057,SK-KI,True,SK,Slovakia,Košický,Košice,Košice,Košice,,Region,0,1,48.6623,21.2753,natural-earth,6796.907,20.180505,48.333769,22.370799,49.01458,7,Q186295,865084,kosicky
SVK-1054,SK-NI,True,SK,Slovakia,Nitriansky,Nitra,Nitra,Nitra,,Region,0,1,48.1443,18.3966,natural-earth,6148.685,17.719245,47.750006,19.073647,48.716303,7,Q184548,3343956,nitriansky
SVK-1058,SK-PV,True,SK,Slovakia,Prešov,Prešov,Prešov,Prešov,,Region,0,1,49.1426,21.2037,natural-earth,8670.815,19.868292,48.760125,22.539637,49.449438,7,Q189001,865085,presov
SVK-1055,SK-TC,True,SK,Slovakia,Trenciansky,Trenčín,Trenčín,Trenčín,,Region,0,1,48.8824,18.0952,natural-earth,4500.866,17.357318,48.491769,18.83299,49.330191,7,Q183139,3343957,trenciansky
SVK-1056,SK-TA,True,SK,Slovakia,Trnavský,Trnava,Trnava,Trnava,,Region,0,1,48.3422,17.6989,natural-earth,4086.539,16.945043,47.773669,17.992577,48.866062,7,Q181342,3343958,trnavsky
SVK-1053,SK-ZI,True,SK,Slovakia,Žilinský,Žilina,Žilina,Žilina,,Region,0,1,49.1656,19.2076,natural-earth,6614.229,18.361586,48.744157,20.054053,49.60178,7,Q184228,3056506,zilinsky
SLE-790,SL-E,True,SL,Sierra Leone,Eastern,Eastern,l'Est,Este,,Province,0,1,8.27415,-10.9314,natural-earth,15331.461,-11.580192,7.345193,-10.282236,9.070196,7,Q1050497,2409543,eastern
SLE-762,SL-N,True,SL,Sierra Leone,Northern,Northern,Nord,Norte,,Province,0,1,9.14067,-11.9468,natural-earth,35908.22,-13.301096,8.245388,-10.592179,9.996006,7,Q912359,2404798,northern
SLE-760,SL-S,True,SL,Sierra Leone,Southern,Southern,Sud,Sur,,Province,0,1,7.85416,-12.0512,natural-earth,20019.454,-12.985707,6.91942,-11.144213,8.50806,7,Q772185,2403745,southern
SLE-761,SL-W,True,SL,Sierra Leone,Western,Western Area,Zone de l'Ouest,Área Occidental,,Province,0,1,8.31041,-13.0935,natural-earth,652.537,-13.286773,8.171291,-12.900473,8.50023,7,Q1050475,2403068,western
SMR-4885,SM-01,True,SM,San Marino,Acquaviva,Acquaviva,Acquaviva,Acquaviva,,,0,1,43.9425,12.4052,natural-earth,7.361,12.385629,43.924534,12.426495,43.963697,20,Q206363,3345303,acquaviva
SMR-4883,SM-06,True,SM,San Marino,Borgo Maggiore,Borgo Maggiore,Borgo Maggiore,Borgo Maggiore,,,0,1,43.9337,12.4389,natural-earth,11.521,12.41657,43.914485,12.466682,43.96939,20,Q201368,3345304,borgo-maggiore
SMR-4891,SM-02,True,SM,San Marino,Chiesanuova,Chiesanuova,Chiesanuova,Chiesanuova,,,0,1,43.9069,12.4095,natural-earth,5.793,12.389964,43.892056,12.441264,43.918261,20,Q206980,3178807,chiesanuova
SMR-4887,SM-03,True,SM,San Marino,Domagnano,Domagnano,Domagnano,Domagnano,,,0,1,43.9466,12.4721,natural-earth,7.768,12.444836,43.933364,12.492392,43.965044,20,Q202202,3345305,domagnano
SMR-4888,SM-04,True,SM,San Marino,Faetano,Faetano,Faetano,Faetano,,,0,1,43.9312,12.4761,natural-earth,3.712,12.457242,43.922576,12.491516,43.949102,20,Q206356,3345306,faetano
SMR-4890,SM-05,True,SM,San Marino,Fiorentino,Fiorentino,Fiorentino,Fiorentino,,,0,1,43.9021,12.4521,natural-earth,5.03,12.435126,43.893276,12.468031,43.924464,20,Q206968,3345307,fiorentino
SMR-4889,SM-08,True,SM,San Marino,Montegiardino,Montegiardino,Montegiardino,Montegiardino,,,0,1,43.9134,12.4699,natural-earth,1.734,12.463176,43.900073,12.478287,43.923655,20,Q206962,3345308,montegiardino
SMR-4884,SM-07,True,SM,San Marino,San Marino,San Marino,Saint-Marin,San Marino,,,0,1,43.9215,12.4243,natural-earth,8.131,12.385629,43.903966,12.44106,43.940646,20,Q1848,3345302,san-marino
SMR-4886,SM-09,True,SM,San Marino,Serravalle,Serravalle,Serravalle,Serravalle,,,0,1,43.9676,12.4721,natural-earth,9.148,12.427247,43.951974,12.490737,43.982567,20,Q185412,3166650,serravalle
SEN-759,SN-DK,True,SN,Senegal,Dakar,Dakar,Dakar,Dakar,,Region,0,1,14.7835,-17.3327,natural-earth,573.818,-17.536041,14.613188,-17.129466,14.897088,9,Q856268,2253350,dakar
SEN-763,SN-DB,True,SN,Senegal,Diourbel,Diourbel,Diourbel,Diourbel,,Region,0,1,14.7509,-16.1895,natural-earth,4902.861,-16.679054,14.526245,-15.379622,15.01159,7,Q856261,2252308,diourbel
SEN-764,SN-FK,True,SN,Senegal,Fatick,Fatick,Fatick,Fatick,,Region,0,1,13.8699,-16.4165,natural-earth,7093.338,-16.81128,13.585168,-15.431259,14.741736,7,Q856282,2251910,fatick
SEN-5516,SN-KA,True,SN,Senegal,Kaffrine,Kaffrine,Kaffrine,Kaffrine,,Region,0,1,14.2364,-15.2014,natural-earth,11065.302,-15.85487,13.741798,-14.577425,14.698302,7,Q1059694,7303935,kaffrine
SEN-765,SN-KL,True,SN,Senegal,Kaolack,Kaolack,Kaolack,Kaolack,,Region,0,1,13.8846,-15.9845,natural-earth,4877.389,-16.380215,13.5831,-15.394069,14.384859,7,Q847671,2250804,kaolack
SEN-774,SN-KD,True,SN,Senegal,Kolda,Kolda,Kolda,Kolda,,Region,0,1,12.9574,-14.422,natural-earth,13998.732,-15.365614,12.649737,-13.356621,13.589973,7,Q738081,2249781,kolda
SEN-5515,SN-KE,True,SN,Senegal,Kédougou,Kédougou,Kédougou,Kédougou,,Region,0,1,12.842,-12.1903,natural-earth,19253.796,-13.62324,12.305607,-11.377776,13.447942,6,Q1046666,7303936,kedougou
SEN-766,SN-LG,True,SN,Senegal,Louga,Louga,Louga,Louga,,Region,0,1,15.4183,-15.5162,natural-earth,25268.423,-16.735333,14.599936,-14.534176,16.181803,7,Q738061,2249221,louga
SEN-767,SN-MT,True,SN,Senegal,Matam,Matam,Matam,Matam,,Region,0,1,15.4647,-13.5063,natural-earth,30308.185,-14.862731,14.394264,-12.570467,16.156276,6,Q856275,2248753,matam
SEN-5517,SN-SL,True,SN,Senegal,Saint-Louis,Saint-Louis,Saint-Louis,Saint-Louis,,Region,0,1,16.3051,-14.9945,natural-earth,19067.122,-16.542348,15.63784,-13.71058,16.691385,6,Q178872,2246451,saint-louis
SEN-5514,SN-SE,True,SN,Senegal,Sédhiou,Sédhiou,Sédhiou,Sédhiou,,Region,0,1,12.8803,-15.6151,natural-earth,6996.437,-16.023693,12.432214,-15.130825,13.3866,7,Q589848,7303937,sedhiou
SEN-779,SN-TC,True,SN,Senegal,Tambacounda,Tambacounda,Tambacounda,Tambacounda,,Region,0,1,13.9278,-13.2878,natural-earth,39849.911,-14.860314,12.984233,-11.883482,15.105436,6,Q848554,2244990,tambacounda
SEN-768,SN-TH,True,SN,Senegal,Thiès,Thiès,Thiès,Thiès,,Region,0,1,14.6931,-16.8671,natural-earth,6672.119,-17.18198,14.124885,-16.132421,15.477331,7,Q847682,2244800,thies
SEN-775,SN-ZG,True,SN,Senegal,Ziguinchor,Ziguinchor,Ziguinchor,Ziguinchor,,Region,0,1,12.4818,-16.3435,natural-earth,7015.058,-16.802968,12.332531,-15.883964,13.164314,7,Q822692,2243939,ziguinchor
SOM-2312,SO-BK,True,SO,Somalia,Bakool,Bakool,Bakool,Bakool,,Region,0,1,4.40611,43.835,natural-earth,26087.464,42.870195,3.249957,44.799984,4.953962,5,Q282471,64982,bakool
SOM-2407,SO-BN,True,SO,Somalia,Banaadir,Banaadir,Banaadir,Benadir,,Region,0,1,2.12409,45.436,natural-earth,204.449,45.266205,1.987291,45.605625,2.183041,5,Q806070,64833,banaadir
SOM-1,SO-BR,True,SO,Somalia,Bari,Bari,Bari,Bari,,Region,0,1,9.95583,50.1777,natural-earth,70392.173,48.939111,8.329957,51.417038,11.989119,5,Q729170,64661,bari
SOM-2313,SO-BY,True,SO,Somalia,Bay,Bay,Bay,Bay,,Region,0,1,2.67209,43.545,natural-earth,44133.865,42.400027,1.459963,44.690017,3.919942,5,Q812064,64538,bay
SOM-2408,SO-GA,True,SO,Somalia,Galguduud,Galguduud,Galguduud,Galguduud,,Region,0,1,5.09616,46.6795,natural-earth,50384.076,45.518477,3.469265,47.840587,6.538292,5,Q876772,59362,galguduud
SOM-2314,SO-GE,True,SO,Somalia,Gedo,Gedo,Gedo,Gedo,,Region,0,1,3.05384,42.0524,natural-earth,46450.556,40.965385,1.230295,43.13993,4.328171,5,Q856719,58802,gedo
SOM-2409,SO-HI,True,SO,Somalia,Hiiraan,Hiran,Hiiraan,Hiiraan,,Region,0,1,4.36813,45.4984,natural-earth,34632.665,44.596808,3.19996,46.39999,5.540564,5,Q660040,57060,hiiraan
SOM-2315,SO-JD,True,SO,Somalia,Jubbada Dhexe,Middle Juba,Jubbada Dhexe,Jubbada Dhexe,,Region,0,1,1.55342,42.4706,natural-earth,18937.866,41.419932,0.309956,43.521293,1.949959,5,Q1046324,56084,jubbada-dhexe
SOM-2645,SO-JH,True,SO,Somalia,Jubbada Hoose,Lower Juba,Jubbada Hoose,Jubbada Hoose,,Region,0,1,0.007898,41.8088,natural-earth,48877.698,40.968486,-1.696303,43.184896,1.31992,5,Q877042,56083,jubbada-hoose
SOM-2412,SO-MU,True,SO,Somalia,Mudug,Mudug,Mudug,Mudug,,Region,0,1,5.51036,48.1009,natural-earth,59489.43,46.466963,4.341376,49.640795,7.709943,5,Q877034,53707,mudug
SOM-2413,SO-NU,True,SO,Somalia,Nugaal,Nugal,Nugaal,Nugaal,,Region,0,1,8.46102,48.849,natural-earth,29854.655,47.532388,7.409118,50.166026,9.569959,5,Q1046329,53477,nugaal
SOM-2410,SO-SD,True,SO,Somalia,Shabeellaha Dhexe,Middle Shebelle,Shabeellaha Dhexe,Shabeellaha Dhexe,,Region,0,1,3.00561,46.0549,natural-earth,18640.125,45.069942,2.149947,47.039806,3.889944,5,Q678435,51967,shabeellaha-dhexe
SOM-2316,SO-SH,True,SO,Somalia,Shabeellaha Hoose,Lower Shebelle,Shabeellaha Hoose,Shabeellaha Hoose,,Region,0,1,1.63602,44.185,natural-earth,25786.749,42.97994,0.67227,45.390026,3.269956,5,Q877028,51966,shabeellaha-hoose
SUR-66,SR-BR,True,SR,Suriname,Brokopondo,Brokopondo,Brokopondo,Brokopondo,,District,0,1,4.71274,-55.1215,natural-earth,7700.669,-55.502989,4.011848,-54.74009,5.322621,7,Q847680,3384481,brokopondo
SUR-70,SR-CM,True,SR,Suriname,Commewijne,Commewijne,Commewijne,Commewijne,,District,0,1,5.7072,-54.8961,natural-earth,2120.388,-55.159966,5.531446,-54.628004,5.993394,6,Q952510,3384418,commewijne
SUR-71,SR-CR,True,SR,Suriname,Coronie,Coronie,Coronie,Coronie,,District,0,1,5.64121,-56.2504,natural-earth,3796.498,-56.603726,5.316782,-55.89725,5.95033,6,Q1130141,3384397,coronie
SUR-67,SR-MA,True,SR,Suriname,Marowijne,Marowijne,Marowijne,Marowijne,,District,0,1,5.57938,-54.3667,natural-earth,4617.857,-54.741433,5.212454,-53.986357,5.974815,6,Q1140897,3383560,marowijne
SUR-37,SR-NI,True,SR,Suriname,Nickerie,Nickerie,Nickerie,Nickerie,,District,0,1,5.64956,-56.8988,natural-earth,5189.337,-57.335695,5.222861,-56.461303,6.011574,6,Q1147515,3383438,nickerie
SUR-68,SR-PR,True,SR,Suriname,Para,Para,Para,Para,,District,0,1,5.49368,-55.3042,natural-earth,5778.884,-56.000556,4.975149,-54.60785,5.683064,6,Q1140891,3383337,para
SUR-72,SR-PM,True,SR,Suriname,Paramaribo,Paramaribo,Paramaribo,Paramaribo,,District,0,1,5.84317,-55.1707,natural-earth,147.132,-55.231326,5.76616,-55.103107,5.908177,9,Q1130134,3383329,paramaribo
SUR-73,SR-SA,True,SR,Suriname,Saramacca,Saramacca,Saramacca,Saramacca,,District,0,1,5.70188,-55.6138,natural-earth,3918.467,-55.974381,5.405303,-55.253206,5.985907,6,Q1351157,3383110,saramacca
SUR-69,SR-SI,True,SR,Suriname,Sipaliwini,Sipaliwini,Sipaliwini,Sipaliwini,,District,0,1,3.53162,-55.9918,natural-earth,112057.868,-58.067691,1.833507,-53.988819,5.539869,6,Q1130138,3383062,sipaliwini
SUR-74,SR-WA,True,SR,Suriname,Wanica,Wanica,Wanica,Wanica,,District,0,1,5.72606,-55.1929,natural-earth,437.294,-55.358347,5.661515,-55.027359,5.917794,6,Q1147524,3382761,wanica
SDS-865,SS-EC,True,SS,S. Sudan,Central Equatoria,Central Equatoria,Équatoria-Central,Ecuatoria Central,,State,0,1,4.68142,31.2854,natural-earth,47186.276,29.776198,3.490202,32.334699,6.194351,3,Q487709,408655,central-equatoria
SDS-892,SS-EE,True,SS,S. Sudan,Eastern Equatoria,Eastern Equatoria,Équatoria-Oriental,Ecuatoria Oriental,,State,0,1,4.79636,33.5351,natural-earth,68021.82,31.801107,3.511776,35.920835,6.008131,3,Q488519,408668,eastern-equatoria
SDS-870,SS-JG,True,SS,S. Sudan,Jonglei,Jonglei,Jonglei,Junqali,,State,0,1,7.2461,32.5795,natural-earth,121431.998,30.191263,5.775462,34.967964,9.540167,3,Q488904,408662,jonglei
SDS-863,SS-LK,True,SS,S. Sudan,Lakes,Lakes,Lacs,Lagos,,State,0,1,6.88023,30.1369,natural-earth,38443.8,28.602317,5.698025,31.671483,7.821177,3,Q491096,408647,lakes
SDS-147,SS-BN,True,SS,S. Sudan,Northern Bahr el Ghazal,Northern Bahr el Ghazal,Bahr el Ghazal du Nord,Bahr al-Gazal del Norte,,State,0,1,8.90381,27.535,natural-earth,38066.801,26.070223,7.807276,28.999708,9.988163,3,Q491111,408665,northern-bahr-el-ghazal
SDS-871,SS-UY,True,SS,S. Sudan,Unity,Unity,Unité,Unidad,,State,0,1,8.99929,29.8883,natural-earth,35723.346,28.827372,7.080757,30.94991,10.270485,3,Q319965,408650,unity
SDS-869,SS-NU,True,SS,S. Sudan,Upper Nile,Upper Nile,Nil Supérieur,Alto Nilo,,State,0,1,10.3577,32.5251,natural-earth,76354.769,30.938608,7.944058,34.11185,12.216155,3,Q487702,381229,upper-nile
SDS-872,SS-WR,True,SS,S. Sudan,Warrap,Warrap,Warab,Warab,,State,0,1,7.85589,28.6994,natural-earth,34828.066,27.700149,6.634582,29.698632,9.04813,3,Q491138,408670,warrap
SDS-873,SS-BW,True,SS,S. Sudan,Western Bahr el Ghazal,Western Bahr el Ghazal,Bahr el Ghazal occidental,Bahr al-Gazal Occidental,,State,0,1,7.31134,26.3804,natural-earth,87839.745,24.121556,6.631362,28.639575,10.420554,3,Q332095,408657,western-bahr-el-ghazal
SDS-864,SS-EW,True,SS,S. Sudan,Western Equatoria,Western Equatoria,Équatoria-Occidental,Ecuatoria Occidental,,State,0,1,5.41296,28.6169,natural-earth,81633.751,26.27021,4.275296,30.963878,6.816509,3,Q319979,408656,western-equatoria
STP-4862,ST-P,True,ST,Sao Tome and Principe,Príncipe,Príncipe,Principe,Príncipe,,,0,1,1.60769,7.39374,natural-earth,156.966,7.329356,1.531195,7.462738,1.699774,20,Q2366966,2410878,principe
STP-4861,ST-S,True,ST,Sao Tome and Principe,São Tomé,São Tomé,São Tomé,Santo Tomé,,,0,1,0.234574,6.61185,natural-earth,884.845,6.461681,0.024115,6.760916,0.410793,20,,2410764,sao-tome
SLV-1343,SV-AH,True,SV,El Salvador,Ahuachapán,Ahuachapán,Ahuachapán,Ahuachapán,,Department,0,1,13.8657,-89.9057,natural-earth,1230.962,-90.114779,13.665073,-89.695863,14.060073,9,Q572993,3587425,ahuachapan
SLV-1344,SV-CA,True,SV,El Salvador,Cabañas,Cabañas,Cabañas,Cabañas,,Department,0,1,13.9079,-88.7326,natural-earth,1083.445,-88.976527,13.748696,-88.488005,14.016122,9,Q914058,3587217,cabanas
SLV-1357,SV-CH,True,SV,El Salvador,Chalatenango,Chalatenango,Chalatenango,Chalatenango,,Department,0,1,14.1895,-89.0591,natural-earth,1864.306,-89.427172,13.946358,-88.690447,14.413076,9,Q522221,3587090,chalatenango
SLV-1345,SV-CU,True,SV,El Salvador,Cuscatlán,Cuscatlán,Cuscatlán,Cuscatlán,,Department,0,1,13.8166,-89.0055,natural-earth,761.43,-89.160831,13.642294,-88.850256,14.075963,9,Q1130677,3586831,cuscatlan
SLV-1346,SV-LI,True,SV,El Salvador,La Libertad,La Libertad,La Libertad,La Libertad,,Department,0,1,13.7727,-89.3593,natural-earth,1713.363,-89.609425,13.414458,-89.111868,14.071622,9,Q930820,3585155,la-libertad
SLV-1347,SV-PA,True,SV,El Salvador,La Paz,La Paz,La Paz,La Paz,,Department,0,1,13.4872,-88.9628,natural-earth,1155.303,-89.144372,13.26608,-88.78132,13.672938,9,Q1129788,3585087,la-paz
SLV-1350,SV-UN,True,SV,El Salvador,La Unión,La Unión,La Unión,La Unión,,Department,0,1,13.302,-87.9301,natural-earth,1898.036,-88.091471,13.158637,-87.693194,13.91587,9,Q1130688,3584767,la-union
SLV-1351,SV-MO,True,SV,El Salvador,Morazán,Morazán,Morazán,Morazán,,Department,0,1,13.7736,-88.1055,natural-earth,1308.372,-88.274171,13.541784,-87.936358,13.992868,9,Q1122836,3584317,morazan
SLV-1352,SV-SM,True,SV,El Salvador,San Miguel,San Miguel,San Miguel,San Miguel,,Department,0,1,13.4882,-88.1953,natural-earth,2105.372,-88.532394,13.171196,-88.00855,13.91912,9,Q930804,3583462,san-miguel
SLV-1349,SV-SS,True,SV,El Salvador,San Salvador,San Salvador,San Salvador,San Salvador,,Department,0,1,13.713,-89.1488,natural-earth,876.386,-89.274106,13.488118,-89.023579,14.068211,9,Q1543219,3583360,san-salvador
SLV-1353,SV-SV,True,SV,El Salvador,San Vicente,San Vicente,San Vicente,San Vicente,,Department,0,1,13.6291,-88.6917,natural-earth,1186.22,-88.896067,13.259304,-88.487332,13.812284,9,Q1130180,3583176,san-vicente
SLV-1358,SV-SA,True,SV,El Salvador,Santa Ana,Santa Ana,Santa Ana,Santa Ana,,Department,0,1,14.1024,-89.5013,natural-earth,2111.59,-89.755447,13.775077,-89.246511,14.445373,9,Q671158,3583332,santa-ana
SLV-1348,SV-SO,True,SV,El Salvador,Sonsonate,Sonsonate,Sonsonate,Sonsonate,,Department,0,1,13.7165,-89.6937,natural-earth,1255.496,-89.953483,13.513063,-89.436163,13.90897,9,Q212540,3583101,sonsonate
SLV-1354,SV-US,True,SV,El Salvador,Usulután,Usulután,Usulután,Usulután,,Department,0,1,13.4104,-88.5293,natural-earth,2065.81,-88.817157,13.160427,-88.112507,13.692834,9,Q1122748,3582882,usulutan
SXM-5146,NL-SX,True,SX,Sint Maarten,Sint Maarten,Sint Maarten,Saint-Martin,San Martín,,,0,1,18.0401,-63.0677,natural-earth,23.433,-63.118886,18.01911,-63.017569,18.06212,20,Q26273,,sint-maarten
SYR-137,SY-HL,True,SY,Syria,Aleppo,Aleppo,Alep,Alepo,,Province,0,1,36.1054,37.601,natural-earth,18917.376,36.531237,35.434943,38.671004,36.908394,6,Q214064,170062,aleppo
SYR-136,SY-RA,True,SY,Syria,Ar Raqqah,Al-Raqqah,Racca,Ar-Raqqa,,Province,0,1,36.0067,38.9127,natural-earth,18288.688,38.020811,35.24927,39.804527,36.744039,7,Q235563,172957,ar-raqqah
SYR-143,SY-SU,True,SY,Syria,As Suwayda',As-Suwayda,Suweyda,Sueida,,Province,0,1,32.7577,36.9153,natural-earth,6633.765,36.336263,32.313042,37.494606,33.224691,7,Q236797,172410,as-suwayda
SYR-4843,SY-DI,True,SY,Syria,Damascus,Damascus,Damas,Damasco,,Province,0,1,33.5101,36.2897,natural-earth,116.107,36.18316,33.460691,36.352092,33.564078,7,Q2007044,167541,damascus
SYR-146,SY-DR,True,SY,Syria,Dar`a,Daraa,de Deraa,Dar'a,,Province,0,1,32.8686,36.1698,natural-earth,3957.49,35.769734,32.357014,36.570874,33.294816,9,Q1689560,170903,dar-a
SYR-142,SY-DY,True,SY,Syria,Dayr Az Zawr,Deir ez-Zor,Deir ez-Zor,Deir ez-Zor,,Province,0,1,35.0736,40.275,natural-earth,26717.506,39.242029,34.072283,41.308458,36.463666,6,Q232387,170792,dayr-az-zawr
SYR-138,SY-HM,True,SY,Syria,Hamah,Hama,Hama,Hama,,Province,0,1,35.2352,37.22,natural-earth,10204.135,36.136844,34.849811,38.303068,35.755932,7,Q232355,170015,hamah
SYR-141,SY-HA,True,SY,Syria,Hasaka (Al Haksa),Al-Hasakah,Hassaké,Hasaka,,Province,0,1,36.3536,40.9092,natural-earth,22369.844,39.441708,35.552248,42.377186,37.324906,6,Q233914,173813,hasaka-al-haksa
SYR-139,SY-HI,True,SY,Syria,Homs (Hims),Homs,de Homs,Homs,,Province,0,1,34.1503,38.1425,natural-earth,50100.209,36.11214,33.13118,40.173111,35.390915,7,Q214094,169575,homs-hims
SYR-140,SY-ID,True,SY,Syria,Idlib,Idlib,Idleb,Idlib,,Province,0,1,35.8528,36.6829,natural-earth,5635.977,36.149453,35.316837,37.216416,36.332666,7,Q233218,169387,idlib
SYR-134,SY-LA,True,SY,Syria,Lattakia,Latakia,de Lattaquié,Latakia,,Province,0,1,35.5494,36.0061,natural-earth,2406.53,35.723399,35.219504,36.288462,35.926852,6,Q233236,173578,lattakia
SYR-145,SY-QU,True,SY,Syria,Quneitra,Quneitra,Qouneitra,Quneitra,,Province,0,1,33.053,35.9145,natural-earth,307.379,35.819343,32.835777,35.987292,33.3228,9,Q219690,173336,quneitra
SYR-144,SY-RD,True,SY,Syria,Rif Dimashq,Rif Dimashq,Rif Dimachq,la campiña de Damasco,,Province,0,1,33.5286,37.0728,natural-earth,18153.901,35.830195,32.690056,38.315742,34.228144,7,Q232399,170652,rif-dimashq
SYR-135,SY-TA,True,SY,Syria,Tartus,Tartus,de Tartous,Tartus,,Province,0,1,34.9274,36.0901,natural-earth,1878.257,35.866873,34.627913,36.313164,35.261491,7,Q232382,163342,tartus
SYR-5261,SY-X01,False,SY,Syria,UNDOF,Western al-Samadania,FNUOD,FNUOS,,,0,1,33.1509,35.8621,natural-earth,265.104,35.75759,32.744347,35.923833,33.431242,20,,0,undof
SWZ-534,SZ-HH,True,SZ,Swaziland,Hhohho,Hhohho,Hhohho,Hhohho,,District,0,1,-26.0265,31.322,natural-earth,3581.969,30.897318,-26.456524,31.746966,-25.735999,8,Q735570,935085,hhohho
SWZ-535,SZ-LU,True,SZ,Swaziland,Lubombo,Lubombo,Lubombo,Lubombo,,District,0,1,-26.5247,31.8026,natural-earth,5478.653,31.488239,-27.162338,32.117398,-25.93079,8,Q856657,935042,lubombo
SWZ-536,SZ-MA,True,SZ,Swaziland,Manzini,Manzini,Manzini,Manzini,,District,0,1,-26.6342,31.2402,natural-earth,4236.981,30.782906,-26.877739,31.697683,-26.151892,7,Q305395,934994,manzini
SWZ-537,SZ-SH,True,SZ,Swaziland,Shiselweni,Shiselweni,Shiselweni,Shishelweni,,District,0,1,-27.0243,31.4265,natural-earth,3845.176,30.885294,-27.316264,31.96826,-26.755783,8,Q845934,934867,shiselweni
TCA-5007,TC-X05,False,TC,Turks and Caicos Islands,Grand Turk,Grand Turk,Grand Turk,Gran Turca,,,0,1,21.4725,-71.137,natural-earth,14.039,-71.151682,21.431627,-71.128896,21.513617,20,,,grand-turk
TCA-5003,TC-X01,False,TC,Turks and Caicos Islands,Middle Caicos,Middle Caicos,Caïcos Centrale,Caicos Central,,,0,1,21.8196,-71.7669,natural-earth,134.586,-71.850657,21.743883,-71.63093,21.856269,20,,,middle-caicos
TCA-5004,TC-X02,False,TC,Turks and Caicos Islands,North Caicos,North Caicos,Caïcos du Nord,Caicos del Norte,,,0,1,21.8916,-71.9298,natural-earth,98.037,-72.036244,21.828315,-71.857411,21.959215,20,,,north-caicos
TCA-5005,TC-X03,False,TC,Turks and Caicos Islands,Providenciales and West Caicos,Providenciales and West Caicos,Providence et Caïcos de l'Ouest,Providenciales y Caicos del Oeste,,,0,1,21.7987,-72.2861,natural-earth,121.311,-72.481313,21.630316,-72.087026,21.885443,20,,,providenciales-and-west-caicos
TCA-5008,TC-X06,False,TC,Turks and Caicos Islands,Salt Cay,Salt Cay,Salt Cay,Cayo Sal,,,0,1,21.3295,-71.2072,natural-earth,5.058,-71.219228,21.310614,-71.192494,21.341376,20,,,salt-cay
TCA-5006,TC-X04,False,TC,Turks and Caicos Islands,South Caicos and East Caicos,South Caicos and East Caicos,Caïcos du Sud et Caïcos de l'Est,Caicos del Sur y Caicos del Este,,,0,1,21.7034,-71.4782,natural-earth,73.358,-71.699086,21.290107,-71.451894,21.766832,20,,,south-caicos-and-east-caicos
TCD-5581,TD-BG,True,TD,Chad,Barh El Gazel,Bahr el Gazel,Barh El Gazel,Barh El Gazel,,Prefecture,0,1,14.5304,16.9496,natural-earth,56804.79,15.590457,13.047576,17.992887,16.341869,4,Q1050621,7603255,barh-el-gazel
TCD-1472,TD-BA,True,TD,Chad,Batha,Batha,Batha,Batha,,Prefecture,0,1,14.0823,18.6222,natural-earth,91210.437,16.939566,12.155641,20.304787,16.181958,4,Q180414,2435899,batha
TCD-5577,TD-BO,True,TD,Chad,Borkou,Borkou,Borkou,Borkou,,Préfecture,0,1,18.8249,19.4819,natural-earth,249322.424,15.468517,15.383867,20.893329,21.99685,4,Q1139666,7602866,borkou
TCD-5580,TD-CB,True,TD,Chad,Chari-Baguirmi,Chari-Baguirmi,Chari-Baguirmi,Chari-Baguirmi,,Prefecture,0,1,11.468,16.2095,natural-earth,46265.251,14.894832,9.814802,17.533741,12.463299,4,Q843975,2434478,chari-baguirmi
TCD-5579,TD-X01,False,TD,Chad,Ennedi,Ennedi,Ennedi,Ennedi,,Préfecture,0,1,18.1286,22.1045,natural-earth,191638.978,20.004278,15.681318,23.984406,21.02094,4,Q748093,7603256,ennedi
TCD-1474,TD-GR,True,TD,Chad,Guéra,Guéra,Guéra,Guéra,,Prefecture,0,1,11.3122,18.0946,natural-earth,62122.342,17.254955,9.866685,20.174924,13.055575,4,Q175706,2431555,guera
TCD-1464,TD-HL,True,TD,Chad,Hadjer-Lamis,Hadjer-Lamis,Hadjer-Lamis,Hadjer-Lamis,,Prefecture,0,1,12.7695,15.8235,natural-earth,30410.281,14.481041,11.493193,17.625571,13.405125,4,Q1042437,7603251,hadjer-lamis
TCD-1465,TD-KA,True,TD,Chad,Kanem,Kanem,Kanem,Kanem,,Prefecture,0,1,15.2641,15.8001,natural-earth,68222.067,13.608052,13.168757,16.671386,16.90491,4,Q849841,2430873,kanem
TCD-1466,TD-LC,True,TD,Chad,Lac,Lac,Lac,Lac,,Prefecture,0,1,13.431,14.6744,natural-earth,20411.779,13.449184,12.999827,15.560137,14.518266,4,Q867869,2429323,lac
TCD-1484,TD-LO,True,TD,Chad,Logone Occidental,Logone Occidental,Logone Occidental,Logone Occidental,,Prefecture,0,1,8.77035,15.9306,natural-earth,8834.835,15.264009,8.257636,16.597106,9.238713,4,Q305257,2429060,logone-occidental
TCD-1485,TD-LR,True,TD,Chad,Logone Oriental,Logone Oriental,Logone Oriental,Logone Oriental,,Prefecture,0,1,8.12559,16.23,natural-earth,23017.758,15.210706,7.455567,17.249469,9.140424,4,Q167514,2429058,logone-oriental
TCD-1488,TD-MA,True,TD,Chad,Mandoul,Mandoul,Mandoul,Mandoul,,Prefecture,0,1,8.67832,17.5493,natural-earth,17337.893,17.033462,7.810801,18.175431,9.643753,4,Q597410,7603252,mandoul
TCD-1486,TD-ME,True,TD,Chad,Mayo-Kebbi Est,Mayo-Kebbi Est,Mayo-Kebbi Est,Mayo-Kebbi Este,,Prefecture,0,1,9.71626,15.4373,natural-earth,18146.553,14.722846,9.18683,16.246275,11.186036,4,Q911421,2428132,mayo-kebbi-est
TCD-4858,TD-MO,True,TD,Chad,Mayo-Kebbi Ouest,Mayo-Kebbi Ouest,Mayo-Kebbi Ouest,Mayo-Kebbi Oeste,,Prefecture,0,1,9.26179,14.7357,natural-earth,13325.748,13.945949,8.421822,15.463894,9.995308,4,Q910393,7603253,mayo-kebbi-ouest
TCD-5583,TD-MC,True,TD,Chad,Moyen-Chari,Moyen-Chari,Moyen-Chari,Moyen-Chari,,Prefecture,0,1,9.0852,18.4827,natural-earth,41978.022,17.329516,8.021952,19.932091,10.618474,4,Q177799,2427315,moyen-chari
TCD-1475,TD-OD,True,TD,Chad,Ouaddaï,Ouaddaï,Ouaddaï,Ouaddaï,,Prefecture,0,1,13.4714,21.1068,natural-earth,31134.891,20.000051,12.667532,22.275984,14.470745,4,Q841338,242246,ouaddai
TCD-1489,TD-SA,True,TD,Chad,Salamat,Salamat,Salamat,Salamat,,Prefecture,0,1,10.5811,20.6054,natural-earth,70250.402,18.846323,9.063331,22.36469,12.158948,4,Q385584,242048,salamat
TCD-5582,TD-SI,True,TD,Chad,Sila,Sila,Sila,Sila,,Prefecture,0,1,12.2336,21.1347,natural-earth,37528.107,19.818977,10.919154,22.956459,13.092328,4,Q1149611,7603257,sila
TCD-1487,TD-TA,True,TD,Chad,Tandjilé,Tandjilé,Tandjilé,Tandjilé,,Prefecture,0,1,9.67051,16.4994,natural-earth,17360.635,15.437797,8.991131,17.561027,10.251674,4,Q867856,2425287,tandjile
TCD-5578,TD-TI,True,TD,Chad,Tibesti,Tibesti,Tibesti,Tibesti,,Préfecture,0,1,21.4716,16.6178,natural-earth,120214.052,14.979909,17.124537,18.917119,23.44472,4,Q737711,7603258,tibesti
TCD-4857,TD-ND,True,TD,Chad,Ville de N'Djamena,N'Djamena,N'Djaména,Yamena,,Capital,0,1,12.1413,15.0579,natural-earth,120.46,15.011827,12.055648,15.125296,12.180917,4,Q3659,7603254,ville-de-n-djamena
TCD-1473,TD-WF,True,TD,Chad,Wadi Fira,Wadi Fira,Wadi Fira,Wadi Fira,,Prefecture,0,1,15.0457,21.5596,natural-earth,55065.419,20.000051,13.917394,23.119249,16.000677,4,Q860813,244877,wadi-fira
ATF-5917,TF-X02,False,TF,French Southern and Antarctic Lands,Archipel des Crozet,Crozet Islands,Îles Crozet,Archipiélago de las Crozet,,,0,1,-46.3974,51.7536,natural-earth,204.761,50.175548,-46.451267,51.868175,-46.043715,20,,936339,archipel-des-crozet
ATF-5916,TF-X01,False,TF,French Southern and Antarctic Lands,Archipel des Kerguelen,Kerguelen Islands,Île Kerguelen,Archipiélago de las Kerguelen,,,0,1,-49.3179,69.2725,natural-earth,6964.267,68.610118,-49.721612,70.568533,-48.566664,20,,1546558,archipel-des-kerguelen
ATF-5919,TF-X03,False,TF,French Southern and Antarctic Lands,Iles Eparses de l'ocean Indien,Scattered Islands in the Indian Ocean,Îles Éparses de l'océan Indien,Islas Dispersas del Océano Índico,,,0,1,-17.0638,42.7449,natural-earth,25.153,39.69394,-22.365492,54.521332,-11.550632,20,,6690916,iles-eparses-de-l-ocean-indien
ATF-5918,TF-X1,False,TF,French Southern and Antarctic Lands,Iles Saint-Paul et Nouvelle-Amsterdam,Amsterdam and Saint-Paul Islands,Îles Saint-Paul et Nouvelle-Amsterdam,Islas de San Pablo y Amsterdam,,,0,1,-37.861,77.5353,natural-earth,62.889,77.487559,-38.738458,77.585216,-37.820245,20,,1547221,iles-saint-paul-et-nouvelle-amsterdam
TGO-89,TG-C,True,TG,Togo,Centre,Centre,Centre,Centro,,Region,0,1,8.5878,1.00462,natural-earth,13283.338,0.365874,7.893132,1.644168,9.292317,6,Q515655,2367237,centre
TGO-88,TG-K,True,TG,Togo,Kara,Kara,la Kara,Kara,,Region,0,1,9.58879,0.821351,natural-earth,11636.26,0.223066,8.834973,1.420146,10.216508,6,Q316216,2597439,kara
TGO-87,TG-M,True,TG,Togo,Maritime,Maritime,Région maritime,Marítima,,Region,0,1,6.42521,1.24665,natural-earth,6207.68,0.711718,6.100491,1.782351,6.903089,6,Q316291,2365173,maritime
TGO-86,TG-P,True,TG,Togo,Plateaux,Plateaux,Région des plateaux,Altiplano,,Region,0,1,7.38285,1.05973,natural-earth,17285.867,0.494574,6.533936,1.625668,8.371996,6,Q316306,2364370,plateaux
TGO-90,TG-S,True,TG,Togo,Savanes,Savanes,Région des Savanes,las Sabanas,,Region,0,1,10.5136,0.415303,natural-earth,8688.337,-0.166109,9.874979,0.997076,11.13498,6,Q279945,2364205,savanes
THA-427,TH-37,True,TH,Thailand,Amnat Charoen,Amnat Charoen,Amnat Charoen,Amnat Charoen,จังหวัดอำนาจเจริญ,Province,0,1,15.8583,104.766,natural-earth,3946.398,104.424613,15.471356,105.106979,16.293963,7,Q243791,1906689,amnat-charoen
THA-406,TH-15,True,TH,Thailand,Ang Thong,Ang Thong,Ang Thong,Ang Thong,จังหวัดอ่างทอง,Province,0,1,14.6335,100.357,natural-earth,975.238,100.196654,14.439532,100.51648,14.796591,9,Q243795,1621034,ang-thong
THA-416,TH-10,True,TH,Thailand,Bangkok Metropolis,Bangkok,Bangkok,Bangkok,จังหวัดเชียงใหม่,Province,0,1,13.793,100.626,natural-earth,1569.575,100.326982,13.489325,100.924259,13.949795,7,Q1861,1609348,bangkok-metropolis
THA-5499,TH-38,True,TH,Thailand,Bueng Kan,Bueng Kan,Bueng Kan,Bueng Kan,จังหวัดหนองคาย,Province,0,1,18.1565,103.752,natural-earth,4000.03,103.233678,17.768063,104.203329,18.441459,7,Q1001862,8133594,bueng-kan
THA-436,TH-31,True,TH,Thailand,Buri Ram,Buri Ram,Buri Ram,Buri Ram,จังหวัดบุรีรัมย์,Province,0,1,14.699,102.971,natural-earth,10181.191,102.442357,14.132135,103.499967,15.789217,7,Q327510,1611452,buri-ram
THA-431,TH-24,True,TH,Thailand,Chachoengsao,Chachoengsao,Chachoengsao,Chachoengsao,จังหวัดฉะเชิงเทรา,Province,0,1,13.6342,101.419,natural-earth,5570.53,100.840972,13.171729,101.996338,13.974393,7,Q334906,1611438,chachoengsao
THA-407,TH-18,True,TH,Thailand,Chai Nat,Chai Nat,Chai Nat,Chainat,จังหวัดชัยนาท,Province,0,1,15.1055,100.013,natural-earth,2489.626,99.717614,14.909013,100.309309,15.421617,7,Q459759,1611415,chai-nat
THA-437,TH-36,True,TH,Thailand,Chaiyaphum,Chaiyaphum,Chaiyaphum,Chaiyaphum,จังหวัดชัยนาท,Province,0,1,16.0138,101.877,natural-earth,13217.441,101.300411,15.21411,102.453623,16.704226,7,Q275377,1611406,chaiyaphum
THA-432,TH-22,True,TH,Thailand,Chanthaburi,Chanthaburi,Chanthaburi,Chanthaburi,จันทบุรี,Province,0,1,12.8117,102.139,natural-earth,5854.308,101.687054,12.30622,102.506642,13.336189,7,Q327730,1611268,chanthaburi
THA-390,TH-50,True,TH,Thailand,Chiang Mai,Chiang Mai,Chiang Mai,Chiang Mai,จังหวัดเชียงใหม่,Province,0,1,18.8368,98.6967,natural-earth,22829.983,98.083192,17.249387,99.590232,20.152805,7,Q233588,1153670,chiang-mai
THA-389,TH-57,True,TH,Thailand,Chiang Rai,Chiang Rai,Chiang Rai,Chiang Rai,จังหวัดเชียงราย,Province,0,1,19.9607,99.9059,natural-earth,11307.071,99.261259,18.998427,100.550586,20.445006,7,Q236419,1153668,chiang-rai
THA-430,TH-20,True,TH,Thailand,Chon Buri,Chon Buri,Chon Buri,Chon Buri,จังหวัดชลบุรี,Province,0,1,13.2988,101.278,natural-earth,4349.475,100.837413,12.598049,101.717647,13.590385,7,Q207068,1611108,chon-buri
THA-375,TH-86,True,TH,Thailand,Chumphon,Chumphon,Chumphon,Chumphon,จังหวัดชุมพร,Province,0,1,10.3809,99.0755,natural-earth,5779.073,98.635458,9.601171,99.51531,11.03941,7,Q244695,1153555,chumphon
THA-439,TH-46,True,TH,Thailand,Kalasin,Kalasin,Kalasin,Kalasin,จังหวัดกาฬสินธุ์,Province,0,1,16.6224,103.679,natural-earth,6866.833,103.113117,16.1894,104.244624,17.100274,7,Q382144,1610468,kalasin
THA-400,TH-62,True,TH,Thailand,Kamphaeng Phet,Kamphaeng Phet,Kamphaeng Phet,Kamphaeng Phet,จังหวัดกำแพงเพชร,Province,0,1,16.4009,99.5098,natural-earth,8777.907,98.987529,15.784644,100.032168,16.887884,7,Q273807,1153089,kamphaeng-phet
THA-399,TH-71,True,TH,Thailand,Kanchanaburi,Kanchanaburi,Kanchanaburi,Kanchanaburi,อำเภอเมืองกาญจนบุรี,Province,0,1,14.3317,99.2969,natural-earth,20029.206,98.160447,13.723674,99.890627,15.675098,7,Q275740,1153080,kanchanaburi
THA-438,TH-40,True,TH,Thailand,Khon Kaen,Khon Kaen,Khon Kaen,Khon Kaen,จังหวัดขอนแก่น,Province,0,1,16.5762,102.683,natural-earth,10732.852,101.751443,15.62114,103.194404,17.074514,7,Q327533,1609775,khon-kaen
THA-382,TH-81,True,TH,Thailand,Krabi,Krabi,Krabi,Krabi,จังหวัดกระบี่,Province,0,1,8.1333,98.984,natural-earth,4407.961,98.622081,7.467231,99.345699,8.674639,7,Q236769,1152631,krabi
THA-391,TH-52,True,TH,Thailand,Lampang,Lampang,Lampang,Lampang,จังหวัดลำปาง,Province,0,1,18.6296,99.5707,natural-earth,12561.092,99.010629,17.204325,100.13087,19.508344,7,Q240495,1152472,lampang
THA-392,TH-51,True,TH,Thailand,Lamphun,Lamphun,Lamphun,Lamphun,จังหวัดลำพูน,Province,0,1,18.1333,98.9979,natural-earth,4078.251,98.680933,17.482757,99.314796,18.706275,7,Q240540,1152467,lamphun
THA-445,TH-42,True,TH,Thailand,Loei,Loei,Loei,Loei,จังหวัดเลย,Province,0,1,17.4099,101.517,natural-earth,10458.557,100.882659,16.758848,102.151316,18.213799,7,Q275388,1609070,loei
THA-408,TH-16,True,TH,Thailand,Lop Buri,Lopburi,Lopburi,Lopburi,ลพบุรี,Province,0,1,15.1147,100.944,natural-earth,6503.643,100.433746,14.655927,101.454149,15.497581,7,Q336122,1609031,lop-buri
THA-374,TH-58,True,TH,Thailand,Mae Hong Son,Mae Hong Son,Mae Hong Son,Mae Hong Son,จังหวัดแม่ฮ่องสอน,Province,0,1,18.4043,97.8911,natural-earth,13635.23,97.351401,17.554866,98.654991,19.807629,7,Q269270,1152221,mae-hong-son
THA-440,TH-44,True,TH,Thailand,Maha Sarakham,Maha Sarakham,Maha Sarakham,Maha Sarakham,จังหวัดมหาสารคาม,Province,0,1,15.9151,103.188,natural-earth,5756.773,102.850394,15.401722,103.525599,16.643429,7,Q468554,1608899,maha-sarakham
THA-473,TH-49,True,TH,Thailand,Mukdahan,Mukdahan,Mukdahan,Mukdahan,จังหวัดมุกดาหาร,Province,0,1,16.5636,104.531,natural-earth,4105.103,104.072852,16.19064,104.988028,16.896178,7,Q335119,1608595,mukdahan
THA-409,TH-26,True,TH,Thailand,Nakhon Nayok,Nakhon Nayok,Nakhon Nayok,Nakhon Nayok,จังหวัดนครนายก,Province,0,1,14.2249,101.21,natural-earth,2204.717,100.905293,13.95535,101.515592,14.502836,7,Q466212,1608538,nakhon-nayok
THA-418,TH-73,True,TH,Thailand,Nakhon Pathom,Nakhon Pathom,Nakhon Pathom,Nakhon Pathom,อำเภอเมืองนครปฐม,Province,0,1,13.917,100.072,natural-earth,2111.735,99.807789,13.657048,100.335664,14.177145,7,Q334841,1608533,nakhon-pathom
THA-472,TH-48,True,TH,Thailand,Nakhon Phanom,Nakhon Phanom,Nakhon Phanom,Nakhon Phanom,จังหวัดนครพนม,Province,0,1,17.2227,104.628,natural-earth,5740.778,103.988413,16.749417,104.819989,18.018644,7,Q468547,1608530,nakhon-phanom
THA-441,TH-30,True,TH,Thailand,Nakhon Ratchasima,Nakhon Ratchasima,Nakhon Ratchasima,Nakhon Ratchasima,จังหวัดนครราชสีมา,Province,0,1,14.8923,102.103,natural-earth,20834.695,101.187137,14.087047,103.018446,15.806917,7,Q271737,1608528,nakhon-ratchasima
THA-411,TH-60,True,TH,Thailand,Nakhon Sawan,Nakhon Sawan,Nakhon Sawan,Nakhon Sawan,จังหวัดนครสวรรค์,Province,0,1,15.6943,100.25,natural-earth,9793.586,99.07879,15.060373,100.832533,16.337866,7,Q239844,1608526,nakhon-sawan
THA-376,TH-80,True,TH,Thailand,Nakhon Si Thammarat,Nakhon Si Thammarat,Nakhon Si Thammarat,Nakhon Si Thammarat,จังหวัดนครศรีธรรมราช,Province,0,1,8.37448,99.7819,natural-earth,10339.768,99.240796,7.80172,100.342459,9.322659,7,Q244691,1608525,nakhon-si-thammarat
THA-393,TH-55,True,TH,Thailand,Nan,Nan,Nan,Nan,จังหวัดน่าน,Province,0,1,18.8264,100.837,natural-earth,11758.058,100.348118,18.011175,101.326404,19.613584,7,Q244698,1608451,nan
THA-493,TH-96,True,TH,Thailand,Narathiwat,Narathiwat,Narathiwat,Narathiwat,จังหวัดนราธิวาส,Province,0,1,6.17758,101.727,natural-earth,4448.013,101.382008,5.7381,102.07309,6.628846,7,Q271442,1608408,narathiwat
THA-449,TH-39,True,TH,Thailand,Nong Bua Lam Phu,Nong Bua Lam Phu,Nong Bua Lam Phu,Nongbua Lamphu,จังหวัดหนองบัวลำภู,Province,0,1,17.2392,102.311,natural-earth,4258.899,101.946367,16.761251,102.675831,17.639931,7,Q261241,1906690,nong-bua-lam-phu
THA-446,TH-43,True,TH,Thailand,Nong Khai,Nong Khai,Nong Khai,Nong Khai,จังหวัดหนองคาย,Province,0,1,17.7553,102.754,natural-earth,3451.333,102.058401,17.595981,103.435682,18.295168,7,Q327737,1608231,nong-khai
THA-417,TH-12,True,TH,Thailand,Nonthaburi,Nonthaburi,Nonthaburi,Nonthaburi,จังหวัดนนทบุรี,Province,0,1,13.8933,100.407,natural-earth,594.58,100.263369,13.794869,100.551517,14.136218,9,Q242932,1608132,nonthaburi
THA-413,TH-13,True,TH,Thailand,Pathum Thani,Pathum Thani,Pathum Thani,Pathum Thani,จังหวัดปทุมธานี,Province,0,1,14.034,100.625,natural-earth,1483.521,100.336233,13.91804,100.914492,14.261326,9,Q459748,1607982,pathum-thani
THA-494,TH-94,True,TH,Thailand,Pattani,Pattani,Pattani,Pattani,จังหวัดปัตตานี,Province,0,1,6.7391,101.381,natural-earth,2010.16,101.037688,6.543193,101.723481,6.954572,7,Q236781,1607976,pattani
THA-378,TH-82,True,TH,Thailand,Phangnga,Phang Nga,Phang Nga,Phang Nga,จังหวัดพังงา,Province,0,1,8.57678,98.394,natural-earth,4072.395,97.835297,7.903754,98.713283,9.473049,7,Q273306,1151462,phangnga
THA-383,TH-93,True,TH,Thailand,Phatthalung,Phatthalung,Phatthalung,Phatthalung,จังหวัดพัทลุง,Province,0,1,7.47276,100.062,natural-earth,3207.521,99.744331,7.091738,100.378754,7.903756,7,Q243808,1607778,phatthalung
THA-394,TH-56,True,TH,Thailand,Phayao,Phayao,Phayao,Phayao,จังหวัดพะเยา,Province,0,1,19.1866,100.16,natural-earth,6012.619,99.687383,18.811746,100.632545,19.724387,7,Q244618,1607758,phayao
THA-402,TH-67,True,TH,Thailand,Phetchabun,Phetchabun,Phetchabun,Phetchabun,อำเภอเมืองเพชรบูรณ์,Province,0,1,16.2589,101.21,natural-earth,12476.535,100.630065,15.302012,101.790562,17.115984,7,Q240520,1607736,phetchabun
THA-419,TH-76,True,TH,Thailand,Phetchaburi,Phetchaburi,Phetchaburi,Phetchaburi,จังหวัดเพชรบุรี,Province,0,1,12.8727,99.5964,natural-earth,6538.237,99.088349,12.544919,100.10434,13.332985,7,Q244699,1151416,phetchaburi
THA-401,TH-66,True,TH,Thailand,Phichit,Phichit,Phichit,Phichit,จังหวัดพิจิตร,Province,0,1,16.2321,100.374,natural-earth,4259.37,99.977546,15.909365,100.770315,16.593561,7,Q237874,1607724,phichit
THA-396,TH-65,True,TH,Thailand,Phitsanulok,Phitsanulok,Phitsanulok,Phitsanulok,จังหวัดพิษณุโลก,Province,0,1,16.9748,100.49,natural-earth,10542.453,99.887371,16.347013,101.093396,17.707808,7,Q275781,1607707,phitsanulok
THA-412,TH-14,True,TH,Thailand,Phra Nakhon Si Ayutthaya,Phra Nakhon Si Ayutthaya,Ayutthaya,Phra Nakhon Si Ayutthaya,จังหวัดพระนครศรีอยุธยา,Province,0,1,14.402,100.522,natural-earth,2495.627,100.220994,14.110922,100.822921,14.6859,7,Q476222,1607530,phra-nakhon-si-ayutthaya
THA-395,TH-54,True,TH,Thailand,Phrae,Phrae,Phrae,Phrae,จังหวัดแพร่,Province,0,1,18.0577,99.9263,natural-earth,6616.46,99.31061,17.67657,100.541905,18.830841,7,Q244652,1607551,phrae
THA-377,TH-83,True,TH,Thailand,Phuket,Phuket,Phuket,Phuket,จังหวัดภูเก็ต,Province,0,1,7.97108,98.3472,natural-earth,559.396,98.254161,7.767727,98.439789,8.191799,9,Q182565,1151253,phuket
THA-410,TH-25,True,TH,Thailand,Prachin Buri,Prachin Buri,Prachin Buri,Prachinburi,จังหวัดปราจีนบุรี,Province,0,1,14.1081,101.594,natural-earth,4636.546,101.13484,13.716812,102.05282,14.461288,7,Q321324,1906687,prachin-buri
THA-420,TH-77,True,TH,Thailand,Prachuap Khiri Khan,Prachuap Khiri Khan,Prachuap Khiri Khan,Prachuap Khiri Khan,จังหวัดประจวบคีรีขันธ์,Province,0,1,12.3053,99.7274,natural-earth,6955.991,99.140946,10.955533,100.02003,12.636176,7,Q244628,1151073,prachuap-khiri-khan
THA-379,TH-85,True,TH,Thailand,Ranong,Ranong,Ranong,Ranong,จังหวัดระนอง,Province,0,1,9.51717,98.58,natural-earth,3458.537,98.384939,9.306435,98.975747,10.788203,7,Q236802,1150964,ranong
THA-421,TH-70,True,TH,Thailand,Ratchaburi,Ratchaburi,Ratchaburi,Ratchaburi,จังหวัดราชบุรี,Province,0,1,13.4964,99.6128,natural-earth,5440.666,99.146779,13.143152,100.078677,13.944524,7,Q335492,1150953,ratchaburi
THA-434,TH-21,True,TH,Thailand,Rayong,Rayong,Rayong,Rayong,จังหวัดระยอง,Province,0,1,12.8125,101.402,natural-earth,3674.7,100.97361,12.595649,101.830147,13.150929,7,Q335221,1607016,rayong
THA-442,TH-45,True,TH,Thailand,Roi Et,Roi Et,Roi Et,Roi Et,ร้อยเอ็ด,Province,0,1,15.9601,103.827,natural-earth,7745.022,103.297137,15.410248,104.355884,16.472277,7,Q625463,1607000,roi-et
THA-433,TH-27,True,TH,Thailand,Sa Kaeo,Sa Kaeo,Sa Kaeo,Sa Kaeo,จังหวัดสระแก้ว,Province,0,1,13.8589,102.384,natural-earth,7109.943,101.854951,13.158732,102.91393,14.18562,7,Q381889,1906691,sa-kaeo
THA-447,TH-47,True,TH,Thailand,Sakon Nakhon,Sakon Nakhon,Sakon Nakhon,Sakon Nakhon,จังหวัดสกลนคร,Province,0,1,17.3577,103.845,natural-earth,9588.016,103.246546,16.779286,104.444302,18.064169,7,Q382125,1606789,sakon-nakhon
THA-422,TH-11,True,TH,Thailand,Samut Prakan,Samut Prakan,Samut Prakan,Samut Prakan,จังหวัดสมุทรปราการ,Province,0,1,13.606,100.704,natural-earth,903.097,100.459946,13.478194,100.947513,13.714099,9,Q271529,1606589,samut-prakan
THA-423,TH-74,True,TH,Thailand,Samut Sakhon,Samut Sakhon,Samut Sakhon,Samut Sakhon,จังหวัดสมุทรสาคร,Province,0,1,13.5655,100.225,natural-earth,845.973,100.037904,13.425971,100.411577,13.730092,9,Q334686,1606587,samut-sakhon
THA-424,TH-75,True,TH,Thailand,Samut Songkhram,Samut Songkhram,Samut Songkhram,Samut Songkhram,จังหวัดสมุทรสงคราม,Province,0,1,13.4036,99.9736,natural-earth,416.44,99.858226,13.238262,100.088959,13.511294,9,Q459742,1606585,samut-songkhram
THA-415,TH-19,True,TH,Thailand,Saraburi,Saraburi,Saraburi,Saraburi,จังหวัดสระบุรี,Province,0,1,14.4914,100.909,natural-earth,3029.996,100.574358,14.213913,101.242947,14.883433,7,Q337627,1606417,saraburi
THA-385,TH-91,True,TH,Thailand,Satun,Satun,Satun,Satun,จังหวัดสตูล,Province,0,1,6.85827,99.9633,natural-earth,2550.581,99.158458,6.442288,100.214173,7.143337,7,Q236263,1606375,satun
THA-425,TH-33,True,TH,Thailand,Si Sa Ket,Si Sa Ket,Si Sa Ket,Sisaket,จังหวัดศรีสะเกษ,Province,0,1,14.8248,104.418,natural-earth,8883.007,103.916893,14.356928,104.918382,15.564528,7,Q380761,1606238,si-sa-ket
THA-414,TH-17,True,TH,Thailand,Sing Buri,Sing Buri,Sing Buri,Sing Buri,จังหวัดสิงห์บุรี,Province,0,1,14.9746,100.343,natural-earth,853.969,100.193554,14.724786,100.493174,15.16755,9,Q334836,1606269,sing-buri
THA-386,TH-90,True,TH,Thailand,Songkhla,Songkhla,Songkhla,Songkhla,จังหวัดสงขลา,Province,0,1,6.81212,100.568,natural-earth,7493.771,100.030618,6.297885,101.105643,7.938788,7,Q235574,1606146,songkhla
THA-397,TH-64,True,TH,Thailand,Sukhothai,Sukhothai,Sukhothai,Sukhothai,จังหวัดสุโขทัย,Province,0,1,17.2435,99.7009,natural-earth,7090.114,99.269941,16.688129,100.131904,17.816923,7,Q380764,1150532,sukhothai
THA-403,TH-72,True,TH,Thailand,Suphan Buri,Suphan Buri,Suphanburi,Suphanburi,จังหวัดสุพรรณบุรี,Province,0,1,14.4298,100.034,natural-earth,5435.276,99.279139,14.061778,100.282127,15.072465,7,Q272247,1606032,suphan-buri
THA-380,TH-84,True,TH,Thailand,Surat Thani,Surat Thani,Surat Thani,Surat Thani,จังหวัดสุราษฎร์ธานี,Province,0,1,9.0048,99.0107,natural-earth,13503.149,98.453918,8.31355,100.090668,9.801825,7,Q240463,1150514,surat-thani
THA-443,TH-32,True,TH,Thailand,Surin,Surin,Surin,Surin,จังหวัดสุรินทร์,Province,0,1,14.9355,103.588,natural-earth,8593.257,103.100198,14.340418,104.076728,15.482285,7,Q380757,1606029,surin
THA-404,TH-63,True,TH,Thailand,Tak,Tak,Tak,Tak,จังหวัดตาก,Province,0,1,17.0043,98.8441,natural-earth,16432.657,97.907994,15.220622,99.346009,17.756177,7,Q275758,1150489,tak
THA-387,TH-92,True,TH,Thailand,Trang,Trang,Trang,Trang,จังหวัดตรัง,Province,0,1,7.56967,99.6467,natural-earth,4720.637,99.246755,7.055978,100.046431,7.992045,7,Q243805,1150006,trang
THA-435,TH-23,True,TH,Thailand,Trat,Trat,Trat,Trat,จังหวัดตราด,Province,0,1,12.3925,102.541,natural-earth,2619.414,102.249522,11.563381,102.928787,12.74603,7,Q241884,1605277,trat
THA-426,TH-34,True,TH,Thailand,Ubon Ratchathani,Ubon Ratchathani,Ubon Ratchathani,Ubon Ratchathani,จังหวัดอุบลราชธานี,Province,0,1,15.0137,105.016,natural-earth,14575.912,104.381929,14.214069,105.650998,16.095853,7,Q629024,1906688,ubon-ratchathani
THA-448,TH-41,True,TH,Thailand,Udon Thani,Udon Thani,Udon Thani,Udon Thani,จังหวัดอุดรธานี,Province,0,1,17.4511,102.882,natural-earth,10904.071,102.023623,16.827604,103.657167,18.088405,7,Q380752,1906686,udon-thani
THA-405,TH-61,True,TH,Thailand,Uthai Thani,Uthai Thani,Uthai Thani,Uthai Thani,จังหวัดอุทัยธานี,Province,0,1,15.27,99.5275,natural-earth,6560.209,98.980398,14.94423,100.074595,15.773146,7,Q244649,1149965,uthai-thani
THA-398,TH-53,True,TH,Thailand,Uttaradit,Uttaradit,Uttaradit,Uttaradit,จังหวัดอุตรดิตถ์,Province,0,1,17.7188,100.531,natural-earth,7635.389,99.896569,17.164172,101.165173,18.371613,7,Q273794,1605214,uttaradit
THA-388,TH-95,True,TH,Thailand,Yala,Yala,Yala,Yala,จังหวัดยะลา,Province,0,1,6.14264,101.218,natural-earth,4722.019,100.821525,5.62989,101.613674,6.675794,7,Q242977,1604869,yala
THA-428,TH-35,True,TH,Thailand,Yasothon,Yasothon,Yasothon,Yasothon,จังหวัดยโสธร,Province,0,1,16.0225,104.324,natural-earth,4103.303,104.004122,15.284804,104.812859,16.345152,7,Q506598,1604767,yasothon
TJK-5491,TJ-DU,True,TJ,Tajikistan,Dushanbe,Dushanbe,Douchanbé,Dusambé,,Independent City,0,1,38.5518,68.7695,natural-earth,135.845,68.689332,38.469311,68.861238,38.658229,5,Q9365,7280679,dushanbe
TJK-366,TJ-GB,True,TJ,Tajikistan,Gorno-Badakhshan,Gorno-Badakhshan,Haut-Badakhchan,Alto Badajshán,,Region,0,1,38.2492,72.7189,natural-earth,63509.095,70.27383,36.678641,75.164125,39.467411,5,Q207319,1221692,gorno-badakhshan
TJK-367,TJ-KT,True,TJ,Tajikistan,Khatlon,Khatlon,Khatlon,Khatlon,,Region,0,1,37.8063,69.1055,natural-earth,24134.103,67.771966,36.925241,70.439091,38.734794,5,Q633511,1347488,khatlon
TJK-369,TJ-SU,True,TJ,Tajikistan,Leninabad,Khujand,Khodjent,Juyand,,Region,0,1,39.6335,69.1609,natural-earth,25819.65,67.34269,38.899403,70.979522,41.039977,5,Q373808,1221092,leninabad
TJK-368,TJ-X01,False,TJ,Tajikistan,Tadzhikistan Territories,districts of Republican Subordination,Nohiyahoi tobei Jumhurii,bajo subordinación republicana,,Region,0,1,38.9773,70.1331,natural-earth,28537.665,68.037635,37.902545,72.228668,39.612105,5,Q633490,6452615,tadzhikistan-territories
NZL-5472,TK-X01,False,TK,New Zealand,Tokelau,Tokelau,Tokelau,Tokelau,,,0,1,-9.34449,-171.195,natural-earth,4.252,-172.502553,-9.361749,-171.185658,-8.543227,20,,0,tokelau
TLS-544,TL-AL,True,TL,East Timor,Aileu,Aileu,Aileu,Aileu,,District|Regencies,0,1,-8.69661,125.619,natural-earth,776.091,125.433615,-8.855635,125.805221,-8.565007,9,Q405100,1651815,aileu
TLS-545,TL-AN,True,TL,East Timor,Ainaro,Ainaro,Ainaro,Ainaro,,District|Regencies,0,1,-9.03099,125.551,natural-earth,852.303,125.410619,-9.240818,125.691377,-8.767992,9,Q405926,1651809,ainaro
TLS-543,TL-OE,True,TL,East Timor,Ambeno,Oe-Cusse Ambeno,Oe-Cusse Ambeno,Oecussi-Ambeno,,District|Regencies,0,1,-9.32323,124.241,natural-earth,742.461,124.03004,-9.501228,124.451504,-9.18019,9,Q860639,1651539,ambeno
TLS-546,TL-BA,True,TL,East Timor,Baucau,Baucau,Baucau,Baucau,,District|Regencies,0,1,-8.53729,126.476,natural-earth,1577.357,126.140032,-8.706393,126.811722,-8.419122,9,Q811132,1649538,baucau
TLS-547,TL-BO,True,TL,East Timor,Bobonaro,Bobonaro,Bobonaro,Bobonaro,,District|Regencies,0,1,-8.98073,125.219,natural-earth,1438.647,124.90791,-9.21737,125.4131,-8.740268,9,Q860913,1648513,bobonaro
TLS-548,TL-CO,True,TL,East Timor,Cova Lima,Cova Lima,Cova Lima,Cova-Lima,,District|Regencies,0,1,-9.30758,125.233,natural-earth,1269.931,124.954109,-9.485772,125.51113,-9.033815,9,Q165575,1639462,cova-lima
TLS-541,TL-DI,True,TL,East Timor,Dili,Dili,Dili,Dili,,District|Regencies,0,1,-8.55429,125.668,natural-earth,402.548,125.489831,-8.627018,125.845993,-8.135024,9,Q860901,1645456,dili
TLS-549,TL-ER,True,TL,East Timor,Ermera,Ermera,Ermera,Ermera,,District|Regencies,0,1,-8.84722,125.344,natural-earth,711.382,125.179212,-8.991441,125.509476,-8.648516,9,Q668171,1644865,ermera
TLS-553,TL-LA,True,TL,East Timor,Lautém,Lautém,Lautém,Lautem,,District|Regencies,0,1,-8.50164,127.001,natural-earth,1873.592,126.688197,-8.760989,127.313243,-8.309015,9,Q686554,1638294,lautem
TLS-542,TL-LI,True,TL,East Timor,Liquica,Liquiçá,Liquiçá,Liquiçá,,District|Regencies,0,1,-8.65272,125.308,natural-earth,540.513,125.102942,-8.756209,125.511853,-8.568212,9,Q860897,1637729,liquica
TLS-550,TL-MT,True,TL,East Timor,Manatuto,Manatuto,Manatuto,Manatuto,,District|Regencies,0,1,-8.737,125.968,natural-earth,1765.821,125.757523,-9.057306,126.179203,-8.481134,9,Q860630,1636525,manatuto
TLS-551,TL-MF,True,TL,East Timor,Manufahi,Manufahi,Manufahi,Manufahi,,District|Regencies,0,1,-9.00434,125.813,natural-earth,1297.638,125.578929,-9.193273,126.047537,-8.751042,9,Q629934,1636309,manufahi
TLS-552,TL-VI,True,TL,East Timor,Viqueque,Viqueque,Viqueque,Viqueque,,District|Regencies,0,1,-8.8247,126.386,natural-earth,1896.837,126.033682,-8.999933,126.738962,-8.607175,9,Q610726,1622470,viqueque
TKM-352,TM-A,True,TM,Turkmenistan,Ahal,Ahal,Ahal,Ahal,,Province,0,1,38.8103,59.0838,natural-earth,100425.995,56.571049,35.545891,61.596478,40.214187,4,Q399899,162181,ahal
TKM-351,TM-B,True,TM,Turkmenistan,Balkan,Balkan,Balkan,Balkan,,Province,0,1,39.7244,55.2571,natural-earth,118498.917,52.437671,37.323744,57.165224,42.345401,4,Q486073,162152,balkan
TKM-359,TM-L,True,TM,Turkmenistan,Chardzhou,Lebap,Lebap,Lebap,,Province,0,1,38.6421,63.4465,natural-earth,93225.498,60.247517,36.849586,66.645782,41.300323,4,Q487389,1219651,chardzhou
TKM-360,TM-M,True,TM,Turkmenistan,Mary,Mary,Mary,Mary,,Province,0,1,36.7994,62.5938,natural-earth,85211.062,60.459493,35.140647,64.728549,39.513971,6,Q487401,1218666,mary
TKM-353,TM-D,True,TM,Turkmenistan,Tashauz,Daşoguz,Daşoguz,Daşoguz,,Province,0,1,41.3981,58.769,natural-earth,73087.744,56.533721,39.473612,61.004318,42.791188,4,Q487672,601465,tashauz
TUN-104,TN-13,True,TN,Tunisia,Ben Arous (Tunis Sud),Ben Arous,Ben Arous,Ben Arous,,Governorate,0,1,36.6125,10.1941,natural-earth,748.904,9.971412,36.443306,10.416751,36.816067,7,Q238555,2472477,ben-arous-tunis-sud
TUN-105,TN-23,True,TN,Tunisia,Bizerte,Bizerte,Bizerte,Bizerta,,Governorate,0,1,37.1109,9.67332,natural-earth,3599.354,9.074361,36.724374,10.272146,37.345201,7,Q241129,2472699,bizerte
TUN-103,TN-31,True,TN,Tunisia,Béja,Beja,Béja,Béja,,Governorate,0,1,36.5828,9.37605,natural-earth,3691.645,8.895998,36.354991,9.856122,37.166813,9,Q276576,2472770,beja
TUN-111,TN-81,True,TN,Tunisia,Gabès,Gabès,Gabès,Gabès,,Governorate,0,1,33.7571,9.85987,natural-earth,7186.009,9.259311,33.287452,10.460216,34.292662,9,Q242263,2468365,gabes
TUN-112,TN-71,True,TN,Tunisia,Gafsa,Gafsa,Gafsa,Gafsa,,Governorate,0,1,34.4233,8.79521,natural-earth,7270.816,8.027552,34.090943,9.562859,34.750644,7,Q269968,2468351,gafsa
TUN-106,TN-32,True,TN,Tunisia,Jendouba,Jendouba,Jendouba,Jendouba,,Governorate,0,1,36.6155,8.62064,natural-earth,3274.757,8.167852,36.35313,9.073741,37.018863,7,Q276580,2470085,jendouba
TUN-118,TN-41,True,TN,Tunisia,Kairouan,Kairouan,Kairouan,Kairuán,,Governorate,0,1,35.6154,9.78892,natural-earth,6647.914,9.272179,35.013987,10.305656,36.133144,9,Q276574,2473451,kairouan
TUN-110,TN-42,True,TN,Tunisia,Kassérine,Kasserine,Kasserine,Kasserine,,Governorate,0,1,35.2529,8.78774,natural-earth,8404.076,8.248881,34.637421,9.326956,35.784741,9,Q388047,2473460,kasserine
TUN-97,TN-73,True,TN,Tunisia,Kebili,Kebili,Kébili,Kebili,,Governorate,0,1,33.3621,8.84791,natural-earth,22548.488,7.708286,32.526355,9.987845,34.204786,7,Q286063,2468014,kebili
TUN-109,TN-33,True,TN,Tunisia,Le Kef,Kef,Le Kef,Al-Kāf,,Governorate,0,1,36.0965,8.69565,natural-earth,5253.793,8.24144,35.621405,9.150222,36.438138,9,Q328199,2473637,le-kef
TUN-116,TN-53,True,TN,Tunisia,Mahdia,Mahdia,Mahdia,Mahdia,,Governorate,0,1,35.3594,10.6621,natural-earth,2911.073,10.174242,35.092841,11.160782,35.576201,7,Q328164,2473574,mahdia
TUN-102,TN-14,True,TN,Tunisia,Manubah,Manouba,La Manouba,Manouba,,Governorate,0,1,36.7903,9.94514,natural-earth,1632.847,9.55304,36.570352,10.337002,37.128933,9,Q734328,6201192,manubah
TUN-117,TN-52,True,TN,Tunisia,Monastir,Monastir,Monastir,Monastir,,Governorate,0,1,35.6225,10.7538,natural-earth,1005.363,10.479753,35.458094,11.055022,35.789618,7,Q318102,2473495,monastir
TUN-96,TN-82,True,TN,Tunisia,Médenine,Medenine,Médenine,Medenine,,Governorate,0,1,33.4403,10.6522,natural-earth,8167.311,9.740677,32.262223,11.564131,33.896308,9,Q327087,2469470,medenine
TUN-107,TN-21,True,TN,Tunisia,Nabeul,Nabeul,Nabeul,Nabeul,,Governorate,0,1,36.6794,10.7319,natural-earth,2916.291,10.339297,36.350332,11.136227,37.08747,7,Q328145,2468576,nabeul
TUN-114,TN-61,True,TN,Tunisia,Sfax,Sfax,Sfax,Sfax,,Governorate,0,1,34.6495,11.0329,natural-earth,7071.584,9.71365,34.155409,11.304796,35.272111,9,Q241145,2467450,sfax
TUN-113,TN-43,True,TN,Tunisia,Sidi Bou Zid,Sidi Bouzid,Sidi Bouzid,Sidi Bouzid,,Governorate,0,1,34.9757,9.43328,natural-earth,7498.384,8.805902,34.23729,10.060658,35.493338,9,Q327097,2465837,sidi-bou-zid
TUN-115,TN-34,True,TN,Tunisia,Siliana,Siliana,Siliana,Siliana,,Governorate,0,1,35.5597,9.33745,natural-earth,4539.248,8.917317,35.480677,9.757575,36.454209,7,Q328115,2465027,siliana
TUN-119,TN-51,True,TN,Tunisia,Sousse,Sousse,Sousse,Susa,,Governorate,0,1,35.9323,10.4255,natural-earth,2667.751,10.159463,35.417658,10.691335,36.374576,7,Q276565,2464912,sousse
TUN-98,TN-83,True,TN,Tunisia,Tataouine,Tataouine,Tataouine,Tataouine,,Governorate,0,1,32.154,9.88514,natural-earth,39727.55,8.332627,30.228905,11.437628,33.260761,7,Q327045,2464698,tataouine
TUN-101,TN-72,True,TN,Tunisia,Tozeur,Tozeur,Tozeur,Tozeur,,Governorate,0,1,33.9476,8.07434,natural-earth,6738.682,7.479832,33.410704,8.669218,34.536355,7,Q388059,2464645,tozeur
TUN-108,TN-11,True,TN,Tunisia,Tunis,Tunis,Tunis,Túnez,,Governorate,0,1,36.7791,10.1724,natural-earth,279.171,9.997302,36.685384,10.347179,36.891836,9,Q328109,2464464,tunis
TUN-120,TN-22,True,TN,Tunisia,Zaghouan,Zaghouan,Zaghouan,Zaghouan,,Governorate,0,1,36.3427,9.96916,natural-earth,2873.736,9.57216,36.009069,10.366169,36.651432,7,Q27916,2464038,zaghouan
TON-4949,TO-01,True,TO,Tonga,Eua,ʻEua,'Eua,'Eua,,,0,1,-21.3672,-174.941,natural-earth,78.947,-174.983632,-21.454197,-174.908518,-21.284438,20,Q423528,7668021,eua
TON-4948,TO-02,True,TO,Tonga,Ha'apai,Haʻapai,Ha'apai,Grupo Gálvez,,,0,1,-19.741951,-175.074868,polylabel,92.562,-175.100331,-19.821873,-174.244008,-19.592706,20,Q612098,4032637,ha-apai
TON-4947,TO-03,True,TO,Tonga,Niuas,Niuas,Niuas,Grupo Niuas,,,0,1,-15.9558,-173.757,natural-earth,56.324,-175.686269,-15.976739,-173.71524,-15.559503,20,Q1200954,7668055,niuas
TON-4945,TO-04,True,TO,Tonga,Tongatapu,Tongatapu,Tongatapu,Tongatapu,,,0,1,-21.211031,-175.160215,polylabel,260.388,-176.219309,-22.3388,-175.050893,-21.062595,20,Q620452,4032279,tongatapu
TON-4946,TO-05,True,TO,Tonga,Vava'u,Vavaʻu,Vava'u,Vava'u,,,0,1,-18.6118,-173.988,natural-earth,131.697,-174.664133,-18.817478,-173.914255,-18.566176,20,Q859666,4032231,vava-u
TUR-3018,TR-01,True,TR,Turkey,Adana,Adana,Adana,Adana,,Province,0,1,37.4006,35.7555,natural-earth,15344.079,34.789846,36.541083,36.505503,38.474706,7,Q40549,325361,adana
TUR-2281,TR-02,True,TR,Turkey,Adiyaman,Adıyaman,Adıyaman,Adıyaman,,Province,0,1,37.8102,38.339,natural-earth,7166.98,37.421727,37.411877,39.256343,38.228442,7,Q43924,325329,adiyaman
TUR-2272,TR-03,True,TR,Turkey,Afyonkarahisar,Afyonkarahisar,Afyonkarahisar,Afyonkarahisar,,Province,0,1,38.6784,30.6938,natural-earth,14747.195,29.664061,37.759349,31.723573,39.281944,7,Q45220,325302,afyonkarahisar
TUR-2307,TR-04,True,TR,Turkey,Agri,Ağrı,Ağrı,Ağrı,,Province,0,1,39.5925,43.3647,natural-earth,10003.855,42.27156,39.002426,44.45825,39.989342,7,Q80051,325163,agri
TUR-3021,TR-68,True,TR,Turkey,Aksaray,Aksaray,Aksaray,Aksaray,,Province,0,1,38.3566,33.8772,natural-earth,7753.639,33.264668,37.931794,34.489812,39.001082,6,Q83073,443185,aksaray
TUR-2290,TR-05,True,TR,Turkey,Amasya,Amasya,Amasya,Amasya,,Province,0,1,40.6379,35.7627,natural-earth,6218.802,35.031485,40.188633,36.493824,41.086924,7,Q80036,752014,amasya
TUR-3008,TR-06,True,TR,Turkey,Ankara,Ankara,Ankara,Ankara,,Province,0,1,39.829,32.578,natural-earth,25659.795,30.863574,38.643585,33.937391,40.707593,7,Q2297724,323784,ankara
TUR-2271,TR-07,True,TR,Turkey,Antalya,Antalya,Antalya,Antalya,,Province,0,1,37.1141,30.9564,natural-earth,21191.871,29.261205,36.09398,32.651682,37.427845,7,Q40249,323776,antalya
TUR-4839,TR-75,True,TR,Turkey,Ardahan,Ardahan,Ardahan,Ardahan,,Province,0,1,41.1809,42.8342,natural-earth,5128.1,42.279208,40.599176,43.451797,41.588264,7,Q79840,862470,ardahan
TUR-2298,TR-08,True,TR,Turkey,Artvin,Artvin,Artvin,Artvin,,Province,0,1,41.0175,41.8331,natural-earth,7823.063,41.127443,40.555561,42.538727,41.514228,6,Q43745,751816,artvin
TUR-2229,TR-09,True,TR,Turkey,Aydin,Aydın,Aydın,Aydin,,Province,0,1,37.7292,27.9573,natural-earth,7939.919,27.011485,37.336168,28.903073,38.106201,7,Q79846,322819,aydin
TUR-2238,TR-10,True,TR,Turkey,Balikesir,Balıkesir,Balıkesir,Balıkesir,,Province,0,1,39.7193,27.8355,natural-earth,14528.082,26.609223,39.050175,28.967152,40.663479,7,Q47117,322164,balikesir
TUR-5521,TR-74,True,TR,Turkey,Bartın,Bartın,Bartın,Bartın,,Province,0,1,41.5857,32.4688,natural-earth,2102.488,32.134125,41.326723,32.87297,41.859687,7,Q83342,862467,bartın
TUR-3042,TR-72,True,TR,Turkey,Batman,Batman,Batman,Batman,,Province,0,1,37.7343,41.4262,natural-earth,4114.31,41.035459,37.518511,41.81691,38.554391,7,Q80370,443186,batman
TUR-3032,TR-69,True,TR,Turkey,Bayburt,Bayburt,Bayburt,Bayburt,,Province,0,1,40.2859,40.3056,natural-earth,3537.526,39.811451,40.014819,40.799815,40.611811,6,Q483063,862471,bayburt
TUR-2263,TR-11,True,TR,Turkey,Bilecik,Bilecik,Bilecik,Bilecik,,Province,0,1,40.0387,30.2002,natural-earth,5282.761,29.661683,39.607609,30.73862,40.533547,7,Q46763,321122,bilecik
TUR-2308,TR-12,True,TR,Turkey,Bingöl,Bingöl,Bingöl,Bingöl,,Province,0,1,39.0743,40.646,natural-earth,8418.976,40.015057,38.477988,41.276892,39.580995,7,Q79760,321079,bingol
TUR-2311,TR-13,True,TR,Turkey,Bitlis,Bitlis,Bitlis,Bitlis,,Province,0,1,38.5155,42.3462,natural-earth,8979.339,41.531243,37.944196,43.161221,39.104073,7,Q83239,321022,bitlis
TUR-2268,TR-14,True,TR,Turkey,Bolu,Bolu,Bolu,Bolu,,Province,0,1,40.5854,31.6806,natural-earth,8565.006,30.59496,40.142796,32.529519,41.041798,7,Q82089,750510,bolu
TUR-2273,TR-15,True,TR,Turkey,Burdur,Burdur,Burdur,Burdur,,Province,0,1,37.5001,30.1627,natural-earth,7231.528,29.390382,36.91431,30.934991,37.84614,7,Q80088,320390,burdur
TUR-2264,TR-16,True,TR,Turkey,Bursa,Bursa,Bursa,Bursa,,Province,0,1,40.1314,29.0593,natural-earth,10895.072,28.098885,39.551565,29.940839,40.614679,7,Q43690,750268,bursa
TUR-2274,TR-20,True,TR,Turkey,Denizli,Denizli,Denizli,Denizli,,Province,0,1,37.7539,29.2821,natural-earth,11107.247,28.562836,36.911597,30.040885,38.45016,7,Q82096,317106,denizli
TUR-2309,TR-21,True,TR,Turkey,Diyarbakir,Diyarbakır,Diyarbakır,Diyarbakır,,Province,0,1,38.0261,40.2706,natural-earth,15087.29,39.114853,37.375703,41.42634,38.739186,7,Q83081,316540,diyarbakir
TUR-5519,TR-81,True,TR,Turkey,Düzce,Düzce,Düzce,Düzce,,Province,0,1,40.8631,31.3231,natural-earth,2568.166,30.869362,40.672094,31.799109,41.150734,7,Q432391,865521,duzce
TUR-2240,TR-22,True,TR,Turkey,Edirne,Edirne,Edirne,Edirne,,Province,0,1,40.9579,26.4697,natural-earth,5363.11,26.033214,40.598578,26.906193,41.983433,7,Q83102,747711,edirne
TUR-2282,TR-23,True,TR,Turkey,Elazig,Elazığ,Elâzığ,Elazığ,,Province,0,1,38.5718,39.3702,natural-earth,9297.173,38.348905,38.326033,40.391571,39.22944,7,Q483091,315807,elazig
TUR-2300,TR-24,True,TR,Turkey,Erzincan,Erzincan,Erzincan,Erzincan,,Province,0,1,39.6874,39.5121,natural-earth,11302.669,38.344151,39.022967,40.680029,40.072696,7,Q483173,315372,erzincan
TUR-2299,TR-25,True,TR,Turkey,Erzurum,Erzurum,Erzurum,Erzurum,,Province,0,1,39.9678,41.403,natural-earth,23779.135,40.242226,39.168798,42.563738,40.924918,7,Q376797,315367,erzurum
TUR-2269,TR-26,True,TR,Turkey,Eskisehir,Eskişehir,Eskişehir,Eskişehir,,Province,0,1,39.6297,31.0894,natural-earth,13714.286,30.136073,39.086348,32.042727,40.167807,7,Q483053,315201,eskisehir
TUR-3016,TR-27,True,TR,Turkey,Gaziantep,Gaziantep,Gaziantep,Gaziantep,,Province,0,1,36.9988,37.2462,natural-earth,7318.304,36.451863,36.6736,38.040603,37.536701,7,Q483154,314829,gaziantep
TUR-2292,TR-28,True,TR,Turkey,Giresun,Giresun,Giresun,Giresun,,Province,0,1,40.5379,38.6055,natural-earth,6755.939,38.062721,40.052543,39.148322,41.072455,7,Q482779,746878,giresun
TUR-3031,TR-29,True,TR,Turkey,Gümüshane,Gümüşhane,Gümüşhane,Gümüşhane,,Province,0,1,40.2812,39.3544,natural-earth,6311.751,38.839728,39.888005,39.869122,40.78981,7,Q482788,746423,gumushane
TUR-3047,TR-30,True,TR,Turkey,Hakkari,Hakkâri,Hakkari,Hakkâri,,Province,0,1,37.6097,44.0804,natural-earth,7465.793,43.359659,36.969166,44.801585,37.912983,7,Q93209,312888,hakkari
TUR-2289,TR-31,True,TR,Turkey,Hatay,Hatay,Hatay,Hatay,,Province,0,1,36.4876,36.2284,natural-earth,5578.852,35.787364,35.819779,36.67004,37.020015,7,Q83274,312394,hatay
TUR-2275,TR-32,True,TR,Turkey,Isparta,Isparta,Isparta,Isparta,,Province,0,1,37.8923,30.818,natural-earth,8767.819,30.015254,37.35139,31.620737,38.515195,7,Q268043,311071,isparta
TUR-2265,TR-34,True,TR,Turkey,Istanbul,Istanbul,Istanbul,Estambul,,Province,0,1,41.1285,28.8463,natural-earth,4800.829,28.149321,40.875474,29.884613,41.540167,7,Q534799,745042,istanbul
TUR-2230,TR-35,True,TR,Turkey,Izmir,İzmir,Izmir,Esmirna,,Province,0,1,38.2426,27.3977,natural-earth,12888.74,26.233084,37.888075,28.562319,39.464491,7,Q344490,311044,izmir
TUR-4840,TR-76,True,TR,Turkey,Iğdir,Iğdır,Iğdır,Iğdır,,Province,0,1,39.811,44.0317,natural-earth,3988.41,43.318421,39.627969,44.806993,40.110163,7,Q125506,443184,igdir
TUR-2283,TR-46,True,TR,Turkey,K. Maras,Kahramanmaraş,Kahramanmaraş,Kahramanmaraş,,Province,0,1,37.9278,37.0013,natural-earth,14431.027,36.220249,37.233283,37.782325,38.625033,7,Q482834,310858,k-maras
TUR-5520,TR-78,True,TR,Turkey,Karabük,Karabük,Karabük,Karabük,,Province,0,1,41.2347,32.5067,natural-earth,3960.09,32.14936,40.788746,33.115425,41.576351,7,Q483168,862468,karabuk
TUR-3012,TR-70,True,TR,Turkey,Karaman,Karaman,Karaman,Karaman,,Province,0,1,37.2262,33.3026,natural-earth,8983.931,32.456241,36.431627,34.148955,37.647031,7,Q482975,443187,karaman
TUR-3040,TR-36,True,TR,Turkey,Kars,Kars,Kars,Kars,,Province,0,1,40.3671,43.074,natural-earth,10498.733,42.15043,39.922137,43.729351,41.106588,7,Q83077,743942,kars
TUR-2270,TR-37,True,TR,Turkey,Kastamonu,Kastamonu,Kastamonu,Kastamonu,,Province,0,1,41.5114,33.6356,natural-earth,13112.133,32.798513,40.860762,34.587894,42.020657,7,Q483191,743881,kastamonu
TUR-2287,TR-38,True,TR,Turkey,Kayseri,Kayseri,Kayseri,Kayseri,,Province,0,1,38.7168,35.9256,natural-earth,17528.814,34.915006,37.750496,36.936278,39.334447,7,Q483472,308463,kayseri
TUR-4841,TR-79,True,TR,Turkey,Kilis,Kilis,Kilis,Kilis,,Province,0,1,36.8329,37.0035,natural-earth,1351.823,36.659563,36.619936,37.522144,37.023959,7,Q128978,443213,kilis
TUR-3019,TR-71,True,TR,Turkey,Kinkkale,Kırıkkale,Kırıkkale,Kırıkkale,,Province,0,1,39.9011,33.778,natural-earth,4660.567,33.273092,39.266777,34.101309,40.339554,7,Q484392,443188,kinkkale
TUR-2241,TR-39,True,TR,Turkey,Kirklareli,Kırklareli,Kırklareli,Kırklareli,,Province,0,1,41.6201,27.4916,natural-earth,6879.083,26.780206,41.264562,28.203024,42.097922,7,Q131597,743165,kirklareli
TUR-2286,TR-40,True,TR,Turkey,Kirsehir,Kırşehir,Kırşehir,Kırşehir,,Province,0,1,39.3548,34.1308,natural-earth,6365.735,33.524497,38.853133,34.737136,39.825735,7,Q134187,307513,kirsehir
TUR-2266,TR-41,True,TR,Turkey,Kocaeli,Kocaeli,Kocaeli,Kocaeli,,Province,0,1,40.9008,29.9396,natural-earth,3984.194,29.253673,40.549773,30.48799,41.215522,7,Q83965,742865,kocaeli
TUR-3011,TR-42,True,TR,Turkey,Konya,Konya,Konya,Konya,,Province,0,1,38.04,32.469,natural-earth,40237.213,31.254351,36.673395,34.51224,39.222102,7,Q81551,306569,konya
TUR-2276,TR-43,True,TR,Turkey,Kütahya,Kütahya,Kütahya,Kütahya,,Province,0,1,39.3471,29.5498,natural-earth,12051.878,28.657817,38.706862,30.441791,39.923481,7,Q126874,305267,kutahya
TUR-2284,TR-44,True,TR,Turkey,Malatya,Malatya,Malatya,Malatya,,Province,0,1,38.5144,38.1872,natural-earth,11822.89,37.225873,37.820482,39.148546,39.150272,7,Q131384,304919,malatya
TUR-2277,TR-45,True,TR,Turkey,Manisa,Manisa,Manisa,Manisa,,Province,0,1,38.7115,28.1324,natural-earth,12922.538,27.228447,38.103824,29.036295,39.411341,7,Q130553,304825,manisa
TUR-3041,TR-47,True,TR,Turkey,Mardin,Mardin,Mardin,Mardin,,Province,0,1,37.4282,40.9525,natural-earth,10091.031,39.999967,36.922785,41.904967,37.765731,7,Q131293,304794,mardin
TUR-2285,TR-33,True,TR,Turkey,Mersin,Mersin,Mersin,Mersin,,Province,0,1,36.6614,33.8268,natural-earth,15287.32,32.571788,36.027167,35.081714,37.401387,6,Q132637,311728,mersin
TUR-2278,TR-48,True,TR,Turkey,Mugla,Muğla,Muğla,Muğla,,Province,0,1,37.0501,28.6482,natural-earth,12851.988,27.22877,36.293579,29.688865,37.577448,7,Q123934,304183,mugla
TUR-2310,TR-49,True,TR,Turkey,Mus,Muş,Muş,Muş,,Province,0,1,38.9124,41.9034,natural-earth,7744.928,41.16434,38.534599,42.642493,39.491388,7,Q131387,304041,mus
TUR-2288,TR-50,True,TR,Turkey,Nevsehir,Nevşehir,Nevşehir,Nevşehir,,Province,0,1,38.7415,34.6408,natural-earth,5292.437,34.206212,38.348409,35.07541,39.404443,7,Q430693,303830,nevsehir
TUR-3020,TR-51,True,TR,Turkey,Nigde,Niğde,Niğde,Niğde,,Province,0,1,37.8966,34.7093,natural-earth,6650.763,34.159807,37.351984,35.258861,38.404219,7,Q155219,303826,nigde
TUR-2293,TR-52,True,TR,Turkey,Ordu,Ordu,Ordu,Ordu,,Province,0,1,40.8376,37.4229,natural-earth,5860.074,36.687508,40.33188,38.158322,41.147854,7,Q483180,741098,ordu
TUR-4842,TR-80,True,TR,Turkey,Osmaniye,Osmaniye,Osmaniye,Osmaniye,,Province,0,1,37.1737,36.3011,natural-earth,2909.341,35.939583,36.955574,36.721201,37.66951,7,Q281206,443183,osmaniye
TUR-2301,TR-53,True,TR,Turkey,Rize,Rize,Rize,Rize,,Province,0,1,40.9466,40.8691,natural-earth,3773.341,40.352287,40.542125,41.385826,41.301259,7,Q483481,740481,rize
TUR-2267,TR-54,True,TR,Turkey,Sakarya,Sakarya,Sakarya,Sakarya,,Province,0,1,40.6596,30.4439,natural-earth,4251.319,29.926163,40.331492,30.961656,41.170565,7,Q83069,740352,sakarya
TUR-2296,TR-55,True,TR,Turkey,Samsun,Samsun,Samsun,Samsun,,Province,0,1,41.2761,36.0198,natural-earth,9456.19,34.888031,40.847378,37.151742,41.736274,7,Q483040,740263,samsun
TUR-3017,TR-63,True,TR,Turkey,Sanliurfa,Şanlıurfa,Şanlıurfa,Sanliurfa,,Province,0,1,37.3189,39.0508,natural-earth,19926.234,37.840616,36.659521,40.261409,38.043053,7,Q388469,298332,sanliurfa
TUR-3043,TR-56,True,TR,Turkey,Siirt,Siirt,Siirt,Siirt,,Province,0,1,37.9159,42.2212,natural-earth,6461.911,41.413111,37.625972,43.029343,38.22715,7,Q482825,300821,siirt
TUR-2294,TR-57,True,TR,Turkey,Sinop,Sinop,Sinop,Sinope,,Province,0,1,41.5894,34.8226,natural-earth,6215.819,34.140376,41.20162,35.504841,42.098782,7,Q134413,739598,sinop
TUR-3044,TR-73,True,TR,Turkey,Sirnak,Şırnak,Şırnak,Şırnak,,Province,0,1,37.4047,42.5455,natural-earth,6407.555,41.681828,37.109984,43.409268,37.766093,6,Q647378,443189,sirnak
TUR-2295,TR-58,True,TR,Turkey,Sivas,Sivas,Sivas,Sivas,,Province,0,1,39.429,37.2907,natural-earth,28089.507,35.81986,38.588084,38.761593,40.523547,7,Q483100,300617,sivas
TUR-2242,TR-59,True,TR,Turkey,Tekirdag,Tekirdağ,Tekirdağ,Tekirdağ,,Province,0,1,41.0824,27.4547,natural-earth,6984.697,26.716333,40.56102,28.193039,41.492196,7,Q129387,738926,tekirdag
TUR-2297,TR-60,True,TR,Turkey,Tokat,Tokat,Tokat,Tokat,,Province,0,1,40.4442,36.5724,natural-earth,9402.233,35.509802,39.923713,37.634943,40.910061,7,Q483195,738742,tokat
TUR-2302,TR-61,True,TR,Turkey,Trabzon,Trabzon,Trabzon,Trabzon,,Province,0,1,40.7988,39.8034,natural-earth,5000.265,39.117437,40.510422,40.489446,41.112494,7,Q388995,738647,trabzon
TUR-3045,TR-62,True,TR,Turkey,Tunceli,Tunceli,Tunceli,Tunceli,,Province,0,1,39.1519,39.6357,natural-earth,7895.649,38.716738,38.763267,40.554765,39.584354,7,Q620742,298845,tunceli
TUR-3014,TR-64,True,TR,Turkey,Usak,Uşak,Uşak,Uşak,,Province,0,1,38.4942,29.3636,natural-earth,4444.58,28.838478,38.212164,29.88875,38.885095,7,Q483078,298298,usak
TUR-3048,TR-65,True,TR,Turkey,Van,Van,Van,Van,,Province,0,1,38.5212,43.5684,natural-earth,19458.952,42.678047,37.727258,44.459177,39.409869,7,Q80550,298113,van
TUR-5518,TR-77,True,TR,Turkey,Yalova,Yalova,Yalova,Yalova,,Province,0,1,40.6154,29.2036,natural-earth,686.892,28.774181,40.461371,29.429346,40.707831,7,Q483083,862469,yalova
TUR-3026,TR-66,True,TR,Turkey,Yozgat,Yozgat,Yozgat,Yozgat,,Province,0,1,39.5476,35.1328,natural-earth,13751.904,34.052526,39.013304,36.213015,40.23403,7,Q75445,296560,yozgat
TUR-3010,TR-67,True,TR,Turkey,Zinguldak,Zonguldak,Zonguldak,Zonguldak,,Province,0,1,41.2481,31.8206,natural-earth,3259.97,31.346419,41.019229,32.307241,41.599433,7,Q219956,737021,zinguldak
TUR-2239,TR-17,True,TR,Turkey,Çanakkale,Çanakkale,Çanakkale,Çanakkale,,Province,0,1,40.0553,26.8233,natural-earth,9577.69,25.663259,39.459174,27.576643,40.725835,7,Q47813,749778,canakkale
TUR-3009,TR-18,True,TR,Turkey,Çankiri,Çankırı,Çankırı,Çankırı,,Province,0,1,40.7087,33.2142,natural-earth,7671.557,32.507091,40.265501,34.150195,41.103719,7,Q272662,749747,cankiri
TUR-2291,TR-19,True,TR,Turkey,Çorum,Çorum,Çorum,Çorum,,Province,0,1,40.6149,34.711,natural-earth,12503.733,33.96416,39.907616,35.457919,41.310812,7,Q272947,748877,corum
TTO-53,TT-ARI,True,TT,Trinidad and Tobago,Arima,Arima,Arima,Arima,,City,0,1,10.6284,-61.2804,natural-earth,10.075,-61.295555,10.607363,-61.265221,10.653975,9,Q661405,3575052,arima
TTO-63,TT-CHA,True,TT,Trinidad and Tobago,Chaguanas,Chaguanas,Chaguanas,Chaguanas,,City,0,1,10.5359,-61.4134,natural-earth,58.59,-61.462295,10.503132,-61.364492,10.56628,9,Q1444575,7521937,chaguanas
TTO-58,TT-CTT,True,TT,Trinidad and Tobago,Couva-Tabaquite-Talparo,Couva-Tabaquite-Talparo,Couva-Tabaquite-Talparo,Couva-Tabaquite-Talparo,,Region,0,1,10.4519,-61.3425,natural-earth,721.664,-61.487945,10.307123,-61.197138,10.591447,9,Q2679127,7521938,couva-tabaquite-talparo
TTO-51,TT-DMN,True,TT,Trinidad and Tobago,Diego Martin,Diego Martin Regional Corporation,Diego Martin,Diego Martin,,Region,0,1,10.7128,-61.5778,natural-earth,127.0,-61.667592,10.667059,-61.487998,10.75495,9,Q2679107,7521939,diego-martin
TTO-50,TT-ETO,True,TT,Trinidad and Tobago,Eastern Tobago,Tobago,Tobago,Tobago,,Region,0,1,11.2899,-60.6001,natural-earth,151.358,-60.704242,11.204169,-60.522084,11.35106,9,Q185111,7521940,eastern-tobago
TTO-59,TT-PED,True,TT,Trinidad and Tobago,Penal-Debe,Penal-Debe Regional Corporation,Penal-Debe,Penal-Debe,,Region,0,1,10.1459,-61.4269,natural-earth,240.001,-61.520787,10.069322,-61.372837,10.259064,9,Q2056273,7521941,penal-debe
TTO-60,TT-PTF,True,TT,Trinidad and Tobago,Point Fortin,Point Fortin,Point Fortin,Point Fortin,,City,0,1,10.1669,-61.6685,natural-earth,27.014,-61.707387,10.142379,-61.629566,10.210069,9,Q786957,7521943,point-fortin
TTO-64,TT-POS,True,TT,Trinidad and Tobago,Port of Spain,Port of Spain,Port-d'Espagne,Puerto España,,City,0,1,10.6647,-61.5204,natural-earth,14.583,-61.549085,10.635641,-61.491616,10.678005,9,Q39178,3573891,port-of-spain
TTO-57,TT-PRT,True,TT,Trinidad and Tobago,Princes Town,Princes Town,Princes Town,Princes Town,,Region,0,1,10.2039,-61.3096,natural-earth,588.78,-61.44149,10.069322,-61.177659,10.333065,9,Q2228167,7521942,princes-town
TTO-55,TT-RCM,True,TT,Trinidad and Tobago,Rio Claro-Mayaro,Mayaro-Rio Claro,Rio Claro-Mayaro,Río Claro-Mayaro,,Region,0,1,10.2814,-61.1024,natural-earth,883.951,-61.243569,10.07518,-60.961293,10.469542,9,Q2487249,3574155,rio-claro-mayaro
TTO-62,TT-SFO,True,TT,Trinidad and Tobago,San Fernando,San Fernando,San Fernando,San Fernando,,City,0,1,10.2772,-61.4589,natural-earth,20.68,-61.489913,10.248005,-61.427847,10.310017,9,Q1023712,3573739,san-fernando
TTO-56,TT-SJL,True,TT,Trinidad and Tobago,San Juan-Laventille,San Juan–Laventille,San Juan-Laventille,San Juan-Laventille,,Region,0,1,10.613,-61.4498,natural-earth,215.313,-61.511408,10.538117,-61.333744,10.804107,9,Q979608,7521946,san-juan-laventille
TTO-54,TT-SGE,True,TT,Trinidad and Tobago,Sangre Grande,Sangre Grande Regional Corporation,Sangre Grande,Sangre Grande,,Region,0,1,10.6838,-61.1277,natural-earth,902.508,-61.239538,10.456365,-60.907297,10.845282,9,Q290292,7521944,sangre-grande
TTO-52,TT-SIP,True,TT,Trinidad and Tobago,Siparia,Siparia Regional Corporation,Siparia,Siparia,,Region,0,1,10.118,-61.6987,natural-earth,519.318,-61.9287,10.04206,-61.468801,10.247504,9,Q2679119,7521945,siparia
TTO-61,TT-TUP,True,TT,Trinidad and Tobago,Tunapuna/Piarco,Tunapuna-Piarco Regional Corporation,Tunapuna-Piarco,Tunapuna-Piarco,,Region,0,1,10.6903,-61.3254,natural-earth,522.194,-61.428545,10.565505,-61.156959,10.804389,9,Q1899163,7521947,tunapuna-piarco
TTO-5090,TT-WTO,True,TT,Trinidad and Tobago,Western Tobago,Tobago,Tobago,Tobago,,Region,0,1,11.1959,-60.7709,natural-earth,140.629,-60.847524,11.143256,-60.646999,11.307976,9,Q185111,3573606,western-tobago
TUV+00?,TV-X01,False,TV,Tuvalu,Tuvalu,Tuvalu,Tuvalu,Tuvalu,,,0,1,-9.39381,179.903,natural-earth,23.116,176.125255,-9.420668,179.906749,-5.677504,20,,0,tuvalu
TWN-1169,TW-CHA,True,TW,Taiwan,Changhua,Changhua,Changhua,Changhua,,County,0,1,24.0016,120.464,natural-earth,1192.462,120.243934,23.772477,120.684138,24.207095,9,Q133865,1679134,changhua
TWN-1170,TW-CYQ,True,TW,Taiwan,Chiayi,Chiayi,Chiayi,del Chiayai,,County,0,1,23.4465,120.26,natural-earth,1981.322,120.007656,23.225198,120.962157,23.640056,9,Q166977,1678835,chiayi
TWN-1171,TW-CYI,True,TW,Taiwan,Chiayi City,Chiayi,Chiayi,Chiayi,,Provincial City,0,1,23.4822,120.441,natural-earth,77.036,120.373562,23.445339,120.508955,23.517273,9,Q249995,1678834,chiayi-city
TWN-1162,TW-HSQ,True,TW,Taiwan,Hsinchu,Hsinchu,Hsinchu,Hsinchu,,County,0,1,24.6748,121.163,natural-earth,1383.476,120.914643,24.433315,121.412259,24.951768,9,Q74054,1675107,hsinchu
TWN-1161,TW-HSZ,True,TW,Taiwan,Hsinchu City,Hsinchu,Hsinchu,Hsinchu,,Provincial City,0,1,24.7757,120.959,natural-earth,154.243,120.872709,24.710378,121.045925,24.85342,9,Q249994,1675103,hsinchu-city
TWN-1172,TW-HUA,True,TW,Taiwan,Hualien,Hualien,Hualien,Hualien,,County,0,1,23.7743,121.381,natural-earth,4512.005,120.988719,23.106342,121.772716,24.37275,9,Q249868,1674502,hualien
TWN-1156,TW-KHH,True,TW,Taiwan,Kaohsiung City,Kaohsiung,Kaohsiung,Kaohsiung,,Special Municipality,0,1,23.0157,120.609,natural-earth,3029.405,120.167491,22.482887,121.049594,23.475389,9,Q181557,6724652,kaohsiung-city
TWN-1164,TW-KEE,True,TW,Taiwan,Keelung City,Keelung,Chilung,Keelung,,Provincial City,0,1,25.1131,121.704,natural-earth,107.982,121.633124,25.057644,121.774821,25.169472,9,Q249996,6724654,keelung-city
TWN-3415,TW-KIN,True,TW,Taiwan,Kinmen,Kinmen,Jinmen,Kinmen,,County,0,1,24.454,118.368,natural-earth,154.377,118.279552,24.390544,118.467355,24.527968,9,Q249870,1676511,kinmen
TWN-1165,TW-MIA,True,TW,Taiwan,Miaoli,Miaoli,Miaoli,Miaoli,,County,0,1,24.5253,120.942,natural-earth,1869.167,120.62133,24.292006,121.262552,24.747757,9,Q63706,1671968,miaoli
TWN-1173,TW-NAN,True,TW,Taiwan,Nantou,Nantou,Nantou,del Nantou,,County,0,1,23.7977,120.988,natural-earth,4163.313,120.62657,23.436683,121.349627,24.243482,9,Q82357,1671564,nantou
TWN-1167,TW-TPQ,True,TW,Taiwan,New Taipei City,New Taipei,Nouveau Taipei,Nuevo Taipéi,,Special Municipality,0,1,24.911,121.646,natural-earth,1941.186,121.287414,24.681078,122.005382,25.287421,9,Q244898,1665148,new-taipei-city
TWN-3414,TW-PEN,True,TW,Taiwan,Penghu,Penghu,Penghu,Islas Pescadores,,County,0,1,23.5724,119.597,natural-earth,102.876,119.442393,23.516588,119.670665,23.679185,9,Q198525,1670651,penghu
TWN-1158,TW-PIF,True,TW,Taiwan,Pingtung,Pingtung,Pingtung,Pingtung,,County,0,1,22.5344,120.661,natural-earth,2853.328,120.411864,21.904608,120.910584,22.887647,9,Q194989,1670479,pingtung
TWN-1174,TW-TXG,True,TW,Taiwan,Taichung City,Taichung City,Taichung,Ciudad de Taichung,,Special Municipality,0,1,24.238,120.966,natural-earth,2228.812,120.475388,24.010757,121.4567,24.455984,9,,1668392,taichung-city
TWN-1160,TW-TNN,True,TW,Taiwan,Tainan City,Tainan,Tainan,Tainan,,Special Municipality,0,1,23.0464,120.182,natural-earth,2206.818,120.052419,22.896122,120.653442,23.41392,9,Q140631,1668354,tainan-city
TWN-1166,TW-TPE,True,TW,Taiwan,Taipei City,Taipei,Taipei,Taipéi,,Special Municipality,0,1,25.0904,121.559,natural-earth,288.607,121.462178,24.970621,121.655241,25.205852,9,Q1867,1668338,taipei-city
TWN-1177,TW-TTT,True,TW,Taiwan,Taitung,Taitung,Taitung,del Taitung,,County,0,1,22.0499,121.54,natural-earth,3396.367,120.749147,22.007758,121.588878,23.438725,9,Q249904,1668292,taitung
TWN-1168,TW-TAO,True,TW,Taiwan,Taoyuan,Taoyuan,Taoyuan,Taoyuan,,County,0,1,24.961,121.227,natural-earth,1282.949,120.97169,24.59545,121.483314,25.123679,9,Q115256,1667900,taoyuan
TWN-1163,TW-ILA,True,TW,Taiwan,Yilan,Yilan,Yilan,Yilan,,County,0,1,24.5913,121.644,natural-earth,2079.868,121.316451,24.325804,121.972333,24.997441,9,Q237258,1674197,yilan
TWN-1176,TW-YUN,True,TW,Taiwan,Yunlin,Yunlin,Yunlin,Yunlin,,County,0,1,23.7253,120.427,natural-earth,1275.85,120.124262,23.508178,120.740672,23.838454,9,Q153221,1665194,yunlin
TZA-3391,TZ-01,True,TZ,United Republic of Tanzania,Arusha,Arusha,Arusha,Arusha,,Region,0,1,-3.02634,36.0865,natural-earth,38783.91,34.749435,-4.129454,37.424212,-1.706823,7,Q329261,161322,arusha
TZA-3378,TZ-02,True,TZ,United Republic of Tanzania,Dar-Es-Salaam,Dar es Salaam,Dar es Salaam,Dar es-Salam,,Region,0,1,-6.89289,39.2857,natural-earth,1646.148,39.017805,-7.181736,39.553722,-6.561944,9,Q557539,160260,dar-es-salaam
TZA-3385,TZ-03,True,TZ,United Republic of Tanzania,Dodoma,Dodoma,Dodoma,Dodoma,,Region,0,1,-5.73233,35.9608,natural-earth,42488.029,35.06001,-7.370403,36.861657,-4.184809,7,Q213268,160192,dodoma
TZA-5586,TZ-27,True,TZ,United Republic of Tanzania,Geita,Geita,Geita,Geita,,Region,0,1,-3.09999,31.6968,natural-earth,23858.05,30.874922,-4.356323,32.596734,-2.148034,5,Q1848521,,geita
TZA-3386,TZ-04,True,TZ,United Republic of Tanzania,Iringa,Iringa,Iringa,Iringa,,Region,0,1,-7.83931,35.5453,natural-earth,38767.762,33.84179,-9.032678,36.968317,-6.889657,6,Q309352,159067,iringa
TZA-3360,TZ-05,True,TZ,United Republic of Tanzania,Kagera,Kagera,Kagera,Kagera,,Region,0,1,-1.77904,31.2578,natural-earth,30101.767,30.412128,-2.99346,32.722268,-0.98583,5,Q309190,148679,kagera
TZA-3380,TZ-06,True,TZ,United Republic of Tanzania,Kaskazini-Pemba,North Pemba,Pemba Nord,Pemba North,,Region,0,1,-5.05108,39.777,natural-earth,455.522,39.675792,-5.201646,39.878184,-4.890313,5,Q498073,150733,kaskazini-pemba
TZA-3383,TZ-07,True,TZ,United Republic of Tanzania,Kaskazini-Unguja,Unguja North,Unguja Nord,Zanzibar North,,Region,0,1,-5.84474,39.2294,natural-earth,456.518,39.186209,-6.033947,39.390675,-5.718438,5,Q147116,148725,kaskazini-unguja
TZA-5584,TZ-28,True,TZ,United Republic of Tanzania,Katavi,Katavi,Katavi,Katavi,,Region,0,1,-6.4277,31.3404,natural-earth,47814.755,29.969113,-7.789085,32.737051,-5.188417,5,Q2682731,,katavi
TZA-3363,TZ-08,True,TZ,United Republic of Tanzania,Kigoma,Kigoma,Kigoma,Kigoma,,Region,0,1,-4.41836,30.4057,natural-earth,47680.597,29.321032,-6.80304,31.490926,-2.838689,7,Q747943,157732,kigoma
TZA-3393,TZ-09,True,TZ,United Republic of Tanzania,Kilimanjaro,Kilimanjaro,Kilimandjaro,Kilimanjaro,,Region,0,1,-4.01115,37.6511,natural-earth,13122.873,36.886152,-4.63858,38.416175,-2.855174,5,Q328922,157449,kilimanjaro
TZA-3381,TZ-10,True,TZ,United Republic of Tanzania,Kusini-Pemba,South Pemba,Pemba Sud,Pemba South,,Region,0,1,-5.34982,39.7495,natural-earth,471.926,39.569029,-5.477752,39.855968,-5.156998,5,Q498067,150732,kusini-pemba
TZA-3387,TZ-12,True,TZ,United Republic of Tanzania,Lindi,Lindi,Lindi,Lindi,,Region,0,1,-9.44338,38.4234,natural-earth,66690.577,36.870442,-10.817014,39.976404,-7.943391,6,Q309339,155946,lindi
TZA-3392,TZ-26,True,TZ,United Republic of Tanzania,Manyara,Manyara,Manyara,Manyara,,Region,0,1,-4.88783,36.4591,natural-earth,45348.776,34.869221,-6.002114,38.049078,-3.450693,5,Q331117,435764,manyara
TZA-3394,TZ-13,True,TZ,United Republic of Tanzania,Mara,Mara,Mara,Mara,,Region,0,1,-1.58906,34.0227,natural-earth,28680.065,32.703875,-2.49132,35.34144,-1.002057,5,Q458406,154775,mara
TZA-3335,TZ-14,True,TZ,United Republic of Tanzania,Mbeya,Mbeya,Mbeya,Mbeya,,Region,0,1,-8.29695,33.5281,natural-earth,58795.58,31.992601,-9.717959,35.063524,-6.866919,6,Q458382,154375,mbeya
TZA-3379,TZ-16,True,TZ,United Republic of Tanzania,Morogoro,Morogoro,Morogoro,Morogoro,,Region,0,1,-8.69673,36.922,natural-earth,69060.889,35.328418,-9.960994,38.515613,-5.789362,6,Q458388,153214,morogoro
TZA-3388,TZ-17,True,TZ,United Republic of Tanzania,Mtwara,Mtwara,Mtwara,Mtwara,,Region,0,1,-10.814,39.2212,natural-earth,17823.808,37.992958,-11.413462,40.449392,-10.130141,7,Q499465,877744,mtwara
TZA-3357,TZ-18,True,TZ,United Republic of Tanzania,Mwanza,Mwanza,Mwanza,Mwanza,,Region,0,1,-2.67284,32.6685,natural-earth,26922.346,31.877155,-3.447903,33.787323,-1.468799,7,Q331153,152219,mwanza
TZA-5587,TZ-29,True,TZ,United Republic of Tanzania,Njombe,Njombe,Njombe,Njombe,,Region,0,1,-9.39902,34.8871,natural-earth,22010.027,33.795901,-10.537289,35.696974,-8.605159,6,Q2086273,,njombe
TZA-3382,TZ-19,True,TZ,United Republic of Tanzania,Pwani,Pwani,Pwani,Pwani,,Region,0,1,-7.86726,39.7491,natural-earth,31769.446,37.801238,-8.496794,39.910981,-5.852407,5,Q458412,150602,pwani
TZA-3336,TZ-20,True,TZ,United Republic of Tanzania,Rukwa,Rukwa,Rukwa,Rukwa,,Region,0,1,-7.8958,31.3337,natural-earth,28342.238,30.29446,-9.0719,32.750074,-6.902119,5,Q153329,150442,rukwa
TZA-3389,TZ-21,True,TZ,United Republic of Tanzania,Ruvuma,Ruvuma,Ruvuma,Ruvuma,,Region,0,1,-10.7136,36.3365,natural-earth,64236.297,34.580088,-11.731272,38.093357,-9.188741,5,Q115318,877416,ruvuma
TZA-3358,TZ-22,True,TZ,United Republic of Tanzania,Shinyanga,Shinyanga,Shinyanga,Shinyanga,,Region,0,1,-3.65098,33.2015,natural-earth,20211.63,31.67691,-4.430169,34.412918,-3.197789,6,Q153339,150004,shinyanga
TZA-5585,TZ-30,True,TZ,United Republic of Tanzania,Simiyu,Simiyu,Simiyu,Simiyu,,Region,0,1,-2.96688,34.2172,natural-earth,24637.728,33.358099,-3.960895,35.216176,-2.085971,6,Q2787568,,simiyu
TZA-3390,TZ-23,True,TZ,United Republic of Tanzania,Singida,Singida,Singida,Singida,,Region,0,1,-5.59564,34.4149,natural-earth,49152.273,33.484913,-7.499025,35.344954,-3.801835,7,Q153326,149876,singida
TZA-3359,TZ-24,True,TZ,United Republic of Tanzania,Tabora,Tabora,Tabora,Tabora,,Region,0,1,-6.82145,32.6595,natural-earth,77001.626,31.030282,-7.105302,34.288791,-3.879608,6,Q153335,149653,tabora
TZA-3395,TZ-25,True,TZ,United Republic of Tanzania,Tanga,Tanga,Tanga,Tanga,,Region,0,1,-5.18525,38.1412,natural-earth,28098.741,37.060715,-6.110945,39.221528,-4.119981,7,Q389737,149595,tanga
TZA-3337,TZ-11,True,TZ,United Republic of Tanzania,Zanzibar South and Central,Unguja South,Unguja Sud et Central,Zanzibar Central/South,,Region,0,1,-6.2741,39.4241,natural-earth,876.899,39.27412,-6.462823,39.574067,-6.000413,5,Q643120,148728,zanzibar-south-and-central
TZA-3384,TZ-15,True,TZ,United Republic of Tanzania,Zanzibar West,Mjini Magharibi,Unguja Ville et Ouest,Zanzibar Urban/West,,Region,0,1,-6.1537,39.2425,natural-earth,249.134,39.177013,-6.312188,39.308116,-6.030691,5,Q180822,148724,zanzibar-west
UKR-319,UA-71,True,UA,Ukraine,Cherkasy,Cherkasy,Tcherkassy,Cherkasy,,Region,0,1,49.1506,31.2241,natural-earth,21199.856,29.592799,48.453322,32.855442,50.251455,7,Q161808,710802,cherkasy
UKR-285,UA-74,True,UA,Ukraine,Chernihiv,Chernihiv,Tchernihiv,Chernihiv,,Region,0,1,51.2597,32.0287,natural-earth,31654.494,30.508143,50.343077,33.48698,52.368949,7,Q167874,710734,chernihiv
UKR-288,UA-77,True,UA,Ukraine,Chernivtsi,Chernivtsi,Tchernivtsi,Chernivtsi,,Region,0,1,48.2892,26.2156,natural-earth,8129.677,24.927554,47.713938,27.50383,48.678114,7,Q168856,710720,chernivtsi
UKR-326,UA-12,True,UA,Ukraine,Dnipropetrovs'k,Dnipropetrovsk,Dnipropetrovsk,Dnipropetrovsk,,Region,0,1,48.6313,34.9555,natural-earth,31721.148,32.983755,47.473898,36.927183,49.183045,7,Q170672,709929,dnipropetrovs-k
UKR-327,UA-14,True,UA,Ukraine,Donets'k,Donetsk,Donetsk,Donetsk,,Region,0,1,48.145,37.7933,natural-earth,26521.005,36.531135,46.875556,39.055529,49.23175,7,Q2012050,709716,donets-k
UKR-289,UA-26,True,UA,Ukraine,Ivano-Frankivs'k,Ivano-Frankivsk,d'Ivano-Frankivsk,Ivano-Frankivsk,,Region,0,1,48.665,24.6363,natural-earth,13862.516,23.532859,47.710061,25.64627,49.524678,7,Q178269,707470,ivano-frankivs-k
UKR-328,UA-63,True,UA,Ukraine,Kharkiv,Kharkiv,Kharkiv,Járkov,,Region,0,1,49.4655,36.4612,natural-earth,31285.854,34.841471,48.527038,38.080859,50.431858,7,Q170666,706482,kharkiv
UKR-4827,UA-65,True,UA,Ukraine,Kherson,Kherson,Kherson,Jersón,,Oblast',0,1,46.6964,33.5787,natural-earth,26109.031,31.504405,45.717322,35.279541,47.582858,5,Q163271,706442,kherson
UKR-290,UA-68,True,UA,Ukraine,Khmel'nyts'kyy,Khmelnytskyi,Khmelnitski,Jmelnitski,,Region,0,1,49.5537,27.0187,natural-earth,20391.071,26.148409,48.451591,27.888975,50.587145,7,Q171331,706370,khmel-nyts-kyy
UKR-321,UA-32,True,UA,Ukraine,Kiev,Kyiv,Kiev,Kiev,,Region,0,1,50.0894,31.0214,natural-earth,26929.602,29.270493,49.170642,32.139155,51.493137,7,Q1899,703446,kiev
UKR-4826,UA-30,True,UA,Ukraine,Kiev City,Kyiv,Kiev,Kiev,Kyïvs'ka mis'ka rada,Municipality,0,1,50.383,30.5277,natural-earth,1636.229,30.185994,50.014155,30.846046,50.668153,7,Q1899,703447,kiev-city
UKR-320,UA-35,True,UA,Ukraine,Kirovohrad,Kirovohrad,Kirovohrad,Kirovogrado,,Region,0,1,48.4261,31.8288,natural-earth,24411.087,29.738165,47.747525,33.91946,49.2618,7,Q180981,705811,kirovohrad
UKR-291,UA-46,True,UA,Ukraine,L'viv,Lviv,Lviv,Leópolis,,Region,0,1,49.8152,24.0372,natural-earth,21803.696,22.640922,48.723693,25.433879,50.64448,7,Q164193,702549,l-viv
UKR-329,UA-09,True,UA,Ukraine,Luhans'k,Luhansk,Lougansk,Lugansk,,Region,0,1,48.9084,39.0033,natural-earth,26227.46,37.847334,47.811527,40.159543,50.062785,7,Q171965,702657,luhans-k
UKR-284,UA-48,True,UA,Ukraine,Mykolayiv,Mykolaiv,Mykolaiv,Mykolaiv,,Region,0,1,47.0902,31.6498,natural-earth,23481.593,30.208988,46.429877,33.136613,48.220985,7,Q181633,700567,mykolayiv
UKR-322,UA-51,True,UA,Ukraine,Odessa,Odessa,Odessa,Odesa,,Region,0,1,46.0315,29.7568,natural-earth,33084.661,28.199498,45.213568,31.306803,48.222225,7,Q171852,698738,odessa
UKR-330,UA-53,True,UA,Ukraine,Poltava,Poltava,Poltava,Poltava,,Region,0,1,49.6978,33.7723,natural-earth,28284.573,32.069495,48.746276,35.475075,50.546605,7,Q169501,696634,poltava
UKR-286,UA-56,True,UA,Ukraine,Rivne,Rivne,Rivne,Rivne,,Region,0,1,51.048,26.3841,natural-earth,20219.584,25.063463,50.013123,27.705161,51.928511,7,Q174187,695592,rivne
UKR-325,UA-59,True,UA,Ukraine,Sumy,Sumy,Soumy,Sumy,,Region,0,1,50.8153,34.3159,natural-earth,23336.534,32.939519,50.107226,35.69221,52.360991,7,Q170446,692196,sumy
UKR-292,UA-61,True,UA,Ukraine,Ternopil',Ternopil,Ternopil,Ternópil,,Region,0,1,49.4739,25.5438,natural-earth,13938.349,24.70705,48.510114,26.38054,50.265253,7,Q173407,691649,ternopil
UKR-293,UA-21,True,UA,Ukraine,Transcarpathia,Zakarpattia,Transcarpatie,Zakarpatia,,Region,0,1,48.3634,23.3868,natural-earth,12933.623,22.13284,47.897026,24.641111,49.085532,5,Q170213,687869,transcarpathia
UKR-323,UA-05,True,UA,Ukraine,Vinnytsya,Vinnytsia,Vinnytsia,Vinnytsia,,Region,0,1,48.9623,28.7233,natural-earth,26583.071,27.370402,48.000502,30.076128,49.8814,7,Q166709,689559,vinnytsya
UKR-318,UA-07,True,UA,Ukraine,Volyn,Volyn,Volhynie,Volyn,,Region,0,1,51.1247,24.8444,natural-earth,19775.392,23.593319,50.294812,26.095803,51.94975,5,Q167859,689064,volyn
UKR-331,UA-23,True,UA,Ukraine,Zaporizhzhya,Zaporizhzhia,Zaporijjia,Zaporiyia,,Region,0,1,47.3346,35.7123,natural-earth,27006.115,34.203732,46.255145,37.220912,48.130189,7,Q171334,687699,zaporizhzhya
UKR-324,UA-18,True,UA,Ukraine,Zhytomyr,Zhytomyr,Jytomyr,Zhytomyr,,Region,0,1,50.6898,28.4643,natural-earth,29653.616,27.192273,49.582013,29.736304,51.651965,7,Q40637,686966,zhytomyr
UG-central,,False,UG,Uganda,Central,Central,,,,,24,1,0.042085,32.178036,polylabel,61832.75,31.000723,-1.002573,33.426415,1.677521,7,,,central
UG-eastern,,False,UG,Uganda,Eastern,Eastern,,,,,32,1,1.122504,33.67135,polylabel,39015.272,32.811362,-1.002573,34.810516,2.412876,7,,,eastern
UG-northern,,False,UG,Uganda,Northern,Northern,,,,,30,1,2.900034,32.86167,polylabel,85791.254,30.707665,1.371789,35.006473,4.219692,7,,,northern
UG-western,,False,UG,Uganda,Western,Western,,,,,26,1,-0.352792,30.36276,polylabel,56296.724,29.54846,-1.475206,32.365498,2.367168,7,,,western
UMI-5171,UM-81,True,UM,United States Minor Outlying Islands,Baker Island,Baker Island,île Baker,Isla Baker,,,0,1,0.194931,-176.479,natural-earth,0.718,-176.485829,0.190334,-176.459177,0.225898,20,Q46879,5854907,baker-island
UMI-5172,UM-84,True,UM,United States Minor Outlying Islands,Howland Island,Howland Island,île Howland,Isla Howland,,,0,1,0.80217,-176.638,natural-earth,0.481,-176.640492,0.790188,-176.636098,0.806952,20,Q131305,5854922,howland-island
UMI-5173,UM-86,True,UM,United States Minor Outlying Islands,Jarvis Island,Jarvis Island,île Jarvis,Isla Jarvis,,,0,1,-0.380268,-160.018,natural-earth,2.347,-160.029978,-0.388767,-160.008901,-0.372491,20,Q62218,5854926,jarvis-island
UMI-5174,UM-67,True,UM,United States Minor Outlying Islands,Johnston Atoll,Johnston Atoll,Atoll Johnston,Atolón Johnston,,,0,1,16.7273,-169.538,natural-earth,2.464,-169.549509,16.721015,-169.512766,16.7626,20,Q131008,5854929,johnston-atoll
UMI-5176,UM-71,True,UM,United States Minor Outlying Islands,Midway Islands,Midway Atoll,îles Midway,Islas Midway,,,0,1,28.206,-177.376,natural-earth,3.513,-177.389597,28.197659,-177.321156,28.215318,20,Q47863,5854943,midway-islands
UMI-5177,UM-76,True,UM,United States Minor Outlying Islands,Navassa Island,Navassa Island,île de la Navasse,Isla de Navaza,,,0,1,18.4043,-75.011,natural-earth,4.845,-75.030832,18.395006,-75.002634,18.417263,20,Q25359,4743755,navassa-island
UMI-5178,UM-95,True,UM,United States Minor Outlying Islands,Palmyra Atoll,Palmyra Atoll,atoll Palmyra,Atolón Palmyra,,,0,1,5.88359,-162.076,natural-earth,7.082,-162.103627,5.869371,-162.057607,5.890245,20,Q123076,5854952,palmyra-atoll
UMI-5179,UM-79,True,UM,United States Minor Outlying Islands,Wake Atoll,Wake Island,Wake,Isla Wake,,,0,1,19.2863,166.643,natural-earth,3.928,166.619395,19.27558,166.652354,19.305732,20,Q43296,4041685,wake-atoll
USA-3541,US-AL,True,US,United States of America,Alabama,Alabama,Alabama,Alabama,,State,0,1,32.8551,-86.7184,natural-earth,133908.676,-88.486151,30.223619,-84.897943,35.009745,0,Q173,4829764,alabama
USA-3563,US-AK,True,US,United States of America,Alaska,Alaska,Alaska,Alaska,,State,0,1,65.3609,-151.604,natural-earth,1495904.859,-179.143503,51.215399,179.780935,71.412502,0,Q797,5879092,alaska
USA-3520,US-AZ,True,US,United States of America,Arizona,Arizona,Arizona,Arizona,,State,0,1,34.3046,-111.935,natural-earth,295137.555,-114.822108,31.327185,-109.046625,37.003129,0,Q816,5551752,arizona
USA-3528,US-AR,True,US,United States of America,Arkansas,Arkansas,Arkansas,Arkansas,,State,0,1,34.7563,-92.1428,natural-earth,137553.111,-94.618329,33.010942,-89.667304,36.499833,0,Q1612,4099753,arkansas
USA-3521,US-CA,True,US,United States of America,California,California,Californie,California,,State,0,1,36.7496,-119.591,natural-earth,409565.389,-124.409202,32.531669,-114.119061,41.99954,0,Q99,5332921,california
USA-3522,US-CO,True,US,United States of America,Colorado,Colorado,Colorado,Colorado,,State,0,1,38.9998,-105.543,natural-earth,268979.617,-109.046625,36.999809,-102.039569,40.999833,0,Q1261,5417618,colorado
USA-3537,US-CT,True,US,United States of America,Connecticut,Connecticut,Connecticut,Connecticut,,State,0,1,41.6486,-72.7594,natural-earth,12686.301,-73.722968,41.001065,-71.795746,42.054545,0,Q779,4831725,connecticut
USA-3555,US-DE,True,US,United States of America,Delaware,Delaware,Delaware,Delaware,,State,0,1,38.8657,-75.4112,natural-earth,5167.383,-75.788644,38.453276,-75.043975,39.838627,0,Q1393,4142224,delaware
USA-3556,US-DC,True,US,United States of America,District of Columbia,Washington,Washington,Washington D. C.,,Federal District,0,1,38.8922,-77.0113,natural-earth,162.104,-77.119781,38.802768,-76.909315,38.996136,9,Q61,4138106,district-of-columbia
USA-3542,US-FL,True,US,United States of America,Florida,Florida,Floride,Florida,,State,0,1,28.1568,-81.6228,natural-earth,146923.352,-87.626923,24.542548,-80.032379,31.000102,0,Q812,4155751,florida
USA-3543,US-GA,True,US,United States of America,Georgia,Georgia,Géorgie,Georgia,,State,0,1,32.8547,-83.4078,natural-earth,152252.35,-85.605682,30.362699,-80.835683,35.000444,0,Q1428,4197000,georgia
USA-3517,US-HI,True,US,United States of America,Hawaii,Hawaii,Hawaï,Hawái,,State,0,1,21.4919,-157.999,natural-earth,16896.482,-178.304366,18.906117,-154.814064,28.401679,0,Q782,5855797,hawaii
USA-3518,US-ID,True,US,United States of America,Idaho,Idaho,Idaho,Idaho,,State,0,1,43.7825,-114.133,natural-earth,215806.932,-117.21535,41.99954,-111.050238,48.992515,0,Q1221,5596512,idaho
USA-3546,US-IL,True,US,United States of America,Illinois,Illinois,Illinois,Illinois,,State,0,1,39.946,-89.1991,natural-earth,149990.458,-91.518939,36.978324,-87.018818,42.511772,0,Q1204,4896861,illinois
USA-3547,US-IN,True,US,United States of America,Indiana,Indiana,Indiana,Indiana,,State,0,1,39.8874,-86.1396,natural-earth,94234.558,-88.111859,37.781938,-84.783954,41.759721,0,Q1415,4921868,indiana
USA-3529,US-IA,True,US,United States of America,Iowa,Iowa,Iowa,Iowa,,State,0,1,42.0423,-93.3891,natural-earth,145222.667,-96.637958,40.379521,-90.140277,43.500956,0,Q1546,4862182,iowa
USA-3530,US-KS,True,US,United States of America,Kansas,Kansas,Kansas,Kansas,,State,0,1,38.5,-98.3309,natural-earth,212674.622,-102.051263,36.999809,-94.610468,40.000102,0,Q1558,4273857,kansas
USA-3548,US-KY,True,US,United States of America,Kentucky,Kentucky,Kentucky,Kentucky,,State,0,1,37.3994,-85.5729,natural-earth,104526.172,-89.577948,36.498637,-81.965228,39.14622,0,Q1603,6254925,kentucky
USA-3535,US-LA,True,US,United States of America,Louisiana,Louisiana,Louisiane,Luisiana,,State,0,1,30.5274,-91.9991,natural-earth,119656.453,-94.043231,28.928371,-88.810943,33.014335,0,Q1588,4331987,louisiana
USA-3561,US-ME,True,US,United States of America,Maine,Maine,Maine,Maine,,State,0,1,45.148,-69.1973,natural-earth,84063.08,-71.084952,43.083808,-66.977325,47.459688,0,Q724,4971068,maine
USA-3557,US-MD,True,US,United States of America,Maryland,Maryland,Maryland,Maryland,,State,0,1,39.3874,-77.0454,natural-earth,25440.444,-79.487933,37.931138,-75.043975,39.721757,0,Q1391,4361885,maryland
USA-3513,US-MA,True,US,United States of America,Massachusetts,Massachusetts,Massachusetts,Massachusetts,,State,0,1,42.3739,-71.9993,natural-earth,21128.063,-73.507245,41.239257,-69.924672,42.886796,0,Q771,6254926,massachusetts
USA-3562,US-MI,True,US,United States of America,Michigan,Michigan,Michigan,Míchigan,,State,0,1,43.4343,-84.9479,natural-earth,249498.145,-90.412543,41.696806,-82.145446,48.305115,0,Q1166,5001836,michigan
USA-3514,US-MN,True,US,United States of America,Minnesota,Minnesota,Minnesota,Minnesota,,State,0,1,46.0592,-93.364,natural-earth,224212.383,-97.229218,43.500126,-89.498962,49.369494,0,Q1527,5037779,minnesota
USA-3544,US-MS,True,US,United States of America,Mississippi,Mississippi,Mississippi,Misisipi,,State,0,1,32.8657,-89.7189,natural-earth,123875.464,-91.657343,30.181545,-88.088153,35.000077,0,Q1494,4436296,mississippi
USA-3531,US-MO,True,US,United States of America,Missouri,Missouri,Missouri,Misuri,,State,0,1,38.5487,-92.446,natural-earth,180352.946,-95.773041,35.986186,-89.11889,40.618803,0,Q1581,4398678,missouri
USA-3515,US-MT,True,US,United States of America,Montana,Montana,Montana,Montana,,State,0,1,46.9965,-110.044,natural-earth,378470.661,-116.048944,44.376615,-104.038593,48.992618,0,Q1212,5667009,montana
USA-3532,US-NE,True,US,United States of America,Nebraska,Nebraska,Nebraska,Nebraska,,State,0,1,41.5002,-99.6855,natural-earth,200685.913,-104.053729,40.000102,-95.317255,43.00037,0,Q1553,5073708,nebraska
USA-3523,US-NV,True,US,United States of America,Nevada,Nevada,Nevada,Nevada,,State,0,1,39.4299,-117.02,natural-earth,286830.063,-120.000751,35.003569,-114.040204,42.000077,0,Q1227,5509151,nevada
USA-3538,US-NH,True,US,United States of America,New Hampshire,New Hampshire,New Hampshire,Nuevo Hampshire,,State,0,1,43.5993,-71.6301,natural-earth,24219.968,-72.556171,42.700859,-70.704213,45.304293,0,Q759,5090174,new-hampshire
USA-3558,US-NJ,True,US,United States of America,New Jersey,New Jersey,New Jersey,Nueva Jersey,,State,0,1,40.0449,-74.4653,natural-earth,19645.726,-75.558217,38.924384,-73.907135,41.356254,0,Q1408,5101760,new-jersey
USA-3524,US-NM,True,US,United States of America,New Mexico,New Mexico,Nouveau-Mexique,Nuevo México,,State,0,1,34.5002,-106.024,natural-earth,315139.433,-109.04743,31.327391,-103.000238,36.999809,0,Q1522,5481136,new-mexico
USA-3559,US-NY,True,US,United States of America,New York,New York,État de New York,Nueva York,,State,0,1,43.1988,-75.3242,natural-earth,136693.047,-79.763007,40.499435,-71.857411,45.010122,0,Q1384,5128638,new-york
USA-3549,US-NC,True,US,United States of America,North Carolina,North Carolina,Caroline du Nord,Carolina del Norte,,State,0,1,35.6152,-78.866,natural-earth,127655.093,-84.324628,33.847968,-75.451812,36.60955,0,Q1454,4482348,north-carolina
USA-3516,US-ND,True,US,United States of America,North Dakota,North Dakota,Dakota du Nord,Dakota del Norte,,State,0,1,47.4675,-100.302,natural-earth,182236.224,-104.047574,45.941752,-96.556342,48.99267,0,Q1207,5690763,north-dakota
USA-3550,US-OH,True,US,United States of America,Ohio,Ohio,Ohio,Ohio,,State,0,1,40.0924,-82.6719,natural-earth,115909.927,-84.823529,38.405522,-80.520233,42.323782,0,Q1397,5165418,ohio
USA-3533,US-OK,True,US,United States of America,Oklahoma,Oklahoma,Oklahoma,Oklahoma,,State,0,1,35.452,-97.1309,natural-earth,180626.748,-103.0008,33.647416,-94.439081,36.999809,0,Q1649,4544379,oklahoma
USA-3525,US-OR,True,US,United States of America,Oregon,Oregon,Oregon,Oregón,,State,0,1,43.8333,-120.386,natural-earth,251390.79,-124.566762,41.99954,-116.454999,46.255944,0,Q824,5744337,oregon
USA-3560,US-PA,True,US,United States of America,Pennsylvania,Pennsylvania,Pennsylvanie,Pensilvania,,State,0,1,40.8601,-77.6094,natural-earth,119205.653,-80.520233,39.721049,-74.698554,42.537705,0,Q1400,6254927,pennsylvania
USA-3539,US-RI,True,US,United States of America,Rhode Island,Rhode Island,Rhode Island,Rhode Island,,State,0,1,41.6242,-71.5082,natural-earth,2828.288,-71.877914,41.145779,-71.121897,42.01641,0,Q1387,5224323,rhode-island
USA-3545,US-SC,True,US,United States of America,South Carolina,South Carolina,Caroline du Sud,Carolina del Sur,,State,0,1,33.8578,-80.6471,natural-earth,80188.204,-83.355487,32.032475,-78.573158,35.218315,0,Q1456,4597040,south-carolina
USA-3534,US-SD,True,US,United States of America,South Dakota,South Dakota,Dakota du Sud,Dakota del Sur,,State,0,1,44.4711,-100.255,natural-earth,198887.322,-104.056659,42.518339,-96.453558,45.942021,0,Q1211,5769223,south-dakota
USA-3551,US-TN,True,US,United States of America,Tennessee,Tennessee,Tennessee,Tennessee,,State,0,1,35.7514,-86.3415,natural-earth,109285.622,-90.312665,34.983647,-81.658856,36.689701,0,Q1509,4662168,tennessee
USA-3536,US-TX,True,US,United States of America,Texas,Texas,Texas,Texas,,State,0,1,31.131,-98.7607,natural-earth,685903.498,-106.662177,25.843902,-93.514764,36.500199,0,Q1439,4736286,texas
USA-3526,US-UT,True,US,United States of America,Utah,Utah,Utah,Utah,,State,0,1,39.5007,-111.544,natural-earth,219564.701,-114.042548,36.999809,-109.046332,42.000077,0,Q829,5549030,utah
USA-3540,US-VT,True,US,United States of America,Vermont,Vermont,Vermont,Vermont,,State,0,1,44.0886,-72.7317,natural-earth,24587.21,-73.438544,42.729277,-71.505707,45.013731,0,Q16551,5242283,vermont
USA-3552,US-VA,True,US,United States of America,Virginia,Virginia,Virginie,Virginia,,State,0,1,37.7403,-78.2431,natural-earth,103674.036,-83.667474,36.539775,-75.243335,39.450834,0,Q1370,6254928,virginia
USA-3519,US-WA,True,US,United States of America,Washington,Washington,Washington,Washington,,State,0,1,47.4865,-120.361,natural-earth,173628.457,-124.734607,45.566313,-116.878827,48.992515,0,Q1223,5815135,washington
USA-3554,US-WV,True,US,United States of America,West Virginia,West Virginia,Virginie-Occidentale,Virginia Occidental,,State,0,1,38.6422,-80.7128,natural-earth,62688.517,-82.637372,37.204765,-77.734686,40.646781,0,Q1371,4826850,west-virginia
USA-3553,US-WI,True,US,United States of America,Wisconsin,Wisconsin,Wisconsin,Wisconsin,,State,0,1,44.3709,-89.5831,natural-earth,169033.84,-92.901727,42.491777,-86.250623,47.308061,0,Q1537,5279468,wisconsin
USA-3527,US-WY,True,US,United States of America,Wyoming,Wyoming,Wyoming,Wyoming,,State,0,1,42.9999,-107.552,natural-earth,253040.858,-111.051386,40.999833,-104.052362,45.000102,0,Q1214,5843591,wyoming
URY-6,UY-AR,True,UY,Uruguay,Artigas,Artigas,Artigas,Artigas,,Department,0,1,-30.5719,-56.9399,natural-earth,12194.601,-57.889769,-31.078723,-55.988955,-30.09687,7,Q16603,3443756,artigas
URY-17,UY-CA,True,UY,Uruguay,Canelones,Canelones,Canelones,Canelones,,Department,0,1,-34.5473,-55.9228,natural-earth,4571.611,-56.471922,-34.885804,-55.373764,-34.207731,7,Q16577,3443411,canelones
URY-12,UY-CL,True,UY,Uruguay,Cerro Largo,Cerro Largo,Cerro Largo,Cerro Largo,,Department,0,1,-32.2963,-54.2281,natural-earth,13818.989,-55.344808,-33.024961,-53.110836,-31.664237,6,Q16575,3443173,cerro-largo
URY-4,UY-CO,True,UY,Uruguay,Colonia,Colonia,Colonia,Colonia,,Department,0,1,-34.1954,-57.6787,natural-earth,6192.975,-58.415617,-34.475109,-56.94179,-33.77799,6,Q16580,3443025,colonia
URY-13,UY-DU,True,UY,Uruguay,Durazno,Durazno,Durazno,Durazno,,Department,0,1,-33.1016,-56.0945,natural-earth,12010.537,-57.179037,-33.497077,-55.00997,-32.427323,7,Q16591,3442720,durazno
URY-7,UY-FS,True,UY,Uruguay,Flores,Flores,Flores,Flores,,Department,0,1,-33.5902,-56.8849,natural-earth,5129.84,-57.347993,-33.988364,-56.42177,-33.123094,6,Q16578,3442587,flores
URY-18,UY-FD,True,UY,Uruguay,Florida,Florida,Florida,Florida,,Department,0,1,-33.835,-55.812,natural-earth,10428.905,-56.532978,-34.432988,-55.091076,-33.118237,7,Q16593,3442584,florida
URY-19,UY-LA,True,UY,Uruguay,Lavalleja,Lavalleja,Lavalleja,Lavalleja,,Department,0,1,-33.8788,-54.8724,natural-earth,10146.152,-55.619106,-34.621917,-54.125709,-33.336983,6,Q460435,3442007,lavalleja
URY-20,UY-MA,True,UY,Uruguay,Maldonado,Maldonado,Maldonado,Maldonado,,Department,0,1,-34.6885,-54.9671,natural-earth,4814.551,-55.473275,-34.973403,-54.460882,-33.926043,7,Q331196,3441890,maldonado
URY-21,UY-MO,True,UY,Uruguay,Montevideo,Montevideo,Montevideo,Montevideo,,Department,0,1,-34.8267,-56.2283,natural-earth,539.826,-56.420766,-34.941188,-56.035876,-34.713436,9,Q1335,3441572,montevideo
URY-8,UY-PA,True,UY,Uruguay,Paysandú,Paysandú,Paysandú,Paysandú,,Department,0,1,-32.0933,-57.224,natural-earth,14065.588,-58.202618,-32.614288,-56.244856,-31.47043,6,Q16576,3441242,paysandu
URY-14,UY-RV,True,UY,Uruguay,Rivera,Rivera,Rivera,Rivera,,Department,0,1,-31.4683,-55.3279,natural-earth,9378.907,-56.188219,-32.122845,-54.467221,-30.843388,7,Q16609,3440780,rivera
URY-22,UY-RO,True,UY,Uruguay,Rocha,Rocha,Rocha,Rocha,,Department,0,1,-33.9106,-53.9584,natural-earth,10833.481,-54.538164,-34.806899,-53.379095,-33.124979,7,Q16582,3440771,rocha
URY-9,UY-RN,True,UY,Uruguay,Río Negro,Río Negro,Río Negro,Río Negro,,Department,0,1,-32.7441,-57.4891,natural-earth,9492.052,-58.418935,-33.424446,-56.559359,-32.363399,6,Q16596,3440789,rio-negro
URY-10,UY-SA,True,UY,Uruguay,Salto,Salto,Salto,Salto,,Department,0,1,-31.4398,-57.0428,natural-earth,14321.482,-58.075236,-31.871336,-56.009874,-30.752231,7,Q16595,3440711,salto
URY-5,UY-SJ,True,UY,Uruguay,San José,San José,San José,San José,,Department,0,1,-34.3117,-56.7651,natural-earth,4915.326,-57.167478,-34.793535,-56.354229,-33.849716,6,Q16579,3440645,san-jose
URY-11,UY-SO,True,UY,Uruguay,Soriano,Soriano,Soriano,Soriano,,Department,0,1,-33.4821,-57.7585,natural-earth,9032.215,-58.439361,-33.962991,-57.077725,-33.021395,6,Q16584,3440054,soriano
URY-15,UY-TA,True,UY,Uruguay,Tacuarembó,Tacuarembó,Tacuarembó,Tacuarembó,,Department,0,1,-32.1061,-55.6607,natural-earth,15956.9,-56.666794,-32.861095,-54.654514,-31.256076,6,Q16587,3440033,tacuarembo
URY-16,UY-TT,True,UY,Uruguay,Treinta y Tres,Treinta y Tres,Treinta y Tres,Treinta y Tres,,Department,0,1,-33.1021,-54.1659,natural-earth,9595.598,-55.148385,-33.465347,-53.182836,-32.705084,7,Q16610,3439780,treinta-y-tres
UZB-363,UZ-AN,True,UZ,Uzbekistan,Andijon,Andijan,Andijan,Andillán,,Region,0,1,40.4491,72.3651,natural-earth,4303.981,71.581812,40.38565,73.148641,41.072843,7,Q487384,1484846,andijon
UZB-354,UZ-BU,True,UZ,Uzbekistan,Bukhoro,Bukhara,Boukhara,Bujara,,Region,0,1,39.946,63.7729,natural-earth,40129.78,62.18037,38.940374,65.365447,41.493282,7,Q487372,1114929,bukhoro
UZB-364,UZ-FA,True,UZ,Uzbekistan,Ferghana,Fergana,Ferghana,Fergana,,Region,0,1,39.9347,71.7275,natural-earth,7277.92,70.353824,39.874466,72.228328,40.774747,4,Q487089,1484845,ferghana
UZB-370,UZ-JI,True,UZ,Uzbekistan,Jizzakh,Jizzakh,Djizak,Djizaks,,Region,0,1,40.3905,67.6556,natural-earth,20849.313,66.61426,39.484413,68.696545,41.20038,4,Q488811,1484844,jizzakh
UZB-356,UZ-QR,True,UZ,Uzbekistan,Karakalpakstan,Karakalpakstan,Karakalpakistan,Karakalpakia,,Automonous Region,0,1,43.8529,59.2233,natural-earth,164992.088,55.975839,40.985871,62.470999,45.558719,4,Q484245,453752,karakalpakstan
UZB-361,UZ-QA,True,UZ,Uzbekistan,Kashkadarya,Qashqadaryo,Kachkadaria,Kashkadar,,Region,0,1,38.7774,66.0231,natural-earth,29133.002,64.367566,37.966593,67.678587,39.556759,4,Q487577,1114928,kashkadarya
UZB-355,UZ-XO,True,UZ,Uzbekistan,Khorezm,Xorazm,Khorezm,Corasmia,,Region,0,1,41.2489,61.2481,natural-earth,7087.86,60.049182,40.505516,62.447279,42.005576,4,Q487561,1484843,khorezm
UZB-365,UZ-NG,True,UZ,Uzbekistan,Namangan,Namangan,Namangan,Namangán,,Region,0,1,40.8746,71.2964,natural-earth,7629.013,70.397181,40.616901,72.195486,41.54992,7,Q474876,1484842,namangan
UZB-357,UZ-NW,True,UZ,Uzbekistan,Navoi,Navoiy,Navoï,Navoi,,Region,0,1,42.1726,64.2722,natural-earth,109895.398,61.743084,39.464258,66.801225,43.722785,6,Q487570,1484841,navoi
UZB-358,UZ-SA,True,UZ,Uzbekistan,Samarkand,Samarqand,Samarcande,Samarcanda,,Region,0,1,39.9926,66.3126,natural-earth,16495.498,65.121483,39.290431,67.503715,40.626616,4,Q487532,1114927,samarkand
UZB-371,UZ-SI,True,UZ,Uzbekistan,Sirdaryo,Sirdaryo,Syr-Daria,Sirdarín,,Region,0,1,39.9519,68.8037,natural-earth,4830.29,68.091792,39.819638,69.124029,40.951691,4,Q487547,1484840,sirdaryo
UZB-362,UZ-SU,True,UZ,Uzbekistan,Surkhandarya,Surxondaryo,Sourkhan-Daria,Surjandarín,,Region,0,1,37.9835,67.4269,natural-earth,19404.405,66.493491,37.185147,68.360664,39.002978,4,Q487537,1114926,surkhandarya
UZB-372,UZ-TO,True,UZ,Uzbekistan,Tashkent,Tashkent,Tachkent,Taskent,,Region,0,1,41.247,69.9511,natural-earth,14908.997,68.649524,40.181735,71.253201,42.29096,7,Q487585,1484838,tashkent
UZB-4828,UZ-TK,True,UZ,Uzbekistan,Tashkent,Tashkent,Tachkent,Taskent,,Region,0,1,41.323,69.2464,natural-earth,242.361,69.136069,41.219172,69.36377,41.403552,7,Q269,1484839,tashkent
VAT+00?,VA-X01,False,VA,Vatican,Vatican,Vatican City,Vatican,Vaticano,,,0,1,41.9034,12.4534,natural-earth,0.012,12.452714,41.902752,12.454035,41.903915,20,,0,vatican
VCT-5063,VC-01,True,VC,Saint Vincent and the Grenadines,Charlotte,Charlotte,Charlotte,Carlota,,Parish,0,1,13.2825,-61.1475,natural-earth,103.362,-61.200162,13.197849,-61.123931,13.379952,20,Q2075188,3577934,charlotte
VCT-5064,VC-06,True,VC,Saint Vincent and the Grenadines,Grenadines,Grenadines,Grenadines,Granadinas,,Parish,0,1,13.0161,-61.229,natural-earth,38.368,-61.459828,12.58515,-61.174957,13.051174,20,Q2545297,3577892,grenadines
VCT-5065,VC-02,True,VC,Saint Vincent and the Grenadines,Saint Andrew,Saint Andrew,Saint-Andrew,San Andrés,,Parish,0,1,13.1977,-61.2287,natural-earth,33.788,-61.271352,13.163366,-61.192773,13.239298,20,Q2305115,3577822,saint-andrew
VCT-5066,VC-03,True,VC,Saint Vincent and the Grenadines,Saint David,Saint David,Saint-David,San David,,Parish,0,1,13.3142,-61.204,natural-earth,92.215,-61.270375,13.255334,-61.160828,13.380764,20,Q2412394,3577821,saint-david
VCT-5067,VC-04,True,VC,Saint Vincent and the Grenadines,Saint George,Saint George,Saint-George,San Jorge,,Parish,0,1,13.1695,-61.1899,natural-earth,55.603,-61.237904,13.132514,-61.135536,13.216687,20,Q2300294,3577819,saint-george
VCT-5068,VC-05,True,VC,Saint Vincent and the Grenadines,Saint Patrick,Saint Patrick,Saint-Patrick,San Patricio,,Parish,0,1,13.2313,-61.2534,natural-earth,45.784,-61.279368,13.18651,-61.187706,13.276009,20,Q1864637,3577818,saint-patrick
VEN-38,VE-Z,True,VE,Venezuela,Amazonas,Amazonas,Amazonas,Amazonas,,State,0,1,3.36185,-65.6187,natural-earth,180670.745,-67.875051,0.649315,-63.361115,6.193224,6,Q170453,3649302,amazonas
VEN-40,VE-B,True,VE,Venezuela,Anzoátegui,Anzoátegui,Anzoátegui,Anzoátegui,,State,0,1,9.05586,-64.1949,natural-earth,46745.416,-65.704046,7.659817,-62.685832,10.261705,6,Q190922,3649198,anzoategui
VEN-25,VE-C,True,VE,Venezuela,Apure,Apure,Apure,Apure,,State,0,1,7.0405,-68.55,natural-earth,75432.223,-72.395812,6.080664,-66.324602,8.075761,6,Q41146,3649151,apure
VEN-41,VE-D,True,VE,Venezuela,Aragua,Aragua,Aragua,Aragua,,State,0,1,10.1618,-67.3252,natural-earth,6824.42,-67.875877,9.391623,-66.543065,10.543077,6,Q190687,3649110,aragua
VEN-26,VE-E,True,VE,Venezuela,Barinas,Barinas,Barinas,Barinas,,State,0,1,8.22379,-69.9798,natural-earth,36994.887,-71.847728,7.287411,-67.516726,9.023403,7,Q43271,3648544,barinas
VEN-39,VE-F,True,VE,Venezuela,Bolívar,Bolívar,Bolívar,Bolívar,,State,0,1,6.00608,-63.8628,natural-earth,252290.183,-67.456299,3.560817,-60.267998,8.447986,6,Q191164,3648106,bolivar
VEN-33,VE-G,True,VE,Venezuela,Carabobo,Carabobo,Carabobo,Carabobo,,State,0,1,10.1548,-67.9745,natural-earth,5066.797,-68.423182,9.819117,-67.525769,10.59512,6,Q191186,3646751,carabobo
VEN-32,VE-H,True,VE,Venezuela,Cojedes,Cojedes,Cojedes,Cojedes,,State,0,1,9.30182,-68.3738,natural-earth,13916.329,-68.992398,8.532813,-67.755213,10.128684,6,Q205460,3645386,cojedes
VEN-65,VE-Y,True,VE,Venezuela,Delta Amacuro,Delta Amacuro,Delta Amacuro,Delta Amacuro,,State,0,1,8.78915,-61.5863,natural-earth,35815.35,-62.597646,7.751775,-59.815595,10.052069,6,Q201137,3644541,delta-amacuro
VEN-44,VE-W,True,VE,Venezuela,Dependencias Federales,Federal Dependencies,Dépendances fédérales,Dependencias Federales,,Federal Dependency,0,1,10.9337,-65.3067,natural-earth,307.879,-67.688832,10.884955,-64.552154,12.068996,6,Q130343,3640846,dependencias-federales
VEN-43,VE-A,True,VE,Venezuela,Distrito Capital,Capital,la capitale,Capital,,Capital District,0,1,10.4857,-66.964,natural-earth,370.798,-67.153182,10.393035,-66.85364,10.575195,9,Q492791,3640847,distrito-capital
VEN-23,VE-I,True,VE,Venezuela,Falcón,Falcón,Falcón,Falcón,,State,0,1,11.0897,-69.7604,natural-earth,28214.54,-71.282012,10.304772,-68.23884,12.19892,6,Q202071,3640873,falcon
VEN-45,VE-J,True,VE,Venezuela,Guárico,Guárico State,Guárico,Guárico,,State,0,1,8.7237,-66.4794,natural-earth,65115.983,-68.036488,7.636123,-64.789942,10.01944,6,Q202075,3640017,guarico
VEN-34,VE-K,True,VE,Venezuela,Lara,Lara,Lara,Lara,,State,0,1,10.1552,-69.8053,natural-earth,18945.053,-70.85815,9.395654,-68.884627,10.764821,6,Q205796,3636539,lara
VEN-47,VE-M,True,VE,Venezuela,Miranda,Miranda,Miranda,Miranda,,State,0,1,10.2616,-66.3229,natural-earth,9100.685,-67.220155,9.928903,-65.425771,10.652167,6,Q191174,3632191,miranda
VEN-46,VE-N,True,VE,Venezuela,Monagas,Monagas,Monagas,Monagas,,State,0,1,9.50395,-63.0869,natural-earth,27986.321,-64.061666,8.385716,-62.005073,10.314668,6,Q205776,3632100,monagas
VEN-27,VE-L,True,VE,Venezuela,Mérida,Merida,Mérida,Mérida,,State,0,1,8.49098,-71.2398,natural-earth,11644.43,-71.944931,7.684492,-70.534681,9.355011,6,Q165582,3632306,merida
VEN-48,VE-O,True,VE,Venezuela,Nueva Esparta,Nueva Esparta,Nueva Esparta,Nueva Esparta,,State,0,1,10.9719,-63.9689,natural-earth,1111.698,-64.408559,10.73371,-63.787668,11.179145,6,Q204876,3631462,nueva-esparta
VEN-35,VE-P,True,VE,Venezuela,Portuguesa,Portuguesa,Portuguesa,Portuguesa,,State,0,1,9.15625,-69.3776,natural-earth,17767.294,-70.182455,8.111986,-68.572811,9.844257,6,Q205784,3629941,portuguesa
VEN-49,VE-R,True,VE,Venezuela,Sucre,Sucre,Sucre,Sucre,,State,0,1,10.4729,-63.3542,natural-earth,10900.821,-64.536082,10.04206,-61.845774,10.76203,6,Q205824,3626655,sucre
VEN-29,VE-T,True,VE,Venezuela,Trujillo,Trujillo,Trujillo,Trujillo,,State,0,1,9.49508,-70.5519,natural-earth,8578.902,-71.09081,8.955345,-70.013059,10.036519,7,Q202068,3625974,trujillo
VEN-28,VE-S,True,VE,Venezuela,Táchira,Tachira,Táchira,Táchira,,State,0,1,7.85734,-72.0039,natural-earth,10282.327,-72.491204,7.363375,-71.317579,8.611413,6,Q41144,3626553,tachira
VEN+99?,VE-X01,False,VE,Venezuela,VEN+99?,,,,,,0,1,15.699,-63.6388,natural-earth,0.603,-63.643625,15.694037,-63.633941,15.702948,20,,0,ven-99
VEN-42,VE-X,True,VE,Venezuela,Vargas,Vargas state,La Guaira,Estado Vargas,,State,0,1,10.5818,-66.8566,natural-earth,1140.495,-67.405131,10.395903,-66.307988,10.632717,7,Q205843,3830309,vargas
VEN-36,VE-U,True,VE,Venezuela,Yaracuy,Yaracuy,Yaracuy,Yaracuy,,State,0,1,10.3466,-68.7447,natural-earth,6186.707,-69.237706,9.851079,-68.251739,10.736503,6,Q201121,3625210,yaracuy
VEN-31,VE-V,True,VE,Venezuela,Zulia,Zulia,Zulia,Zulia,,State,0,1,9.58469,-72.5482,natural-earth,45160.427,-73.391149,8.382691,-70.636329,11.850802,6,Q43269,3625035,zulia
VGB+00?,VG-X01,False,VG,British Virgin Islands,British Virgin Islands,British Virgin Islands,Îles Vierges britanniques,Islas Vírgenes Británicas,,,0,1,18.3536,-64.5854,natural-earth,145.392,-64.773997,18.334662,-64.270741,18.746243,20,,0,british-virgin-islands
VIR-4870,VI-X01,False,VI,United States Virgin Islands,Saint Croix,Saint Croix,Sainte-Croix,Santa Cruz,,,0,1,17.735,-64.7798,natural-earth,214.17,-64.895172,17.682766,-64.559397,17.792629,20,,7267902,saint-croix
VIR-4869,VI-X03,False,VI,United States Virgin Islands,Saint John,Saint John,Saint-John,Parroquia de Saint John,,,0,1,18.3422,-64.7461,natural-earth,59.617,-64.801285,18.30331,-64.66039,18.37359,20,Q548816,7267903,saint-john
VIR-4868,VI-X02,False,VI,United States Virgin Islands,Saint Thomas,Saint Thomas,Saint Thomas,Santo Tomás,,,0,1,18.3543,-64.9263,natural-earth,82.143,-65.041493,18.304441,-64.84008,18.386599,20,,7267904,saint-thomas
VNM-498,VN-44,True,VN,Vietnam,An Giang,An Giang,An Giang,An Giang,,Province,0,1,10.5736,105.154,natural-earth,3619.824,104.724425,10.19961,105.582992,10.946904,7,Q36592,1594446,an-giang
VNM-495,VN-43,True,VN,Vietnam,Bà Rịa - Vũng Tàu,Bà Rịa-Vũng Tàu,Bà Rịa-Vũng Tàu,Bà Rịa-Vũng Tàu,,Province,0,1,10.3969,107.143,natural-earth,1790.353,106.991466,10.323188,107.586518,10.801512,7,Q36874,1584534,ba-ria-vung-tau
VNM-483,VN-57,True,VN,Vietnam,Bình Dương,Bình Dương,Bình Dương,Bình Dương,,Province,0,1,11.1382,106.659,natural-earth,2567.053,106.341447,10.874608,106.975827,11.553326,7,Q36866,1905475,binh-duong
VNM-484,VN-58,True,VN,Vietnam,Bình Phước,Bình Phước,Bình Phước,Bình Phước,,Province,0,1,11.6805,106.897,natural-earth,7221.495,106.394002,11.283627,107.400349,12.310592,7,Q36672,1905480,binh-phuoc
VNM-496,VN-40,True,VN,Vietnam,Bình Thuận,Bình Thuận,Bình Thuận,Bình Thuận,,Province,0,1,11.1284,108.232,natural-earth,7609.266,107.430942,10.502875,108.966156,11.564023,7,Q36869,1581882,binh-thuan
VNM-485,VN-31,True,VN,Vietnam,Bình Định,Bình Định,Bình Định,Bình Định,,Province,0,1,14.1075,108.971,natural-earth,6277.683,108.634744,13.537779,109.307384,14.683006,7,Q36693,1587871,binh-đinh
VNM-506,VN-55,True,VN,Vietnam,Bạc Liêu,Bạc Liêu,Bạc Liêu,Bạc Liêu,,Province,0,1,9.33941,105.573,natural-earth,2390.736,105.27836,9.008002,105.868256,9.610421,7,Q36658,1905675,bac-lieu
VNM-470,VN-54,True,VN,Vietnam,Bắc Giang,Bắc Giang,Bắc Giang,Bắc Giang,,Province,0,1,21.3512,106.493,natural-earth,3914.618,105.920801,21.134059,107.065331,21.632943,7,Q36367,1905419,bac-giang
VNM-463,VN-56,True,VN,Vietnam,Bắc Ninh,Bắc Ninh,Bắc Ninh,Bắc Ninh,,Province,0,1,21.098,106.117,natural-earth,803.538,105.917701,20.985515,106.315816,21.247489,7,Q33408,1905412,bac-ninh
VNM-504,VN-50,True,VN,Vietnam,Bến Tre,Bến Tre,Bến Tre,Bến Tre,,Province,0,1,10.171,106.496,natural-earth,2125.465,105.954908,9.817043,106.799083,10.338975,7,Q33366,1587974,ben-tre
VNM-499,VN-CT,True,VN,Vietnam,Can Tho,Cần Thơ,Cần Thơ,Cần Thơ,,Province,0,1,10.2421,105.685,natural-earth,1668.171,105.241463,10.043628,105.91584,10.44652,7,Q216075,1581188,can-tho
VNM-511,VN-04,True,VN,Vietnam,Cao Bằng,Cao Bằng,Cao Bằng,Cao Bằng,,Province,0,1,22.7595,106.047,natural-earth,6222.366,105.29593,22.375508,106.798731,23.099004,7,Q36865,1586182,cao-bang
VNM-507,VN-59,True,VN,Vietnam,Cà Mau,Cà Mau,Cà Mau,Cà Mau,,Province,0,1,9.05545,105.073,natural-earth,5169.882,104.720225,8.565579,105.426036,9.534434,7,Q33354,1905678,ca-mau
VNM-478,VN-30,True,VN,Vietnam,Gia Lai,Gia Lai,Gia Lai,Gia Lai,,Region,0,1,13.8493,108.156,natural-earth,16088.382,107.435385,12.996235,108.876693,14.640605,7,Q36662,1581088,gia-lai
VNM-462,VN-HN,True,VN,Vietnam,Ha Noi,Hanoi,Hanoï,Hanói,,Province,0,1,21.1306,105.872,natural-earth,3312.351,105.282081,20.568306,106.013612,21.373088,7,Q1858,1581129,ha-noi
VNM-474,VN-23,True,VN,Vietnam,Ha Tinh,Hà Tĩnh,Hà Tĩnh,Hà Tĩnh,,Region,0,1,18.3563,105.799,natural-earth,6310.252,105.079973,17.908416,106.518565,18.758979,7,Q33351,1580700,ha-tinh
VNM-505,VN-73,True,VN,Vietnam,Hau Giang,Hậu Giang,Hậu Giang,Hậu Giang,,Region,0,1,9.84353,105.663,natural-earth,2145.988,105.361559,9.586831,105.902105,10.123181,7,Q36320,7506719,hau-giang
VNM-512,VN-03,True,VN,Vietnam,Hà Giang,Hà Giang,Hà Giang,Hà Giang,,Province,0,1,22.7655,104.965,natural-earth,7945.777,104.36162,22.167743,105.567644,23.366275,7,Q36685,1581030,ha-giang
VNM-467,VN-63,True,VN,Vietnam,Hà Nam,Hà Nam,Hà Nam,Hà Nam,,Province,0,1,20.5569,105.985,natural-earth,938.364,105.785822,20.336769,106.184454,20.713232,7,Q36413,1905637,ha-nam
VNM-459,VN-14,True,VN,Vietnam,Hòa Bình,Hòa Bình,Hòa Bình,Hòa Bình,,Province,0,1,20.7292,105.34,natural-earth,4247.963,104.838283,20.320982,105.841323,21.1014,7,Q36015,1572594,hoa-binh
VNM-460,VN-61,True,VN,Vietnam,Hải Dương,Hải Dương,Hải Dương,Hải Dương,,Province,0,1,20.9613,106.364,natural-earth,1731.642,106.122029,20.695895,106.605256,21.232709,7,Q36729,1905686,hai-duong
VNM-4600,VN-HP,True,VN,Vietnam,Hải Phòng,Haiphong,Haïphong,Hải Phòng,,Province,0,1,20.79,106.635,natural-earth,978.956,106.417205,20.600655,106.805919,21.025435,7,Q72818,1581297,hai-phong
VNM-501,VN-SG,True,VN,Vietnam,Hồ Chí Minh city,Ho Chi Minh,Hô Chi Minh-Ville,Ciudad Ho Chi Minh,,City|Municipality|Thanh Pho,0,1,10.409,106.926,natural-earth,1916.018,106.363668,10.370998,107.025645,11.136762,7,Q1854,1580578,ho-chi-minh-city
VNM-479,VN-34,True,VN,Vietnam,Khánh Hòa,Khánh Hòa,Khánh Hòa,Khánh Hòa,,Province,0,1,12.6049,109.359,natural-earth,4909.867,108.664561,11.786387,109.472423,12.853324,7,Q33369,1579634,khanh-hoa
VNM-502,VN-47,True,VN,Vietnam,Kiên Giang,Kiên Giang,Kiên Giang,Kiên Giang,,Province,0,1,9.85962,105.284,natural-earth,6426.535,103.846039,9.405809,105.528525,10.533363,7,Q36576,1579008,kien-giang
VNM-486,VN-28,True,VN,Vietnam,Kon Tum,Kon Tum,Kon Tum,Kon Tum,,Province,0,1,14.7451,107.969,natural-earth,10995.254,107.31994,13.921636,108.618156,15.410119,7,Q36315,1565088,kon-tum
VNM-453,VN-01,True,VN,Vietnam,Lai Chau,Lai Châu,Lai Châu,Lai Châu,,Province,0,1,22.3502,103.255,natural-earth,5901.085,102.324649,21.886907,103.801757,22.790393,7,Q36409,1577954,lai-chau
VNM-503,VN-41,True,VN,Vietnam,Long An,Long An,Long An,Long An,,Province,0,1,10.6869,106.134,natural-earth,4242.061,105.523603,10.413809,106.74407,11.024573,7,Q26573,1575788,long-an
VNM-5483,VN-02,True,VN,Vietnam,Lào Cai,Lào Cai,Lào Cai,Lào Cai,,Province,0,1,22.3559,104.096,natural-earth,7946.833,103.544563,21.709166,104.648217,22.825016,7,Q36446,1562412,lao-cai
VNM-480,VN-35,True,VN,Vietnam,Lâm Đồng,Lâm Đồng,Lâm Đồng,Lâm Đồng,,Province,0,1,11.5362,108.0,natural-earth,9978.004,107.280563,11.203399,108.719183,12.302996,7,Q36721,1577882,lam-đong
VNM-454,VN-09,True,VN,Vietnam,Lạng Sơn,Lạng Sơn,Lạng Sơn,Lạng Sơn,,Province,0,1,21.7826,106.724,natural-earth,7645.186,106.113968,21.360531,107.333576,22.446175,7,Q33403,1576632,lang-son
VNM-468,VN-67,True,VN,Vietnam,Nam Định,Nam Định,Nam Định,Nam Định,,Province,0,1,20.2343,106.254,natural-earth,1541.969,105.951187,19.964993,106.572325,20.490868,7,Q36907,1905626,nam-đinh
VNM-475,VN-22,True,VN,Vietnam,Nghệ An,Nghệ An,Nghệ An,Nghệ An,,Province,0,1,19.3548,104.827,natural-earth,17100.327,103.84842,18.57021,105.806243,19.992373,7,Q36587,1559969,nghe-an
VNM-466,VN-18,True,VN,Vietnam,Ninh Bình,Ninh Bình,Ninh Bình,Ninh Binh,,Province,0,1,20.2722,105.852,natural-earth,1272.14,105.542633,19.964993,106.162337,20.441517,7,Q36900,1559970,ninh-binh
VNM-481,VN-36,True,VN,Vietnam,Ninh Thuận,Ninh Thuận,Ninh Thuận,Ninh Thuận,,Province,0,1,11.6242,108.925,natural-earth,3319.82,108.606994,11.310126,109.242931,12.181143,7,Q36903,1559971,ninh-thuan
VNM-469,VN-68,True,VN,Vietnam,Phú Thọ,Phú Thọ,Phú Thọ,Phú Thọ,,Province,0,1,21.3127,105.143,natural-earth,3434.708,104.828516,20.914486,105.45778,21.703947,7,Q36610,1905577,phu-tho
VNM-482,VN-32,True,VN,Vietnam,Phú Yên,Phú Yên,Phú Yên,Phú Yên,,Province,0,1,13.1647,109.064,natural-earth,5119.289,108.660841,12.752659,109.467296,13.698594,7,Q36725,1569805,phu-yen
VNM-487,VN-27,True,VN,Vietnam,Quàng Nam,Quảng Nam,Quảng Nam,Quảng Nam,,Province,0,1,15.6535,107.955,natural-earth,11029.334,107.148787,14.956478,108.761567,16.093437,7,Q33356,1905516,quang-nam
VNM-476,VN-24,True,VN,Vietnam,Quảng Bình,Quảng Bình,Quảng Bình,Quảng Bình,,Province,0,1,17.4691,106.357,natural-earth,8341.581,105.594154,16.950638,107.007498,18.070784,7,Q23533,1568839,quang-binh
VNM-488,VN-29,True,VN,Vietnam,Quảng Ngãi,Quảng Ngãi,Quảng Ngãi,Quảng Ngãi,,Province,0,1,14.9971,108.686,natural-earth,4609.124,108.276161,14.595957,109.095063,15.429023,7,Q33304,1568769,quang-ngai
VNM-429,VN-13,True,VN,Vietnam,Quảng Ninh,Quảng Ninh,Quảng Ninh,Quảng Ninh,,Province,0,1,21.223,107.181,natural-earth,5330.903,106.439374,20.70425,107.998302,21.658214,7,Q33396,1568758,quang-ninh
VNM-489,VN-25,True,VN,Vietnam,Quảng Trị,Quảng Trị,Quảng Trị,Quảng Trị,,Province,0,1,16.7204,106.973,natural-earth,5011.718,106.53355,16.290809,107.411632,17.162218,7,Q36579,1568733,quang-tri
VNM-455,VN-05,True,VN,Vietnam,Son La,Sơn La,Sơn La,Sơn La,,Region,0,1,21.3011,104.159,natural-earth,14658.608,103.224222,20.574145,105.0931,22.041962,7,Q33379,1567643,son-la
VNM-508,VN-52,True,VN,Vietnam,Sóc Trăng,Sóc Trăng,Sóc Trăng,Sóc Trăng,,Province,0,1,9.5614,105.9,natural-earth,3010.601,105.569298,8.651068,106.668712,9.916699,7,Q33272,1559972,soc-trang
VNM-456,VN-21,True,VN,Vietnam,Thanh Hóa,Thanh Hóa,Thanh Hóa,Thanh Hóa,,Province,0,1,20.0917,105.215,natural-earth,11034.462,104.35981,19.274315,106.07056,20.642616,7,Q36512,1566165,thanh-hoa
VNM-471,VN-20,True,VN,Vietnam,Thái Bình,Thái Bình,Thái Bình,Thái Bình,,Province,0,1,20.5303,106.371,natural-earth,1582.16,106.112366,20.264177,106.628429,20.719278,7,Q36681,1566338,thai-binh
VNM-452,VN-69,True,VN,Vietnam,Thái Nguyên,Thái Nguyên,Thái Nguyên,Thái Nguyên,,Province,0,1,21.5812,105.887,natural-earth,3457.459,105.517983,21.328052,106.256698,22.033126,7,Q26575,1905497,thai-nguyen
VNM-490,VN-26,True,VN,Vietnam,Thừa Thiên - Huế,Thừa Thiên Huế,Thừa Thiên-Huế,Thừa Thiên-Huế,,Province,0,1,16.312,107.634,natural-earth,4712.007,107.062644,16.014062,108.204356,16.750027,7,Q36399,1565033,thua-thien-hue
VNM-4834,VN-46,True,VN,Vietnam,Tiền Giang,Tiền Giang,Tiền Giang,Tiền Giang,,Province,0,1,10.4581,106.217,natural-earth,2210.996,105.839307,10.226508,106.795421,10.592274,7,Q36666,1564676,tien-giang
VNM-509,VN-51,True,VN,Vietnam,Trà Vinh,Trà Vinh,Trà Vinh,Trà Vinh,,Province,0,1,9.82817,106.289,natural-earth,2021.642,105.996568,9.541164,106.580577,10.07746,7,Q36615,1559975,tra-vinh
VNM-457,VN-07,True,VN,Vietnam,Tuyên Quang,Tuyên Quang,Tuyên Quang,Tuyên Quang,,Province,0,1,22.131,105.229,natural-earth,6126.927,104.848257,21.495536,105.610743,22.647765,7,Q2332060,1559976,tuyen-quang
VNM-444,VN-37,True,VN,Vietnam,Tây Ninh,Tây Ninh,Tây Ninh,Tây Ninh,,Province,0,1,11.4121,106.14,natural-earth,4245.544,105.790421,10.960727,106.489965,11.770497,7,Q36608,1566557,tay-ninh
VNM-510,VN-49,True,VN,Vietnam,Vĩnh Long,Vĩnh Long,Vĩnh Long,Vĩnh Long,,Province,0,1,10.1042,105.969,natural-earth,1399.077,105.692236,9.888559,106.24643,10.301439,9,Q7333405,1559977,vinh-long
VNM-464,VN-70,True,VN,Vietnam,Vĩnh Phúc,Vĩnh Phúc,Vĩnh Phúc,Vĩnh Phúc,,Province,0,1,21.3455,105.549,natural-earth,1362.721,105.317427,21.104965,105.77988,21.543827,7,Q27566,1905856,vinh-phuc
VNM-458,VN-06,True,VN,Vietnam,Yên Bái,Yên Bái,Yên Bái,Yên Bái,,Province,0,1,21.7484,104.512,natural-earth,6680.752,103.911467,21.325882,105.111755,22.268641,7,Q36349,1559978,yen-bai
VNM-500,VN-45,True,VN,Vietnam,Ðong Tháp,Đồng Tháp,Đồng Tháp,Đồng Tháp,,Province,0,1,10.6644,105.586,natural-earth,2674.805,105.209145,10.301439,105.962969,10.963001,7,Q36676,1582562,ðong-thap
VNM-450,VN-71,True,VN,Vietnam,Điện Biên,Điện Biên,Điện Biên,Điện Biên,,Province,0,1,21.7487,103.226,natural-earth,11796.807,102.118655,20.824363,103.569317,22.575629,7,Q36955,1905099,đien-bien
VNM-491,VN-DN,True,VN,Vietnam,Đà Nẵng,Da Nang,Đà Nẵng,Đà Nẵng,,City|Municipality|Thanh Pho,0,1,16.0912,108.102,natural-earth,725.658,107.856239,15.975356,108.348399,16.223144,7,Q25282,1905468,đa-nang
VNM-451,VN-53,True,VN,Vietnam,Đông Bắc,Northeast Vietnam,Nord-est,Nordeste,,Region,0,1,22.1476,105.874,natural-earth,4757.842,105.488631,21.779265,106.260005,22.724376,7,Q1194516,1905669,đong-bac
VNM-497,VN-39,True,VN,Vietnam,Đông Nam Bộ,Đông Nam Bộ,Đông Nam Bộ,Dong Nam Bo,,Region,0,1,11.1258,107.178,natural-earth,5897.61,106.747417,10.566881,107.609535,11.566219,7,,1582720,đong-nam-bo
VNM-477,VN-33,True,VN,Vietnam,Đắk Lắk,Đắk Lắk,Đắk Lắk,Đắk Lắk,,Region,0,1,12.7691,108.133,natural-earth,13106.028,107.460396,12.151868,109.037304,13.388537,7,Q36690,1584169,đak-lak
VNM-4835,VN-72,True,VN,Vietnam,Đắk Nông,Đắk Nông,Đắk Nông,Đăk Nông,,Region,0,1,12.1425,107.66,natural-earth,6475.613,107.227824,11.743444,108.129893,12.720738,7,Q36723,1904987,đak-nong
VNM-461,VN-66,True,VN,Vietnam,Đồng Bằng Sông Hồng,Red River Delta,Delta du Fleuve Rouge,Región del Delta del Río Rojo,,Region,0,1,20.8085,106.076,natural-earth,897.657,105.895325,20.615124,106.25737,21.001845,7,,1905699,đong-bang-song-hong
VUT-563,VU-MAP,True,VU,Vanuatu,Malampa,Malampa,Malampa,Malampa,,Province,0,1,-16.3765,167.494,natural-earth,2862.044,167.144216,-16.587335,168.361339,-15.867364,9,Q740656,2208265,malampa
VUT-564,VU-PAM,True,VU,Vanuatu,Penama,Penama,Pénama,Penama,,Province,0,1,-15.7575,168.195,natural-earth,1218.55,167.672862,-15.992446,168.270356,-14.915785,9,Q836649,2208266,penama
VUT-561,VU-SAM,True,VU,Vanuatu,Sanma,Sanma,Sanma,Sanma,,Province,0,1,-15.6781,167.155,natural-earth,4343.006,166.522634,-15.751235,167.247244,-14.625258,9,Q740640,2134898,sanma
VUT-565,VU-SEE,True,VU,Vanuatu,Shefa,Shefa,Shéfa,Shefa,,Province,0,1,-16.7385,168.301,natural-earth,1468.506,168.120372,-17.823663,168.597016,-16.573012,9,Q650617,2208267,shefa
VUT-562,VU-TAE,True,VU,Vanuatu,Tafea,Tafea,Taféa,Tafea,,Province,0,1,-20.1892,169.818,natural-earth,1632.082,168.98227,-20.253106,169.898936,-18.618259,9,Q576417,2134739,tafea
VUT-560,VU-TOB,True,VU,Vanuatu,Torba,Torba,Torba,Torba,,Province,0,1,-14.2328,167.5,natural-earth,814.725,166.520518,-14.31992,167.716645,-13.064874,9,Q822514,2137421,torba
WLF-4997,WF-AL,True,WF,Wallis and Futuna,Alo,Alo,Alo,Alo,,,0,1,-14.3029,-178.094,natural-earth,59.79,-178.137086,-14.37892,-177.976715,-14.255547,20,Q2734700,4034884,alo
WLF-4995,WF-SG,True,WF,Wallis and Futuna,Sigave,Sigave,Sigave,Sigave,,,0,1,-14.2659,-178.161,natural-earth,33.859,-178.18574,-14.313148,-178.126551,-14.232599,20,Q2554877,4034776,sigave
WLF-4996,WF-UV,True,WF,Wallis and Futuna,`Uvea,Uvea,Uvea,Uvea,,,0,1,-13.2768,-176.169,natural-earth,76.273,-176.199574,-13.350274,-176.1256,-13.208917,20,Q7903676,4034759,uvea
WSM-4985,WS-AA,True,WS,Samoa,A'ana,A'ana,A'ana,A'ana,,,0,1,-13.9005,-171.919,natural-earth,293.436,-172.055613,-14.007013,-171.844071,-13.805352,20,Q1154121,4035434,a-ana
WSM-4986,WS-AL,True,WS,Samoa,Aiga-i-le-Tai,Aiga-i-le-Tai,Aiga-i-le-Tai,Aiga-i-le-Tai,,,0,1,-13.8904,-172.039,natural-earth,49.458,-172.063669,-13.915216,-171.972239,-13.82821,20,Q1144488,4035425,aiga-i-le-tai
WSM-4987,WS-AT,True,WS,Samoa,Atua,Atua,Atua,Atua,,,0,1,-14.0212,-171.592,natural-earth,268.504,-171.665552,-14.05283,-171.437693,-13.87127,20,Q1154332,4035402,atua
WSM-4989,WS-FA,True,WS,Samoa,Fa'asaleleaga,Fa'asaleleaga,Fa'asaleleaga,Fa'asaleleaga,,,0,1,-13.6516,-172.243,natural-earth,232.28,-172.310967,-13.800958,-172.175649,-13.558364,20,Q1154134,4035383,fa-asaleleaga
WSM-4990,WS-GE,True,WS,Samoa,Gaga'emauga,Gaga'emauga,Gaga'emauga,Gaga'emauga,,,0,1,-13.9658,-171.861,natural-earth,255.359,-172.414185,-14.004691,-171.791431,-13.462823,20,Q1193143,4035314,gaga-emauga
WSM-4991,WS-GI,True,WS,Samoa,Gaga'ifomauga,Gaga'ifomauga,Gaga'ifomauga,Gaga'ifomauga,,,0,1,-13.5461,-172.467,natural-earth,413.414,-172.638987,-13.636866,-172.36616,-13.462823,20,Q1193134,4035313,gaga-ifomauga
WSM-4994,WS-PA,True,WS,Samoa,Palauli,Palauli,Palauli,Palauli,,,0,1,-13.7195,-172.454,natural-earth,516.781,-172.608957,-13.805352,-172.212961,-13.632646,20,Q1147216,4035154,palauli
WSM-4993,WS-SA,True,WS,Samoa,Satupa'itea,Satupa'itea,Satupa'itea,Satupa'itea,,,0,1,-13.6365,-172.635,natural-earth,143.814,-172.703481,-13.783994,-172.31843,-13.584584,20,Q651573,4035046,satupa-itea
WSM-4984,WS-TU,True,WS,Samoa,Tuamasaga,Tuamasaga,Tuamasaga,Tuamasaga,,,0,1,-13.9415,-171.752,natural-earth,445.83,-171.857894,-14.051853,-171.650217,-13.806346,20,Q1144482,4034977,tuamasaga
WSM-4988,WS-VF,True,WS,Samoa,Va'a-o-Fonoti,Va'a-o-Fonoti,Va'a-o-Fonoti,Va'a-o-Fonoti,,,0,1,-13.9633,-171.549,natural-earth,51.526,-171.599179,-13.991974,-171.46935,-13.883884,20,Q1154109,4034943,va-a-o-fonoti
WSM-4992,WS-VS,True,WS,Samoa,Vaisigano,Vaisigano,Vaisigano,Vaisigano,,,0,1,-13.5561,-172.701,natural-earth,120.392,-172.782582,-13.616632,-172.631809,-13.510512,20,Q1193139,4034910,vaisigano
KOS-5889,XK-X02,False,XK,Kosovo,Dečani,Dečani,Dečani,Dečani,,District,0,1,42.527,20.2468,natural-earth,361.192,20.064956,42.437644,20.439274,42.653108,8,,791579,decani
KOS-5909,XK-X03,False,XK,Kosovo,Dragaš,Dragaš,Dragaš,Dragaš,,District,0,1,41.9926,20.6774,natural-earth,439.829,20.552161,41.84401,20.784912,42.13507,8,,791121,dragas
KOS-5899,XK-X04,False,XK,Kosovo,Glogovac,Glogovac,Glogovac,Glogovac,,District,0,1,42.6021,20.8784,natural-earth,273.824,20.759178,42.497096,20.975188,42.71083,7,,790697,glogovac
KOS-5904,XK-X05,False,XK,Kosovo,Gnjilane,Gnjilane,Gnjilane,Gnjilane,,District,0,1,42.4503,21.449,natural-earth,516.587,21.249555,42.238663,21.621863,42.568417,8,,790673,gnjilane
KOS-5887,XK-X06,False,XK,Kosovo,Istok,Istok,Istok,Istok,,District,0,1,42.7655,20.4919,natural-earth,473.656,20.319166,42.66842,20.645179,42.887467,8,,789995,istok
KOS-5915,XK-X07,False,XK,Kosovo,Kačanik,Kačanik,Kačanik,Kačanik,,District,0,1,42.198,21.2405,natural-earth,282.89,21.09314,42.089706,21.360602,42.32318,8,,789720,kacanik
KOS-5888,XK-X08,False,XK,Kosovo,Klina,Klina,Klina,Klina,,District,0,1,42.5999,20.5913,natural-earth,321.504,20.457223,42.502057,20.759178,42.697187,8,,789453,klina
KOS-5898,XK-X09,False,XK,Kosovo,Kosovo Polje,Kosovo Polje,Kosovo Polje,Kosovo Polje,,District,0,1,42.6041,21.0358,natural-earth,90.683,20.944418,42.563289,21.113654,42.653035,7,,831099,kosovo-polje
KOS-5907,XK-X10,False,XK,Kosovo,Kosovska Kamenica,Kosovo-Pomoravlje,Kosovo-Pomoravlje,Kosovska Kamenica,,District,0,1,42.5954,21.5916,natural-earth,549.284,21.399142,42.449245,21.772758,42.73225,8,Q124725,789226,kosovska-kamenica
KOS-5894,XK-X11,False,XK,Kosovo,Kosovska Mitrovica,Kosovska Mitrovica,Kosovska Mitrovica,Kosovska Mitrovica,,District,0,1,42.9377,20.9247,natural-earth,331.262,20.723898,42.806886,21.068513,43.054375,8,Q2017517,785059,kosovska-mitrovica
KOS-5893,XK-X12,False,XK,Kosovo,Leposavić,Leposavić,Leposaviq,Leposavić,,District,0,1,43.1033,20.7944,natural-earth,573.096,20.597533,42.970994,20.995752,43.263071,8,,788730,leposavic
KOS-5903,XK-X13,False,XK,Kosovo,Lipljan,Lipljan,Lipljan,Lipljan,,District,0,1,42.5049,21.108,natural-earth,403.834,20.852107,42.445336,21.326482,42.609444,7,,788651,lipljan
KOS-5911,XK-X14,False,XK,Kosovo,Mališevo,Mališevo,Mališevo,Malisevo,,District,0,1,42.4806,20.7392,natural-earth,322.163,20.541,42.381232,20.870056,42.609415,8,,831104,malisevo
KOS-5906,XK-X15,False,XK,Kosovo,Novo Brdo,Novo Brdo,Novo Brdo,Novo Brdo,,District,0,1,42.58,21.3818,natural-earth,83.512,21.293409,42.52739,21.480332,42.617137,8,,831102,novo-brdo
KOS-5900,XK-X16,False,XK,Kosovo,Obilić,Obiliq,Obilić,Obilić,,District,0,1,42.6794,21.055,natural-earth,115.298,20.941853,42.624829,21.11109,42.794741,7,,831103,obilic
KOS-5891,XK-X17,False,XK,Kosovo,Orahovac,Orahovac,Orahovac,Orahovac,,District,0,1,42.3901,20.609,natural-earth,256.026,20.506273,42.286357,20.716205,42.502057,8,,787455,orahovac
KOS-5886,XK-X18,False,XK,Kosovo,Peć,Peja,Peć,Peć,,District,0,1,42.6569,20.3112,natural-earth,607.477,20.024751,42.524826,20.503378,42.824145,8,,787156,pec
KOS-5901,XK-X19,False,XK,Kosovo,Podujevo,Podujevo/Podujeva,Podujevo,Podujevo,,District,0,1,42.867,21.1831,natural-earth,572.786,20.987277,42.754962,21.40844,43.104148,7,,786949,podujevo
KOS-5908,XK-X21,False,XK,Kosovo,Prizren,Plužine,Plužine,Municipio de Plužine,,District,0,1,42.1884,20.7289,natural-earth,604.671,20.473665,42.07379,20.975145,42.327384,8,Q4864476,786711,prizren
KOS-5902,XK-X20,False,XK,Kosovo,Priština,Kosovo and Metohija,Kossovo-et-Métochie,Autónoma de Kosovo y Metohija,,District,0,1,42.6882,21.2515,natural-earth,559.068,21.082883,42.553032,21.479514,42.804322,7,Q1255,786713,pristina
KOS-5896,XK-X22,False,XK,Kosovo,Srbica,Skenderaj/Srbica,Skenderaj,Srbica,,District,0,1,42.7169,20.7437,natural-earth,353.531,20.621822,42.609415,20.925886,42.845349,8,,785641,srbica
KOS-5910,XK-X25,False,XK,Kosovo,Suva Reka,Suva Reka,Suva Reka,Suva Reka,,District,0,1,42.3371,20.8519,natural-earth,345.897,20.705949,42.230859,20.965656,42.473542,8,,785234,suva-reka
KOS-5913,XK-X26,False,XK,Kosovo,Uroševac,Uroševac/ferizaj,Uroševac,Uroševac,,District,0,1,42.3481,21.1389,natural-earth,344.236,20.946982,42.270972,21.287031,42.450465,8,,784758,urosevac
KOS-5905,XK-X27,False,XK,Kosovo,Vitina,Viti/Vitina,Vitina,Vitina,,District,0,1,42.2996,21.3686,natural-earth,303.549,21.231068,42.215021,21.488024,42.427387,8,,784371,vitina
KOS-5895,XK-X28,False,XK,Kosovo,Vučitrn,Vučitrn,Vučitrn,Vushtrri,,District,0,1,42.792,20.9843,natural-earth,347.992,20.834158,42.684372,21.097407,42.932531,8,,784096,vucitrn
KOS-5897,XK-X29,False,XK,Kosovo,Zubin Potok,Zubin Potok,Zubin Potok,Zubin Potok,,District,0,1,42.9245,20.662,natural-earth,363.701,20.450979,42.794065,20.790567,43.02213,8,,831105,zubin-potok
KOS-5892,XK-X30,False,XK,Kosovo,Zvečan,Zvečan,Zvečan,Zvečan,,District,0,1,42.9494,20.7736,natural-earth,134.034,20.617273,42.88894,20.870056,43.052257,8,,831106,zvecan
KOS-5890,XK-X01,False,XK,Kosovo,Đakovica,Gjakova,Gjakovë,Đakovica,,District,0,1,42.3724,20.4124,natural-earth,593.797,20.152702,42.237123,20.598051,42.540211,8,,791645,đakovica
KOS-5912,XK-X23,False,XK,Kosovo,Štimlje,Štimlje,Štimlje,Shtime,,District,0,1,42.4144,21.0042,natural-earth,126.192,20.893134,42.35559,21.095704,42.468414,8,,831101,stimlje
KOS-5914,XK-X24,False,XK,Kosovo,Štrpce,Štrpce,Štrpce,Štrpce,,District,0,1,42.2201,21.0064,natural-earth,243.485,20.846924,42.134658,21.12391,42.317127,8,,831100,strpce
YEM-3511,YE-AB,True,YE,Yemen,Abyan,Abyan,Abyan,Abyan,أبين‎,Governorate,0,1,13.8269,46.2119,natural-earth,17110.575,45.099457,12.936184,47.324481,14.302435,6,Q241774,80425,abyan
YEM-333,YE-BA,True,YE,Yemen,Al Bayda',Al Bayda',Al Bayda',Al Bayda',البيضاء,Governorate,0,1,14.2903,45.3371,natural-earth,9166.907,44.630382,13.8228,46.043836,14.814264,7,Q221212,79838,al-bayda
YEM-334,YE-DA,True,YE,Yemen,Al Dali',Ad Dali',Ad Dali',Ad Dali',الضالع,Governorate,0,1,13.8965,44.7937,natural-earth,3934.825,44.406933,13.516798,45.180478,14.221665,6,Q328187,6201193,al-dali
YEM-151,YE-HU,True,YE,Yemen,Al Hudaydah,Al Hudaydah,Al-Hodeïda,Al Hudayda,الحديده,Governorate,0,1,14.928,43.2214,natural-earth,14640.358,42.545746,13.663764,43.805006,15.914064,7,Q275755,79416,al-hudaydah
YEM-335,YE-JA,True,YE,Yemen,Al Jawf,Al Jawf,Al Jawf,Yauf,الجوف,Governorate,0,1,16.5629,45.6137,natural-earth,38896.137,44.188755,15.780071,47.038659,17.429696,6,Q328128,74222,al-jawf
YEM-332,YE-MR,True,YE,Yemen,Al Mahrah,Al Mahrah,Mahra,Al Mahrah,المهره,Governorate,0,1,16.8785,51.6413,natural-earth,64005.464,50.192368,15.097378,53.090343,18.979732,6,Q275752,78985,al-mahrah
YEM-152,YE-MW,True,YE,Yemen,Al Mahwit,Al Mahwit,Al Mahwit,Al Mahwit,المحويت,Governorate,0,1,15.38,43.649,natural-earth,2285.406,43.313873,15.04425,43.98422,15.563676,6,Q388280,73200,al-mahwit
YEM-3498,YE-SA,True,YE,Yemen,Amanat Al Asimah,Sanaa,Sanaa,Saná,أمانة العاصمة,Governorate,0,1,15.3494,44.2115,natural-earth,392.931,44.119801,15.29338,44.399421,15.611916,9,Q2471,6940571,amanat-al-asimah
YEM-155,YE-AM,True,YE,Yemen,Amran,'Amran,Amran,'Amran,عمران,Governorate,0,1,16.0938,44.0107,natural-earth,7878.377,43.59551,15.504739,44.425847,16.678982,6,Q275720,6201194,amran
YEM-153,YE-DH,True,YE,Yemen,Dhamar,Dhamar,Dhamar,Dhamar,ذمار,Governorate,0,1,14.6805,44.2001,natural-earth,7725.865,43.531586,14.07604,44.868714,15.029367,7,Q328193,76183,dhamar
YEM-3497,YE-HD,True,YE,Yemen,Hadramawt,Hadhramaut,Hadramaout,Hadramaut,حضرموت,Governorate,0,1,16.3779,48.9133,natural-earth,168418.208,46.339735,12.111444,54.540294,18.995638,6,Q241135,75411,hadramawt
YEM-154,YE-HJ,True,YE,Yemen,Hajjah,Hajjah,Hajjah,Hajjah,حجه,Governorate,0,1,16.1813,43.1804,natural-earth,8933.633,42.78948,15.509674,43.816685,16.684847,7,Q328158,6201195,hajjah
YEM-156,YE-IB,True,YE,Yemen,Ibb,Ibb,Ibb,Ibb,إب,Governorate,0,1,14.0543,44.2012,natural-earth,5348.026,43.68429,13.703014,44.718025,14.443563,7,Q388274,6201196,ibb
YEM-157,YE-LA,True,YE,Yemen,Lahij,Lahij,Lahij,Lahij,لحج,Governorate,0,1,13.1832,44.6561,natural-earth,12375.733,43.530748,12.598049,45.411678,14.031805,7,Q388318,6201197,lahij
YEM-337,YE-MA,True,YE,Yemen,Ma'rib,Ma'rib,Ma'rib,Mareb,مأرب,Governorate,0,1,15.5368,45.7376,natural-earth,17151.288,44.642474,14.49772,46.832728,16.149686,7,Q498465,72966,ma-rib
YEM-3499,YE-RA,True,YE,Yemen,Raymah,Raymah,Raima,Raymah,ريمة,Governorate,0,1,14.6655,43.758,natural-earth,1874.153,43.534532,14.374317,43.981429,14.934024,6,Q475033,71532,raymah
YEM-150,YE-SD,True,YE,Yemen,Sa`dah,Sa'dah,Sa'dah,Sa'dah,صعدة,Governorate,0,1,16.9876,44.0404,natural-earth,13489.21,43.108717,16.608521,44.972466,17.522859,7,,71333,sa-dah
YEM-3496,YE-SN,True,YE,Yemen,Sana'a,Sanaa,Sanaa,Saná,,Governorate,0,1,15.2262,44.368,natural-earth,11693.116,43.571015,14.756231,45.164923,16.057005,6,Q2471,71132,sana-a
YEM-336,YE-SH,True,YE,Yemen,Shabwah,Shabwah,Chabwa,Shabwah,شبوة,Governorate,0,1,14.8965,47.0989,natural-earth,38344.085,45.525418,13.632785,48.681488,15.675168,6,Q328180,70935,shabwah
YEM-158,YE-TA,True,YE,Yemen,Ta`izz,Ta'izz,Ta'izz,Ta'izz,تعز,Governorate,0,1,13.4282,43.7305,natural-earth,10434.734,43.226329,12.632148,44.53323,13.911994,7,Q388330,70222,ta-izz
YEM-3510,YE-AD,True,YE,Yemen,`Adan,'Adan,Aden,Adén,عدن,Governorate,0,1,12.8087,44.7544,natural-earth,550.137,44.414692,12.670152,45.093191,12.924709,9,Q275729,80412,adan
ZAF-1926,ZA-EC,True,ZA,South Africa,Eastern Cape,Eastern Cape,Cap-Oriental,Oriental del Cabo,,Province,0,1,-32.0622,26.6417,natural-earth,169462.513,22.736628,-34.205662,30.195974,-29.978587,2,Q130840,1085593,eastern-cape
ZAF-1206,ZA-FS,True,ZA,South Africa,Free State,Free State,État libre,Estado Libre,,Province,0,1,-28.5815,26.4914,natural-earth,129898.888,24.34082,-30.680556,29.774958,-26.666537,2,Q160284,967573,free-state
ZAF-1208,ZA-GT,True,ZA,South Africa,Gauteng,Gauteng,Gauteng,Gauteng,,Province,0,1,-26.1682,28.2074,natural-earth,18248.305,27.157317,-26.904042,29.088953,-25.114901,2,Q133083,1085594,gauteng
ZAF-1216,ZA-NL,True,ZA,South Africa,KwaZulu-Natal,KwaZulu-Natal,KwaZulu-Natal,KwaZulu-Natal,,Province,0,1,-28.7468,30.8231,natural-earth,94136.512,28.859014,-31.077895,32.893077,-26.808285,2,Q81725,972062,kwazulu-natal
ZAF-1210,ZA-LP,True,ZA,South Africa,Limpopo,Limpopo,Limpopo,Limpopo,,Province,0,1,-23.5859,29.1301,natural-earth,125957.164,26.404001,-25.411034,31.856491,-22.126452,2,Q134907,1085597,limpopo
ZAF-1209,ZA-MP,True,ZA,South Africa,Mpumalanga,Mpumalanga,Mpumalanga,Mpumalanga,,Province,0,1,-25.9893,30.1421,natural-earth,75677.954,28.255826,-27.510879,31.995752,-23.962958,2,Q132410,1085595,mpumalanga
ZAF-1201,ZA-NW,True,ZA,South Africa,North West,North West,Nord-Ouest,Noroeste,,Province,0,1,-26.3999,25.7403,natural-earth,105283.485,22.620863,-28.099577,28.293705,-24.622372,2,Q165956,1085598,north-west
ZAF-1188,ZA-NC,True,ZA,South Africa,Northern Cape,Northern Cape,Cap-Nord,Septentrional del Cabo,,Province,0,1,-29.7437,20.9961,natural-earth,373041.364,16.469981,-32.936852,25.521988,-24.752493,2,Q132418,1085596,northern-cape
ZAF-1189,ZA-WC,True,ZA,South Africa,Western Cape,Western Cape,Cap-Occidental,Occidental del Cabo,,Province,0,1,-33.5035,20.9745,natural-earth,129739.658,17.767113,-46.965753,37.977794,-30.47075,2,Q127167,1085599,western-cape
ZMB-516,ZM-02,True,ZM,Zambia,Central,Central,Centrale,Central,,Province,0,1,-14.5199,28.3755,natural-earth,95718.939,25.321535,-15.744413,31.429431,-12.000508,4,Q190718,921064,central
ZMB-517,ZM-08,True,ZM,Zambia,Copperbelt,Copperbelt,Copperbelt,Copperbelt,,Province,0,1,-13.1044,27.9272,natural-earth,31266.684,26.788991,-13.921062,29.065386,-12.242973,4,Q1131523,917524,copperbelt
ZMB-518,ZM-03,True,ZM,Zambia,Eastern,Eastern,orientale,Este,,Province,0,1,-13.7617,31.8341,natural-earth,50376.016,29.994221,-14.981966,33.527131,-11.644026,4,Q823810,917388,eastern
ZMB-514,ZM-04,True,ZM,Zambia,Luapula,Luapula,Luapula,Luapula,,Province,0,1,-11.6471,29.4045,natural-earth,49664.993,28.35246,-12.454949,30.456932,-8.372729,4,Q386667,909845,luapula
ZMB-520,ZM-09,True,ZM,Zambia,Lusaka,Lusaka,Lusaka,Lusaka,,Province,0,1,-15.4426,29.0846,natural-earth,21824.724,27.756787,-15.957235,30.412696,-14.648925,7,Q819998,909129,lusaka
ZMB-5511,ZM-10,True,ZM,Zambia,Muchinga,Muchinga,Muchinga,Muchinga,,Province,0,1,-11.3701,32.0234,natural-earth,96104.29,29.773253,-13.435717,33.674203,-9.133808,4,Q6714242,,muchinga
ZMB-521,ZM-06,True,ZM,Zambia,North-Western,Northwestern,Nord-Occidentale,Noroeste,,Province,0,1,-12.7303,24.7847,natural-earth,125874.679,21.979878,-14.716569,27.58982,-10.872307,4,Q846320,900594,north-western
ZMB-515,ZM-05,True,ZM,Zambia,Northern,Northern,Septentrionale,Norte,,Province,0,1,-9.79906,30.7539,natural-earth,69382.032,29.084303,-11.501727,32.329302,-8.194124,4,Q778738,900601,northern
ZMB-522,ZM-07,True,ZM,Zambia,Southern,Southern,Méridionale,Sur,,Province,0,1,-16.6906,26.9583,natural-earth,85311.739,24.969987,-18.069232,28.946862,-15.298859,4,Q738382,896972,southern
ZMB-523,ZM-01,True,ZM,Zambia,Western,Western,Occidentale,Oeste,,Province,0,1,-15.7815,23.7642,natural-earth,129205.935,21.980353,-17.641144,25.548394,-13.681387,4,Q748486,896140,western
ZWE-531,ZW-BU,True,ZW,Zimbabwe,Bulawayo,Bulawayo,Bulawayo,Bulawayo,,City,0,1,-20.1393,28.5463,natural-earth,458.623,28.391115,-20.249461,28.701484,-20.029423,5,Q193250,1105843,bulawayo
ZWE-525,ZW-HA,True,ZW,Zimbabwe,Harare,Harare,Harare,Harare,,City,0,1,-17.8928,31.0506,natural-earth,932.164,30.879025,-18.054195,31.222105,-17.666105,9,Q16928358,1105844,harare
ZWE-529,ZW-MA,True,ZW,Zimbabwe,Manicaland,Manicaland,Manicaland,Manicalandia,,Province,0,1,-18.9399,32.1206,natural-earth,34878.462,31.198696,-21.313685,33.042768,-17.266115,5,Q465847,887358,manicaland
ZWE-524,ZW-MC,True,ZW,Zimbabwe,Mashonaland Central,Mashonaland Central,Mashonaland central,Mashonalandia Central,,Province,0,1,-16.8822,31.3922,natural-earth,27802.83,30.044812,-17.740881,32.73095,-15.635995,5,Q596156,886843,mashonaland-central
ZWE-528,ZW-ME,True,ZW,Zimbabwe,Mashonaland East,Mashonaland East,Mashonaland oriental,Mashonalandia Oriental,,Province,0,1,-18.2141,31.666,natural-earth,32728.222,30.363088,-19.272363,32.96909,-16.681616,5,Q465853,886842,mashonaland-east
ZWE-533,ZW-MW,True,ZW,Zimbabwe,Mashonaland West,Mashonaland West,Mashonaland occidental,Mashonalandia Occidental,,Province,0,1,-17.0176,29.5025,natural-earth,57512.126,28.022993,-18.861536,30.982068,-15.614808,5,Q457189,886841,mashonaland-west
ZWE-532,ZW-MV,True,ZW,Zimbabwe,Masvingo,Masvingo,Masvingo,Masvingo,,Province,0,1,-20.7844,31.0875,natural-earth,56056.451,29.727984,-22.39734,32.408543,-19.155678,6,Q498351,886761,masvingo
ZWE-526,ZW-MN,True,ZW,Zimbabwe,Matabeleland North,Matabeleland North,Matabeleland septentrional,Matabelelandia Septentrional,,Province,0,1,-18.7582,27.2215,natural-earth,76369.722,25.21937,-20.337053,29.223932,-16.865393,5,Q456562,886748,matabeleland-north
ZWE-530,ZW-MS,True,ZW,Zimbabwe,Matabeleland South,Matabeleland South,Matabeleland méridional,Matabelelandia Meridional,,Province,0,1,-20.8913,28.8871,natural-earth,54649.919,26.67717,-22.344733,31.097048,-19.487441,5,Q498355,886747,matabeleland-south
ZWE-527,ZW-MI,True,ZW,Zimbabwe,Midlands,Midlands,Midlands,Midlands,,Province,0,1,-19.0828,29.4323,natural-earth,49140.72,28.005195,-21.042953,30.859336,-17.130117,5,Q456556,886119,midlands
WSB-5133,-99-X17,False,,Akrotiri Sovereign Base Area,Akrotiri,Akrotiri,Akrotiri,Acrotiri,,,0,1,34.6003,32.9713,natural-earth,98.7,32.760102,34.568549,33.030284,34.700948,20,,,akrotiri
ESB-5132,-99-X16,False,,Dhekelia Sovereign Base Area,Dhekelia,Dhekelia,Akrotiri et Dhekelia,Dhekelia,,,0,1,35.0123,33.7978,natural-earth,127.432,33.674099,34.937893,33.921474,35.118994,20,,,dhekelia
USG+00?,-99-X13,False,,US Naval Base Guantanamo Bay,Guantanamo Bay USNB,"USNB, Guantanamo Bay",Baie de Guantánamo,Bahía de Guantánamo USNB,,,0,1,19.9347,-75.1964,natural-earth,65.544,-75.232859,19.891142,-75.09495,19.971584,20,,0,guantanamo-bay-usnb
KAS+00?,-99-X06,False,,Siachen Glacier,Kashmir,Kashmir,Kashmir,Cachemira,,,0,1,35.3792,77.2889,natural-earth,2088.035,76.777351,35.110442,77.800346,35.647799,20,,0,kashmir
CYN+00?,-99-X04,False,,Northern Cyprus,Northern Cyprus,Northern Cyprus,Chypre du Nord,Chipre del Norte,,,0,1,35.1975,33.6025,natural-earth,3319.46,32.601899,35.002722,34.59254,35.691962,20,,0,northern-cyprus
SOL+00?,-99-X11,False,,Somaliland,Somaliland,Somaliland,Somaliland,Somalilandia,,,0,1,9.63996,45.7932,natural-earth,168093.558,42.647247,7.996516,48.939112,11.498928,20,,0,somaliland
PGA+00?,-99-X08,False,,Spratly Is.,Spratly Islands,Spratly Islands,Îles Spratleys,Islas Spratly,,,0,1,10.729367,115.819458,polylabel,11.986,114.02768,9.679511,115.848806,11.117987,20,,0,spratly-islands
