id,name,iso3,iso2,numeric_code,phone_code,capital,currency,currency_name,currency_symbol,tld,native,region,subregion,timezones,latitude,longitude,emoji,emojiU,slug,name_fr,name_es,label_lat,label_lng,population,labelrank
1,Afghanistan,AFG,AF,4,93,Kabul,AFN,Afghan afghani,؋,.af,افغانستان,Asia,Southern Asia,"[{zoneName:'Asia\/Kabul',gmtOffset:16200,gmtOffsetName:'UTC+04:30',abbreviation:'AFT',tzName:'Afghanistan Time'}]",33.0,65.0,🇦🇫,U+1F1E6 U+1F1EB,afghanistan,Afghanistan,Afganistán,34.164262,66.496586,38041754,3
2,Aland Islands,ALA,AX,248,+358-18,Mariehamn,EUR,Euro,€,.ax,Åland,Europe,Northern Europe,"[{zoneName:'Europe\/Mariehamn',gmtOffset:7200,gmtOffsetName:'UTC+02:00',abbreviation:'EET',tzName:'Eastern European Time'}]",60.116667,19.9,🇦🇽,U+1F1E6 U+1F1FD,aland-islands,Åland,Åland,60.156467,19.869671,29884,6
3,Albania,ALB,AL,8,355,Tirana,ALL,Albanian lek,Lek,.al,Shqipëria,Europe,Southern Europe,"[{zoneName:'Europe\/Tirane',gmtOffset:3600,gmtOffsetName:'UTC+01:00',abbreviation:'CET',tzName:'Central European Time'}]",41.0,20.0,🇦🇱,U+1F1E6 U+1F1F1,albania,Albanie,Albania,40.654855,20.11384,2854191,6
4,Algeria,DZA,DZ,12,213,Algiers,DZD,Algerian dinar,دج,.dz,الجزائر,Africa,Northern Africa,"[{zoneName:'Africa\/Algiers',gmtOffset:3600,gmtOffsetName:'UTC+01:00',abbreviation:'CET',tzName:'Central European Time'}]",28.0,3.0,🇩🇿,U+1F1E9 U+1F1FF,algeria,Algérie,Argelia,27.397406,2.808241,43053054,3
5,American Samoa,ASM,AS,16,+1-684,Pago Pago,USD,US Dollar,$,.as,American Samoa,Oceania,Polynesia,"[{zoneName:'Pacific\/Pago_Pago',gmtOffset:-39600,gmtOffsetName:'UTC-11:00',abbreviation:'SST',tzName:'Samoa Standard Time'}]",-14.33333333,-170.0,🇦🇸,U+1F1E6 U+1F1F8,american-samoa,Samoa américaines,Samoa Estadounidense,-14.32671,-170.747153,55312,4
6,Andorra,AND,AD,20,376,Andorra la Vella,EUR,Euro,€,.ad,Andorra,Europe,Southern Europe,"[{zoneName:'Europe\/Andorra',gmtOffset:3600,gmtOffsetName:'UTC+01:00',abbreviation:'CET',tzName:'Central European Time'}]",42.5,1.5,🇦🇩,U+1F1E6 U+1F1E9,andorra,Andorre,Andorra,42.547643,1.539409,77142,6
7,Angola,AGO,AO,24,244,Luanda,AOA,Angolan kwanza,Kz,.ao,Angola,Africa,Middle Africa,"[{zoneName:'Africa\/Luanda',gmtOffset:3600,gmtOffsetName:'UTC+01:00',abbreviation:'WAT',tzName:'West Africa Time'}]",-12.5,18.5,🇦🇴,U+1F1E6 U+1F1F4,angola,Angola,Angola,-12.182762,17.984249,31825295,3
8,Anguilla,AIA,AI,660,+1-264,The Valley,XCD,East Caribbean dollar,$,.ai,Anguilla,Americas,Caribbean,"[{zoneName:'America\/Anguilla',gmtOffset:-14400,gmtOffsetName:'UTC-04:00',abbreviation:'AST',tzName:'Atlantic Standard Time'}]",18.25,-63.16666666,🇦🇮,U+1F1E6 U+1F1EE,anguilla,Anguilla,Anguila,18.242979,-63.026361,14731,6
9,Antarctica,ATA,AQ,10,672,,AAD,Antarctican dollar,$,.aq,Antarctica,Polar,,"[{zoneName:'Antarctica\/Casey',gmtOffset:39600,gmtOffsetName:'UTC+11:00',abbreviation:'AWST',tzName:'Australian Western Standard Time'},{zoneName:'Antarctica\/Davis',gmtOffset:25200,gmtOffsetName:'UTC+07:00',abbreviation:'DAVT',tzName:'Davis Time'},{zoneName:'Antarctica\/DumontDUrville',gmtOffset:36000,gmtOffsetName:'UTC+10:00',abbreviation:'DDUT',tzName:'Dumont d'Urville Time'},{zoneName:'Antarctica\/Mawson',gmtOffset:18000,gmtOffsetName:'UTC+05:00',abbreviation:'MAWT',tzName:'Mawson Station Time'},{zoneName:'Antarctica\/McMurdo',gmtOffset:46800,gmtOffsetName:'UTC+13:00',abbreviation:'NZDT',tzName:'New Zealand Daylight Time'},{zoneName:'Antarctica\/Palmer',gmtOffset:-10800,gmtOffsetName:'UTC-03:00',abbreviation:'CLST',tzName:'Chile Summer Time'},{zoneName:'Antarctica\/Rothera',gmtOffset:-10800,gmtOffsetName:'UTC-03:00',abbreviation:'ROTT',tzName:'Rothera Research Station Time'},{zoneName:'Antarctica\/Syowa',gmtOffset:10800,gmtOffsetName:'UTC+03:00',abbreviation:'SYOT',tzName:'Showa Station Time'},{zoneName:'Antarctica\/Troll',gmtOffset:0,gmtOffsetName:'UTC\u00b100',abbreviation:'GMT',tzName:'Greenwich Mean Time'},{zoneName:'Antarctica\/Vostok',gmtOffset:21600,gmtOffsetName:'UTC+06:00',abbreviation:'VOST',tzName:'Vostok Station Time'}]",-74.65,4.48,🇦🇶,U+1F1E6 U+1F1F6,antarctica,Antarctique,Antártida,-79.843222,35.885455,4490,4
10,Antigua and Barbuda,ATG,AG,28,+1-268,St. John's,XCD,Eastern Caribbean dollar,$,.ag,Antigua and Barbuda,Americas,Caribbean,"[{zoneName:'America\/Antigua',gmtOffset:-14400,gmtOffsetName:'UTC-04:00',abbreviation:'AST',tzName:'Atlantic Standard Time'}]",17.05,-61.8,🇦🇬,U+1F1E6 U+1F1EC,antigua-and-barbuda,Antigua-et-Barbuda,Antigua y Barbuda,17.352249,-61.790612,97118,6
11,Argentina,ARG,AR,32,54,Buenos Aires,ARS,Argentine peso,$,.ar,Argentina,Americas,South America,"[{zoneName:'America\/Argentina\/Buenos_Aires',gmtOffset:-10800,gmtOffsetName:'UTC-03:00',abbreviation:'ART',tzName:'Argentina Time'},{zoneName:'America\/Argentina\/Catamarca',gmtOffset:-10800,gmtOffsetName:'UTC-03:00',abbreviation:'ART',tzName:'Argentina Time'},{zoneName:'America\/Argentina\/Cordoba',gmtOffset:-10800,gmtOffsetName:'UTC-03:00',abbreviation:'ART',tzName:'Argentina Time'},{zoneName:'America\/Argentina\/Jujuy',gmtOffset:-10800,gmtOffsetName:'UTC-03:00',abbreviation:'ART',tzName:'Argentina Time'},{zoneName:'America\/Argentina\/La_Rioja',gmtOffset:-10800,gmtOffsetName:'UTC-03:00',abbreviation:'ART',tzName:'Argentina Time'},{zoneName:'America\/Argentina\/Mendoza',gmtOffset:-10800,gmtOffsetName:'UTC-03:00',abbreviation:'ART',tzName:'Argentina Time'},{zoneName:'America\/Argentina\/Rio_Gallegos',gmtOffset:-10800,gmtOffsetName:'UTC-03:00',abbreviation:'ART',tzName:'Argentina Time'},{zoneName:'America\/Argentina\/Salta',gmtOffset:-10800,gmtOffsetName:'UTC-03:00',abbreviation:'ART',tzName:'Argentina Time'},{zoneName:'America\/Argentina\/San_Juan',gmtOffset:-10800,gmtOffsetName:'UTC-03:00',abbreviation:'ART',tzName:'Argentina Time'},{zoneName:'America\/Argentina\/San_Luis',gmtOffset:-10800,gmtOffsetName:'UTC-03:00',abbreviation:'ART',tzName:'Argentina Time'},{zoneName:'America\/Argentina\/Tucuman',gmtOffset:-10800,gmtOffsetName:'UTC-03:00',abbreviation:'ART',tzName:'Argentina Time'},{zoneName:'America\/Argentina\/Ushuaia',gmtOffset:-10800,gmtOffsetName:'UTC-03:00',abbreviation:'ART',tzName:'Argentina Time'}]",-34.0,-64.0,🇦🇷,U+1F1E6 U+1F1F7,argentina,Argentine,Argentina,-33.501159,-64.173331,44938712,2
12,Armenia,ARM,AM,51,374,Yerevan,AMD,Armenian dram,֏,.am,Հայաստան,Asia,Western Asia,"[{zoneName:'Asia\/Yerevan',gmtOffset:14400,gmtOffsetName:'UTC+04:00',abbreviation:'AMT',tzName:'Armenia Time'}]",40.0,45.0,🇦🇲,U+1F1E6 U+1F1F2,armenia,Arménie,Armenia,40.459077,44.800564,2957731,6
13,Aruba,ABW,AW,533,297,Oranjestad,AWG,Aruban florin,ƒ,.aw,Aruba,Americas,Caribbean,"[{zoneName:'America\/Aruba',gmtOffset:-14400,gmtOffsetName:'UTC-04:00',abbreviation:'AST',tzName:'Atlantic Standard Time'}]",12.5,-69.96666666,🇦🇼,U+1F1E6 U+1F1FC,aruba,Aruba,Aruba,12.5174,-69.972795,106314,5
14,Australia,AUS,AU,36,61,Canberra,AUD,Australian dollar,$,.au,Australia,Oceania,Australia and New Zealand,"[{zoneName:'Antarctica\/Macquarie',gmtOffset:39600,gmtOffsetName:'UTC+11:00',abbreviation:'MIST',tzName:'Macquarie Island Station Time'},{zoneName:'Australia\/Adelaide',gmtOffset:37800,gmtOffsetName:'UTC+10:30',abbreviation:'ACDT',tzName:'Australian Central Daylight Saving Time'},{zoneName:'Australia\/Brisbane',gmtOffset:36000,gmtOffsetName:'UTC+10:00',abbreviation:'AEST',tzName:'Australian Eastern Standard Time'},{zoneName:'Australia\/Broken_Hill',gmtOffset:37800,gmtOffsetName:'UTC+10:30',abbreviation:'ACDT',tzName:'Australian Central Daylight Saving Time'},{zoneName:'Australia\/Currie',gmtOffset:39600,gmtOffsetName:'UTC+11:00',abbreviation:'AEDT',tzName:'Australian Eastern Daylight Saving Time'},{zoneName:'Australia\/Darwin',gmtOffset:34200,gmtOffsetName:'UTC+09:30',abbreviation:'ACST',tzName:'Australian Central Standard Time'},{zoneName:'Australia\/Eucla',gmtOffset:31500,gmtOffsetName:'UTC+08:45',abbreviation:'ACWST',tzName:'Australian Central Western Standard Time (Unofficial)'},{zoneName:'Australia\/Hobart',gmtOffset:39600,gmtOffsetName:'UTC+11:00',abbreviation:'AEDT',tzName:'Australian Eastern Daylight Saving Time'},{zoneName:'Australia\/Lindeman',gmtOffset:36000,gmtOffsetName:'UTC+10:00',abbreviation:'AEST',tzName:'Australian Eastern Standard Time'},{zoneName:'Australia\/Lord_Howe',gmtOffset:39600,gmtOffsetName:'UTC+11:00',abbreviation:'LHST',tzName:'Lord Howe Summer Time'},{zoneName:'Australia\/Melbourne',gmtOffset:39600,gmtOffsetName:'UTC+11:00',abbreviation:'AEDT',tzName:'Australian Eastern Daylight Saving Time'},{zoneName:'Australia\/Perth',gmtOffset:28800,gmtOffsetName:'UTC+08:00',abbreviation:'AWST',tzName:'Australian Western Standard Time'},{zoneName:'Australia\/Sydney',gmtOffset:39600,gmtOffsetName:'UTC+11:00',abbreviation:'AEDT',tzName:'Australian Eastern Daylight Saving Time'}]",-27.0,133.0,🇦🇺,U+1F1E6 U+1F1FA,australia,Australie,Australia,-24.129522,134.04972,25364307,2
15,Austria,AUT,AT,40,43,Vienna,EUR,Euro,€,.at,Österreich,Europe,Western Europe,"[{zoneName:'Europe\/Vienna',gmtOffset:3600,gmtOffsetName:'UTC+01:00',abbreviation:'CET',tzName:'Central European Time'}]",47.33333333,13.33333333,🇦🇹,U+1F1E6 U+1F1F9,austria,Autriche,Austria,47.518859,14.130515,8877067,4
16,Azerbaijan,AZE,AZ,31,994,Baku,AZN,Azerbaijani manat,m,.az,Azərbaycan,Asia,Western Asia,"[{zoneName:'Asia\/Baku',gmtOffset:14400,gmtOffsetName:'UTC+04:00',abbreviation:'AZT',tzName:'Azerbaijan Time'}]",40.5,47.5,🇦🇿,U+1F1E6 U+1F1FF,azerbaijan,Azerbaïdjan,Azerbaiyán,40.402387,47.210994,10023318,5
18,Bahrain,BHR,BH,48,973,Manama,BHD,Bahraini dinar,.د.ب,.bh,‏البحرين,Asia,Western Asia,"[{zoneName:'Asia\/Bahrain',gmtOffset:10800,gmtOffsetName:'UTC+03:00',abbreviation:'AST',tzName:'Arabia Standard Time'}]",26.0,50.55,🇧🇭,U+1F1E7 U+1F1ED,bahrain,Bahreïn,Baréin,26.055972,50.554816,1641172,4
19,Bangladesh,BGD,BD,50,880,Dhaka,BDT,Bangladeshi taka,৳,.bd,Bangladesh,Asia,Southern Asia,"[{zoneName:'Asia\/Dhaka',gmtOffset:21600,gmtOffsetName:'UTC+06:00',abbreviation:'BDT',tzName:'Bangladesh Standard Time'}]",24.0,90.0,🇧🇩,U+1F1E7 U+1F1E9,bangladesh,Bangladesh,Bangladés,24.214956,89.684963,163046161,3
20,Barbados,BRB,BB,52,+1-246,Bridgetown,BBD,Barbadian dollar,Bds$,.bb,Barbados,Americas,Caribbean,"[{zoneName:'America\/Barbados',gmtOffset:-14400,gmtOffsetName:'UTC-04:00',abbreviation:'AST',tzName:'Atlantic Standard Time'}]",13.16666666,-59.53333333,🇧🇧,U+1F1E7 U+1F1E7,barbados,Barbade,Barbados,13.163709,-59.568966,287025,5
21,Belarus,BLR,BY,112,375,Minsk,BYN,Belarusian ruble,Br,.by,Белару́сь,Europe,Eastern Europe,"[{zoneName:'Europe\/Minsk',gmtOffset:10800,gmtOffsetName:'UTC+03:00',abbreviation:'MSK',tzName:'Moscow Time'}]",53.0,28.0,🇧🇾,U+1F1E7 U+1F1FE,belarus,Biélorussie,Bielorrusia,53.821888,28.417701,9466856,4
22,Belgium,BEL,BE,56,32,Brussels,EUR,Euro,€,.be,België,Europe,Western Europe,"[{zoneName:'Europe\/Brussels',gmtOffset:3600,gmtOffsetName:'UTC+01:00',abbreviation:'CET',tzName:'Central European Time'}]",50.83333333,4.0,🇧🇪,U+1F1E7 U+1F1EA,belgium,Belgique,Bélgica,50.785392,4.800448,11484055,2
23,Belize,BLZ,BZ,84,501,Belmopan,BZD,Belize dollar,$,.bz,Belize,Americas,Central America,"[{zoneName:'America\/Belize',gmtOffset:-21600,gmtOffsetName:'UTC-06:00',abbreviation:'CST',tzName:'Central Standard Time (North America)'}]",17.25,-88.75,🇧🇿,U+1F1E7 U+1F1FF,belize,Belize,Belice,17.202068,-88.712962,390353,6
24,Benin,BEN,BJ,204,229,Porto-Novo,XOF,West African CFA franc,CFA,.bj,Bénin,Africa,Western Africa,"[{zoneName:'Africa\/Porto-Novo',gmtOffset:3600,gmtOffsetName:'UTC+01:00',abbreviation:'WAT',tzName:'West Africa Time'}]",9.5,2.25,🇧🇯,U+1F1E7 U+1F1EF,benin,Bénin,Benín,10.324775,2.352018,11801151,5
25,Bermuda,BMU,BM,60,+1-441,Hamilton,BMD,Bermudian dollar,$,.bm,Bermuda,Americas,Northern America,"[{zoneName:'Atlantic\/Bermuda',gmtOffset:-14400,gmtOffsetName:'UTC-04:00',abbreviation:'AST',tzName:'Atlantic Standard Time'}]",32.33333333,-64.75,🇧🇲,U+1F1E7 U+1F1F2,bermuda,Bermudes,Bermudas,32.296592,-64.763573,63918,6
26,Bhutan,BTN,BT,64,975,Thimphu,BTN,Bhutanese ngultrum,Nu.,.bt,ʼbrug-yul,Asia,Southern Asia,"[{zoneName:'Asia\/Thimphu',gmtOffset:21600,gmtOffsetName:'UTC+06:00',abbreviation:'BTT',tzName:'Bhutan Time'}]",27.5,90.5,🇧🇹,U+1F1E7 U+1F1F9,bhutan,Bhoutan,Bután,27.536685,90.040294,763092,5
27,Bolivia,BOL,BO,68,591,Sucre,BOB,Bolivian boliviano,Bs.,.bo,Bolivia,Americas,South America,"[{zoneName:'America\/La_Paz',gmtOffset:-14400,gmtOffsetName:'UTC-04:00',abbreviation:'BOT',tzName:'Bolivia Time'}]",-17.0,-65.0,🇧🇴,U+1F1E7 U+1F1F4,bolivia,Bolivie,Bolivia,-16.666015,-64.593433,11513100,3
155,"Bonaire, Sint Eustatius and Saba",BES,BQ,535,599,Kralendijk,USD,United States dollar,$,.an,Caribisch Nederland,Americas,Caribbean,"[{zoneName:'America\/Anguilla',gmtOffset:-14400,gmtOffsetName:'UTC-04:00',abbreviation:'AST',tzName:'Atlantic Standard Time'}]",12.15,-68.266667,🇧🇶,U+1F1E7 U+1F1F6,bonaire-sint-eustatius-and-saba,,,,,,
28,Bosnia and Herzegovina,BIH,BA,70,387,Sarajevo,BAM,Bosnia and Herzegovina convertible mark,KM,.ba,Bosna i Hercegovina,Europe,Southern Europe,"[{zoneName:'Europe\/Sarajevo',gmtOffset:3600,gmtOffsetName:'UTC+01:00',abbreviation:'CET',tzName:'Central European Time'}]",44.0,18.0,🇧🇦,U+1F1E7 U+1F1E6,bosnia-and-herzegovina,Bosnie-Herzégovine,Bosnia y Herzegovina,44.091051,18.06841,3301000,5
29,Botswana,BWA,BW,72,267,Gaborone,BWP,Botswana pula,P,.bw,Botswana,Africa,Southern Africa,"[{zoneName:'Africa\/Gaborone',gmtOffset:7200,gmtOffsetName:'UTC+02:00',abbreviation:'CAT',tzName:'Central Africa Time'}]",-22.0,24.0,🇧🇼,U+1F1E7 U+1F1FC,botswana,Botswana,Botsuana,-22.102634,24.179216,2303697,4
30,Bouvet Island,BVT,BV,74,0055,,NOK,Norwegian Krone,kr,.bv,Bouvetøya,,,"[{zoneName:'Europe\/Oslo',gmtOffset:3600,gmtOffsetName:'UTC+01:00',abbreviation:'CET',tzName:'Central European Time'}]",-54.43333333,3.4,🇧🇻,U+1F1E7 U+1F1FB,bouvet-island,,,,,,
31,Brazil,BRA,BR,76,55,Brasilia,BRL,Brazilian real,R$,.br,Brasil,Americas,South America,"[{zoneName:'America\/Araguaina',gmtOffset:-10800,gmtOffsetName:'UTC-03:00',abbreviation:'BRT',tzName:'Bras\u00edlia Time'},{zoneName:'America\/Bahia',gmtOffset:-10800,gmtOffsetName:'UTC-03:00',abbreviation:'BRT',tzName:'Bras\u00edlia Time'},{zoneName:'America\/Belem',gmtOffset:-10800,gmtOffsetName:'UTC-03:00',abbreviation:'BRT',tzName:'Bras\u00edlia Time'},{zoneName:'America\/Boa_Vista',gmtOffset:-14400,gmtOffsetName:'UTC-04:00',abbreviation:'AMT',tzName:'Amazon Time (Brazil)[3'},{zoneName:'America\/Campo_Grande',gmtOffset:-14400,gmtOffsetName:'UTC-04:00',abbreviation:'AMT',tzName:'Amazon Time (Brazil)[3'},{zoneName:'America\/Cuiaba',gmtOffset:-14400,gmtOffsetName:'UTC-04:00',abbreviation:'BRT',tzName:'Brasilia Time'},{zoneName:'America\/Eirunepe',gmtOffset:-18000,gmtOffsetName:'UTC-05:00',abbreviation:'ACT',tzName:'Acre Time'},{zoneName:'America\/Fortaleza',gmtOffset:-10800,gmtOffsetName:'UTC-03:00',abbreviation:'BRT',tzName:'Bras\u00edlia Time'},{zoneName:'America\/Maceio',gmtOffset:-10800,gmtOffsetName:'UTC-03:00',abbreviation:'BRT',tzName:'Bras\u00edlia Time'},{zoneName:'America\/Manaus',gmtOffset:-14400,gmtOffsetName:'UTC-04:00',abbreviation:'AMT',tzName:'Amazon Time (Brazil)'},{zoneName:'America\/Noronha',gmtOffset:-7200,gmtOffsetName:'UTC-02:00',abbreviation:'FNT',tzName:'Fernando de Noronha Time'},{zoneName:'America\/Porto_Velho',gmtOffset:-14400,gmtOffsetName:'UTC-04:00',abbreviation:'AMT',tzName:'Amazon Time (Brazil)[3'},{zoneName:'America\/Recife',gmtOffset:-10800,gmtOffsetName:'UTC-03:00',abbreviation:'BRT',tzName:'Bras\u00edlia Time'},{zoneName:'America\/Rio_Branco',gmtOffset:-18000,gmtOffsetName:'UTC-05:00',abbreviation:'ACT',tzName:'Acre Time'},{zoneName:'America\/Santarem',gmtOffset:-10800,gmtOffsetName:'UTC-03:00',abbreviation:'BRT',tzName:'Bras\u00edlia Time'},{zoneName:'America\/Sao_Paulo',gmtOffset:-10800,gmtOffsetName:'UTC-03:00',abbreviation:'BRT',tzName:'Bras\u00edlia Time'}]",-10.0,-55.0,🇧🇷,U+1F1E7 U+1F1F7,brazil,Brésil,Brasil,-12.098687,-49.55945,211049527,2
32,British Indian Ocean Territory,IOT,IO,86,246,Diego Garcia,USD,United States dollar,$,.io,British Indian Ocean Territory,Africa,Eastern Africa,"[{zoneName:'Indian\/Chagos',gmtOffset:21600,gmtOffsetName:'UTC+06:00',abbreviation:'IOT',tzName:'Indian Ocean Time'}]",-6.0,71.5,🇮🇴,U+1F1EE U+1F1F4,british-indian-ocean-territory,Territoire britannique de l’océan Indien,Territorio Británico del Océano Índico,-6.190826,71.348349,3000,5
33,Brunei,BRN,BN,96,673,Bandar Seri Begawan,BND,Brunei dollar,B$,.bn,Negara Brunei Darussalam,Asia,South-Eastern Asia,"[{zoneName:'Asia\/Brunei',gmtOffset:28800,gmtOffsetName:'UTC+08:00',abbreviation:'BNT',tzName:'Brunei Darussalam Time'}]",4.5,114.66666666,🇧🇳,U+1F1E7 U+1F1F3,brunei,Brunei,Brunéi,4.448298,114.551943,433285,6
34,Bulgaria,BGR,BG,100,359,Sofia,BGN,Bulgarian lev,Лв.,.bg,България,Europe,Eastern Europe,"[{zoneName:'Europe\/Sofia',gmtOffset:7200,gmtOffsetName:'UTC+02:00',abbreviation:'EET',tzName:'Eastern European Time'}]",43.0,25.0,🇧🇬,U+1F1E7 U+1F1EC,bulgaria,Bulgarie,Bulgaria,42.508785,25.15709,6975761,4
35,Burkina Faso,BFA,BF,854,226,Ouagadougou,XOF,West African CFA franc,CFA,.bf,Burkina Faso,Africa,Western Africa,"[{zoneName:'Africa\/Ouagadougou',gmtOffset:0,gmtOffsetName:'UTC\u00b100',abbreviation:'GMT',tzName:'Greenwich Mean Time'}]",13.0,-2.0,🇧🇫,U+1F1E7 U+1F1EB,burkina-faso,Burkina Faso,Burkina Faso,12.673048,-1.36388,20321378,3
36,Burundi,BDI,BI,108,257,Bujumbura,BIF,Burundian franc,FBu,.bi,Burundi,Africa,Eastern Africa,"[{zoneName:'Africa\/Bujumbura',gmtOffset:7200,gmtOffsetName:'UTC+02:00',abbreviation:'CAT',tzName:'Central Africa Time'}]",-3.5,30.0,🇧🇮,U+1F1E7 U+1F1EE,burundi,Burundi,Burundi,-3.332836,29.917086,11530580,6
37,Cambodia,KHM,KH,116,855,Phnom Penh,KHR,Cambodian riel,KHR,.kh,Kâmpŭchéa,Asia,South-Eastern Asia,"[{zoneName:'Asia\/Phnom_Penh',gmtOffset:25200,gmtOffsetName:'UTC+07:00',abbreviation:'ICT',tzName:'Indochina Time'}]",13.0,105.0,🇰🇭,U+1F1F0 U+1F1ED,cambodia,Cambodge,Camboya,12.647584,104.50487,16486542,3
38,Cameroon,CMR,CM,120,237,Yaounde,XAF,Central African CFA franc,FCFA,.cm,Cameroon,Africa,Middle Africa,"[{zoneName:'Africa\/Douala',gmtOffset:3600,gmtOffsetName:'UTC+01:00',abbreviation:'WAT',tzName:'West Africa Time'}]",6.0,12.0,🇨🇲,U+1F1E8 U+1F1F2,cameroon,Cameroun,Camerún,4.585041,12.473488,25876380,3
39,Canada,CAN,CA,124,1,Ottawa,CAD,Canadian dollar,$,.ca,Canada,Americas,Northern America,"[{zoneName:'America\/Atikokan',gmtOffset:-18000,gmtOffsetName:'UTC-05:00',abbreviation:'EST',tzName:'Eastern Standard Time (North America)'},{zoneName:'America\/Blanc-Sablon',gmtOffset:-14400,gmtOffsetName:'UTC-04:00',abbreviation:'AST',tzName:'Atlantic Standard Time'},{zoneName:'America\/Cambridge_Bay',gmtOffset:-25200,gmtOffsetName:'UTC-07:00',abbreviation:'MST',tzName:'Mountain Standard Time (North America)'},{zoneName:'America\/Creston',gmtOffset:-25200,gmtOffsetName:'UTC-07:00',abbreviation:'MST',tzName:'Mountain Standard Time (North America)'},{zoneName:'America\/Dawson',gmtOffset:-25200,gmtOffsetName:'UTC-07:00',abbreviation:'MST',tzName:'Mountain Standard Time (North America)'},{zoneName:'America\/Dawson_Creek',gmtOffset:-25200,gmtOffsetName:'UTC-07:00',abbreviation:'MST',tzName:'Mountain Standard Time (North America)'},{zoneName:'America\/Edmonton',gmtOffset:-25200,gmtOffsetName:'UTC-07:00',abbreviation:'MST',tzName:'Mountain Standard Time (North America)'},{zoneName:'America\/Fort_Nelson',gmtOffset:-25200,gmtOffsetName:'UTC-07:00',abbreviation:'MST',tzName:'Mountain Standard Time (North America)'},{zoneName:'America\/Glace_Bay',gmtOffset:-14400,gmtOffsetName:'UTC-04:00',abbreviation:'AST',tzName:'Atlantic Standard Time'},{zoneName:'America\/Goose_Bay',gmtOffset:-14400,gmtOffsetName:'UTC-04:00',abbreviation:'AST',tzName:'Atlantic Standard Time'},{zoneName:'America\/Halifax',gmtOffset:-14400,gmtOffsetName:'UTC-04:00',abbreviation:'AST',tzName:'Atlantic Standard Time'},{zoneName:'America\/Inuvik',gmtOffset:-25200,gmtOffsetName:'UTC-07:00',abbreviation:'MST',tzName:'Mountain Standard Time (North America'},{zoneName:'America\/Iqaluit',gmtOffset:-18000,gmtOffsetName:'UTC-05:00',abbreviation:'EST',tzName:'Eastern Standard Time (North America'},{zoneName:'America\/Moncton',gmtOffset:-14400,gmtOffsetName:'UTC-04:00',abbreviation:'AST',tzName:'Atlantic Standard Time'},{zoneName:'America\/Nipigon',gmtOffset:-18000,gmtOffsetName:'UTC-05:00',abbreviation:'EST',tzName:'Eastern Standard Time (North America'},{zoneName:'America\/Pangnirtung',gmtOffset:-18000,gmtOffsetName:'UTC-05:00',abbreviation:'EST',tzName:'Eastern Standard Time (North America'},{zoneName:'America\/Rainy_River',gmtOffset:-21600,gmtOffsetName:'UTC-06:00',abbreviation:'CST',tzName:'Central Standard Time (North America'},{zoneName:'America\/Rankin_Inlet',gmtOffset:-21600,gmtOffsetName:'UTC-06:00',abbreviation:'CST',tzName:'Central Standard Time (North America'},{zoneName:'America\/Regina',gmtOffset:-21600,gmtOffsetName:'UTC-06:00',abbreviation:'CST',tzName:'Central Standard Time (North America'},{zoneName:'America\/Resolute',gmtOffset:-21600,gmtOffsetName:'UTC-06:00',abbreviation:'CST',tzName:'Central Standard Time (North America'},{zoneName:'America\/St_Johns',gmtOffset:-12600,gmtOffsetName:'UTC-03:30',abbreviation:'NST',tzName:'Newfoundland Standard Time'},{zoneName:'America\/Swift_Current',gmtOffset:-21600,gmtOffsetName:'UTC-06:00',abbreviation:'CST',tzName:'Central Standard Time (North America'},{zoneName:'America\/Thunder_Bay',gmtOffset:-18000,gmtOffsetName:'UTC-05:00',abbreviation:'EST',tzName:'Eastern Standard Time (North America'},{zoneName:'America\/Toronto',gmtOffset:-18000,gmtOffsetName:'UTC-05:00',abbreviation:'EST',tzName:'Eastern Standard Time (North America'},{zoneName:'America\/Vancouver',gmtOffset:-28800,gmtOffsetName:'UTC-08:00',abbreviation:'PST',tzName:'Pacific Standard Time (North America'},{zoneName:'America\/Whitehorse',gmtOffset:-25200,gmtOffsetName:'UTC-07:00',abbreviation:'MST',tzName:'Mountain Standard Time (North America'},{zoneName:'America\/Winnipeg',gmtOffset:-21600,gmtOffsetName:'UTC-06:00',abbreviation:'CST',tzName:'Central Standard Time (North America'},{zoneName:'America\/Yellowknife',gmtOffset:-25200,gmtOffsetName:'UTC-07:00',abbreviation:'MST',tzName:'Mountain Standard Time (North America'}]",60.0,-95.0,🇨🇦,U+1F1E8 U+1F1E6,canada,Canada,Canadá,60.324287,-101.9107,37589262,2
40,Cape Verde,CPV,CV,132,238,Praia,CVE,Cape Verdean escudo,$,.cv,Cabo Verde,Africa,Western Africa,"[{zoneName:'Atlantic\/Cape_Verde',gmtOffset:-3600,gmtOffsetName:'UTC-01:00',abbreviation:'CVT',tzName:'Cape Verde Time'}]",16.0,-24.0,🇨🇻,U+1F1E8 U+1F1FB,cape-verde,Cap-Vert,Cabo Verde,15.074761,-23.639434,549935,4
41,Cayman Islands,CYM,KY,136,+1-345,George Town,KYD,Cayman Islands dollar,$,.ky,Cayman Islands,Americas,Caribbean,"[{zoneName:'America\/Cayman',gmtOffset:-18000,gmtOffsetName:'UTC-05:00',abbreviation:'EST',tzName:'Eastern Standard Time (North America'}]",19.5,-80.5,🇰🇾,U+1F1F0 U+1F1FE,cayman-islands,îles Caïmans,Islas Caimán,19.319862,-81.24055,64948,5
42,Central African Republic,CAF,CF,140,236,Bangui,XAF,Central African CFA franc,FCFA,.cf,Ködörösêse tî Bêafrîka,Africa,Middle Africa,"[{zoneName:'Africa\/Bangui',gmtOffset:3600,gmtOffsetName:'UTC+01:00',abbreviation:'WAT',tzName:'West Africa Time'}]",7.0,21.0,🇨🇫,U+1F1E8 U+1F1EB,central-african-republic,République centrafricaine,República Centroafricana,6.989681,20.906897,4745185,4
43,Chad,TCD,TD,148,235,N'Djamena,XAF,Central African CFA franc,FCFA,.td,Tchad,Africa,Middle Africa,"[{zoneName:'Africa\/Ndjamena',gmtOffset:3600,gmtOffsetName:'UTC+01:00',abbreviation:'WAT',tzName:'West Africa Time'}]",15.0,19.0,🇹🇩,U+1F1F9 U+1F1E9,chad,Tchad,Chad,15.142959,18.645041,15946876,3
44,Chile,CHL,CL,152,56,Santiago,CLP,Chilean peso,$,.cl,Chile,Americas,South America,"[{zoneName:'America\/Punta_Arenas',gmtOffset:-10800,gmtOffsetName:'UTC-03:00',abbreviation:'CLST',tzName:'Chile Summer Time'},{zoneName:'America\/Santiago',gmtOffset:-10800,gmtOffsetName:'UTC-03:00',abbreviation:'CLST',tzName:'Chile Summer Time'},{zoneName:'Pacific\/Easter',gmtOffset:-18000,gmtOffsetName:'UTC-05:00',abbreviation:'EASST',tzName:'Easter Island Summer Time'}]",-30.0,-71.0,🇨🇱,U+1F1E8 U+1F1F1,chile,Chili,Chile,-38.151771,-72.318871,18952038,2
45,China,CHN,CN,156,86,Beijing,CNY,Chinese yuan,¥,.cn,中国,Asia,Eastern Asia,"[{zoneName:'Asia\/Shanghai',gmtOffset:28800,gmtOffsetName:'UTC+08:00',abbreviation:'CST',tzName:'China Standard Time'},{zoneName:'Asia\/Urumqi',gmtOffset:21600,gmtOffsetName:'UTC+06:00',abbreviation:'XJT',tzName:'China Standard Time'}]",35.0,105.0,🇨🇳,U+1F1E8 U+1F1F3,china,République populaire de Chine,China,32.498178,106.337289,1397715000,2
46,Christmas Island,CXR,CX,162,61,Flying Fish Cove,AUD,Australian dollar,$,.cx,Christmas Island,Oceania,Australia and New Zealand,"[{zoneName:'Indian\/Christmas',gmtOffset:25200,gmtOffsetName:'UTC+07:00',abbreviation:'CXT',tzName:'Christmas Island Time'}]",-10.5,105.66666666,🇨🇽,U+1F1E8 U+1F1FD,christmas-island,,,,,,
47,Cocos [Keeling] Islands,CCK,CC,166,61,West Island,AUD,Australian dollar,$,.cc,Cocos (Keeling) Islands,Oceania,Australia and New Zealand,"[{zoneName:'Indian\/Cocos',gmtOffset:23400,gmtOffsetName:'UTC+06:30',abbreviation:'CCT',tzName:'Cocos Islands Time'}]",-12.5,96.83333333,🇨🇨,U+1F1E8 U+1F1E8,cocos-keeling-islands,,,,,,
48,Colombia,COL,CO,170,57,Bogotá,COP,Colombian peso,$,.co,Colombia,Americas,South America,"[{zoneName:'America\/Bogota',gmtOffset:-18000,gmtOffsetName:'UTC-05:00',abbreviation:'COT',tzName:'Colombia Time'}]",4.0,-72.0,🇨🇴,U+1F1E8 U+1F1F4,colombia,Colombie,Colombia,3.373111,-73.174347,50339443,2
49,Comoros,COM,KM,174,269,Moroni,KMF,Comorian franc,CF,.km,Komori,Africa,Eastern Africa,"[{zoneName:'Indian\/Comoro',gmtOffset:10800,gmtOffsetName:'UTC+03:00',abbreviation:'EAT',tzName:'East Africa Time'}]",-12.16666666,44.25,🇰🇲,U+1F1F0 U+1F1F2,comoros,Comores,Comoras,-11.727683,43.318094,850886,6
50,Congo [Republic],COG,CG,178,242,Brazzaville,XAF,Central African CFA franc,FC,.cg,République du Congo,Africa,Middle Africa,"[{zoneName:'Africa\/Brazzaville',gmtOffset:3600,gmtOffsetName:'UTC+01:00',abbreviation:'WAT',tzName:'West Africa Time'}]",-1.0,15.0,🇨🇬,U+1F1E8 U+1F1EC,congo,République du Congo,República del Congo,0.142331,15.9005,5380508,4
52,Cook Islands,COK,CK,184,682,Avarua,NZD,Cook Islands dollar,$,.ck,Cook Islands,Oceania,Polynesia,"[{zoneName:'Pacific\/Rarotonga',gmtOffset:-36000,gmtOffsetName:'UTC-10:00',abbreviation:'CKT',tzName:'Cook Island Time'}]",-21.23333333,-159.76666666,🇨🇰,U+1F1E8 U+1F1F0,cook-islands,Îles Cook,Islas Cook,-21.215993,-159.785675,17459,4
53,Costa Rica,CRI,CR,188,506,San Jose,CRC,Costa Rican colón,₡,.cr,Costa Rica,Americas,Central America,"[{zoneName:'America\/Costa_Rica',gmtOffset:-21600,gmtOffsetName:'UTC-06:00',abbreviation:'CST',tzName:'Central Standard Time (North America'}]",10.0,-84.0,🇨🇷,U+1F1E8 U+1F1F7,costa-rica,Costa Rica,Costa Rica,10.0651,-84.077922,5047561,5
54,Côte d'Ivoire,CIV,CI,384,225,Yamoussoukro,XOF,West African CFA franc,CFA,.ci,,Africa,Western Africa,"[{zoneName:'Africa\/Abidjan',gmtOffset:0,gmtOffsetName:'UTC\u00b100',abbreviation:'GMT',tzName:'Greenwich Mean Time'}]",8.0,-5.0,🇨🇮,U+1F1E8 U+1F1EE,cote-d-ivoire-ivory-coast,Côte d'Ivoire,Costa de Marfil,7.49139,-5.568618,25716544,3
55,Croatia,HRV,HR,191,385,Zagreb,HRK,Croatian kuna,kn,.hr,Hrvatska,Europe,Southern Europe,"[{zoneName:'Europe\/Zagreb',gmtOffset:3600,gmtOffsetName:'UTC+01:00',abbreviation:'CET',tzName:'Central European Time'}]",45.16666666,15.5,🇭🇷,U+1F1ED U+1F1F7,croatia,Croatie,Croacia,45.805799,16.37241,4067500,6
56,Cuba,CUB,CU,192,53,Havana,CUP,Cuban peso,$,.cu,Cuba,Americas,Caribbean,"[{zoneName:'America\/Havana',gmtOffset:-18000,gmtOffsetName:'UTC-05:00',abbreviation:'CST',tzName:'Cuba Standard Time'}]",21.5,-80.0,🇨🇺,U+1F1E8 U+1F1FA,cuba,Cuba,Cuba,21.334024,-77.975855,11333483,3
249,Curaçao,CUW,CW,531,599,Willemstad,ANG,Netherlands Antillean guilder,ƒ,.cw,Curaçao,Americas,Caribbean,"[{zoneName:'America\/Curacao',gmtOffset:-14400,gmtOffsetName:'UTC-04:00',abbreviation:'AST',tzName:'Atlantic Standard Time'}]",12.116667,-68.933333,🇨🇼,U+1F1E8 U+1F1FC,curacao,Curaçao,Curazao,12.145039,-68.920578,157538,5
57,Cyprus,CYP,CY,196,357,Nicosia,EUR,Euro,€,.cy,Κύπρος,Europe,Southern Europe,"[{zoneName:'Asia\/Famagusta',gmtOffset:7200,gmtOffsetName:'UTC+02:00',abbreviation:'EET',tzName:'Eastern European Time'},{zoneName:'Asia\/Nicosia',gmtOffset:7200,gmtOffsetName:'UTC+02:00',abbreviation:'EET',tzName:'Eastern European Time'}]",35.0,33.0,🇨🇾,U+1F1E8 U+1F1FE,cyprus,Chypre,Chipre,34.913329,33.084182,1198575,5
58,Czech Republic,CZE,CZ,203,420,Prague,CZK,Czech koruna,Kč,.cz,Česká republika,Europe,Eastern Europe,"[{zoneName:'Europe\/Prague',gmtOffset:3600,gmtOffsetName:'UTC+01:00',abbreviation:'CET',tzName:'Central European Time'}]",49.75,15.5,🇨🇿,U+1F1E8 U+1F1FF,czech-republic,Tchéquie,República Checa,49.882364,15.377555,10669709,5
51,Congo [DRC],COD,CD,180,243,Kinshasa,CDF,Congolese Franc,FC,.cd,République démocratique du Congo,Africa,Middle Africa,"[{zoneName:'Africa\/Kinshasa',gmtOffset:3600,gmtOffsetName:'UTC+01:00',abbreviation:'WAT',tzName:'West Africa Time'},{zoneName:'Africa\/Lubumbashi',gmtOffset:7200,gmtOffsetName:'UTC+02:00',abbreviation:'CAT',tzName:'Central Africa Time'}]",0.0,25.0,🇨🇩,U+1F1E8 U+1F1E9,democratic-republic-of-the-congo,République démocratique du Congo,República Democrática del Congo,-1.858167,23.458829,86790567,2
59,Denmark,DNK,DK,208,45,Copenhagen,DKK,Danish krone,Kr.,.dk,Danmark,Europe,Northern Europe,"[{zoneName:'Europe\/Copenhagen',gmtOffset:3600,gmtOffsetName:'UTC+01:00',abbreviation:'CET',tzName:'Central European Time'}]",56.0,10.0,🇩🇰,U+1F1E9 U+1F1F0,denmark,Danemark,Dinamarca,55.966965,9.018163,5818553,4
60,Djibouti,DJI,DJ,262,253,Djibouti,DJF,Djiboutian franc,Fdj,.dj,Djibouti,Africa,Eastern Africa,"[{zoneName:'Africa\/Djibouti',gmtOffset:10800,gmtOffsetName:'UTC+03:00',abbreviation:'EAT',tzName:'East Africa Time'}]",11.5,43.0,🇩🇯,U+1F1E9 U+1F1EF,djibouti,Djibouti,Yibuti,11.976343,42.498825,973560,5
61,Dominica,DMA,DM,212,+1-767,Roseau,XCD,Eastern Caribbean dollar,$,.dm,Dominica,Americas,Caribbean,"[{zoneName:'America\/Dominica',gmtOffset:-14400,gmtOffsetName:'UTC-04:00',abbreviation:'AST',tzName:'Atlantic Standard Time'}]",15.41666666,-61.33333333,🇩🇲,U+1F1E9 U+1F1F2,dominica,Dominique,Dominica,15.458829,-61.344958,71808,6
62,Dominican Republic,DOM,DO,214,+1-809 and 1-829,Santo Domingo,DOP,Dominican peso,$,.do,República Dominicana,Americas,Caribbean,"[{zoneName:'America\/Santo_Domingo',gmtOffset:-14400,gmtOffsetName:'UTC-04:00',abbreviation:'AST',tzName:'Atlantic Standard Time'}]",19.0,-70.66666666,🇩🇴,U+1F1E9 U+1F1F4,dominican-republic,République dominicaine,República Dominicana,19.104137,-70.653998,10738958,5
63,Timor-Leste,TLS,TL,626,670,Dili,USD,United States dollar,$,.tl,Timor-Leste,Asia,South-Eastern Asia,"[{zoneName:'Asia\/Dili',gmtOffset:32400,gmtOffsetName:'UTC+09:00',abbreviation:'TLT',tzName:'Timor Leste Time'}]",-8.83333333,125.91666666,🇹🇱,U+1F1F9 U+1F1F1,east-timor,Timor oriental,Timor Oriental,-8.803705,125.854679,1293119,5
64,Ecuador,ECU,EC,218,593,Quito,USD,United States dollar,$,.ec,Ecuador,Americas,South America,"[{zoneName:'America\/Guayaquil',gmtOffset:-18000,gmtOffsetName:'UTC-05:00',abbreviation:'ECT',tzName:'Ecuador Time'},{zoneName:'Pacific\/Galapagos',gmtOffset:-21600,gmtOffsetName:'UTC-06:00',abbreviation:'GALT',tzName:'Gal\u00e1pagos Time'}]",-2.0,-77.5,🇪🇨,U+1F1EA U+1F1E8,ecuador,Équateur,Ecuador,-1.259076,-78.188375,17373662,3
65,Egypt,EGY,EG,818,20,Cairo,EGP,Egyptian pound,ج.م,.eg,مصر‎,Africa,Northern Africa,"[{zoneName:'Africa\/Cairo',gmtOffset:7200,gmtOffsetName:'UTC+02:00',abbreviation:'EET',tzName:'Eastern European Time'}]",27.0,30.0,🇪🇬,U+1F1EA U+1F1EC,egypt,Égypte,Egipto,26.186173,29.445837,100388073,2
66,El Salvador,SLV,SV,222,503,San Salvador,USD,United States dollar,$,.sv,El Salvador,Americas,Central America,"[{zoneName:'America\/El_Salvador',gmtOffset:-21600,gmtOffsetName:'UTC-06:00',abbreviation:'CST',tzName:'Central Standard Time (North America'}]",13.83333333,-88.91666666,🇸🇻,U+1F1F8 U+1F1FB,el-salvador,Salvador,El Salvador,13.685371,-88.890124,6453553,6
67,Equatorial Guinea,GNQ,GQ,226,240,Malabo,XAF,Central African CFA franc,FCFA,.gq,Guinea Ecuatorial,Africa,Middle Africa,"[{zoneName:'Africa\/Malabo',gmtOffset:3600,gmtOffsetName:'UTC+01:00',abbreviation:'WAT',tzName:'West Africa Time'}]",2.0,10.0,🇬🇶,U+1F1EC U+1F1F6,equatorial-guinea,Guinée équatoriale,Guinea Ecuatorial,2.333,8.9902,1355986,4
68,Eritrea,ERI,ER,232,291,Asmara,ERN,Eritrean nakfa,Nfk,.er,ኤርትራ,Africa,Eastern Africa,"[{zoneName:'Africa\/Asmara',gmtOffset:10800,gmtOffsetName:'UTC+03:00',abbreviation:'EAT',tzName:'East Africa Time'}]",15.0,39.0,🇪🇷,U+1F1EA U+1F1F7,eritrea,Érythrée,Eritrea,15.787401,38.285566,6081196,4
69,Estonia,EST,EE,233,372,Tallinn,EUR,Euro,€,.ee,Eesti,Europe,Northern Europe,"[{zoneName:'Europe\/Tallinn',gmtOffset:7200,gmtOffsetName:'UTC+02:00',abbreviation:'EET',tzName:'Eastern European Time'}]",59.0,26.0,🇪🇪,U+1F1EA U+1F1EA,estonia,Estonie,Estonia,58.724865,25.867126,1326590,6
70,Ethiopia,ETH,ET,231,251,Addis Ababa,ETB,Ethiopian birr,Nkf,.et,ኢትዮጵያ,Africa,Eastern Africa,"[{zoneName:'Africa\/Addis_Ababa',gmtOffset:10800,gmtOffsetName:'UTC+03:00',abbreviation:'EAT',tzName:'East Africa Time'}]",8.0,38.0,🇪🇹,U+1F1EA U+1F1F9,ethiopia,Éthiopie,Etiopía,8.032795,39.0886,112078730,2
71,Falkland Islands [Islas Malvinas],FLK,FK,238,500,Stanley,FKP,Falkland Islands pound,£,.fk,Falkland Islands,Americas,South America,"[{zoneName:'Atlantic\/Stanley',gmtOffset:-10800,gmtOffsetName:'UTC-03:00',abbreviation:'FKST',tzName:'Falkland Islands Summer Time'}]",-51.75,-59.0,🇫🇰,U+1F1EB U+1F1F0,falkland-islands,îles Malouines,Islas Malvinas,-51.608913,-58.738602,3398,5
72,Faroe Islands,FRO,FO,234,298,Torshavn,DKK,Danish krone,Kr.,.fo,Føroyar,Europe,Northern Europe,"[{zoneName:'Atlantic\/Faroe',gmtOffset:0,gmtOffsetName:'UTC\u00b100',abbreviation:'WET',tzName:'Western European Time'}]",62.0,-7.0,🇫🇴,U+1F1EB U+1F1F4,faroe-islands,îles Féroé,Islas Feroe,62.185604,-7.058429,48678,6
73,Fiji,FJI,FJ,242,679,Suva,FJD,Fijian dollar,FJ$,.fj,Fiji,Oceania,Melanesia,"[{zoneName:'Pacific\/Fiji',gmtOffset:43200,gmtOffsetName:'UTC+12:00',abbreviation:'FJT',tzName:'Fiji Time'}]",-18.0,175.0,🇫🇯,U+1F1EB U+1F1EF,fiji-islands,Fidji,Fiyi,-17.826099,177.975427,889953,6
74,Finland,FIN,FI,246,358,Helsinki,EUR,Euro,€,.fi,Suomi,Europe,Northern Europe,"[{zoneName:'Europe\/Helsinki',gmtOffset:7200,gmtOffsetName:'UTC+02:00',abbreviation:'EET',tzName:'Eastern European Time'}]",64.0,26.0,🇫🇮,U+1F1EB U+1F1EE,finland,Finlande,Finlandia,63.252361,27.276449,5520314,3
75,France,FRA,FR,250,33,Paris,EUR,Euro,€,.fr,France,Europe,Western Europe,"[{zoneName:'Europe\/Paris',gmtOffset:3600,gmtOffsetName:'UTC+01:00',abbreviation:'CET',tzName:'Central European Time'}]",46.0,2.0,🇫🇷,U+1F1EB U+1F1F7,france,France,Francia,46.696113,2.552275,67059887,2
76,French Guiana,GUF,GF,254,594,Cayenne,EUR,Euro,€,.gf,Guyane française,Americas,South America,"[{zoneName:'America\/Cayenne',gmtOffset:-10800,gmtOffsetName:'UTC-03:00',abbreviation:'GFT',tzName:'French Guiana Time'}]",4.0,-53.0,🇬🇫,U+1F1EC U+1F1EB,french-guiana,,,,,,
77,French Polynesia,PYF,PF,258,689,Papeete,XPF,CFP franc,₣,.pf,Polynésie française,Oceania,Polynesia,"[{zoneName:'Pacific\/Gambier',gmtOffset:-32400,gmtOffsetName:'UTC-09:00',abbreviation:'GAMT',tzName:'Gambier Islands Time'},{zoneName:'Pacific\/Marquesas',gmtOffset:-34200,gmtOffsetName:'UTC-09:30',abbreviation:'MART',tzName:'Marquesas Islands Time'},{zoneName:'Pacific\/Tahiti',gmtOffset:-36000,gmtOffsetName:'UTC-10:00',abbreviation:'TAHT',tzName:'Tahiti Time'}]",-15.0,-140.0,🇵🇫,U+1F1F5 U+1F1EB,french-polynesia,Polynésie française,Polinesia Francesa,-17.628081,-149.46157,279287,4
78,French Southern Territories,ATF,TF,260,262,Port-aux-Francais,EUR,Euro,€,.tf,Territoire des Terres australes et antarctiques fr,Africa,Southern Africa,"[{zoneName:'Indian\/Kerguelen',gmtOffset:18000,gmtOffsetName:'UTC+05:00',abbreviation:'TFT',tzName:'French Southern and Antarctic Time'}]",-49.25,69.167,🇹🇫,U+1F1F9 U+1F1EB,french-southern-territories,Terres australes et antarctiques françaises,Tierras Australes y Antárticas Francesas,-49.303721,69.122136,140,6
79,Gabon,GAB,GA,266,241,Libreville,XAF,Central African CFA franc,FCFA,.ga,Gabon,Africa,Middle Africa,"[{zoneName:'Africa\/Libreville',gmtOffset:3600,gmtOffsetName:'UTC+01:00',abbreviation:'WAT',tzName:'West Africa Time'}]",-1.0,11.75,🇬🇦,U+1F1EC U+1F1E6,gabon,Gabon,Gabón,-0.437739,11.835939,2172579,4
80,Gambia,GMB,GM,270,220,Banjul,GMD,Gambian dalasi,D,.gm,Gambia,Africa,Western Africa,"[{zoneName:'Africa\/Banjul',gmtOffset:0,gmtOffsetName:'UTC\u00b100',abbreviation:'GMT',tzName:'Greenwich Mean Time'}]",13.46666666,-16.56666666,🇬🇲,U+1F1EC U+1F1F2,gambia-the,Gambie,Gambia,13.641721,-14.998318,2347706,6
81,Georgia,GEO,GE,268,995,Tbilisi,GEL,Georgian lari,ლ,.ge,საქართველო,Asia,Western Asia,"[{zoneName:'Asia\/Tbilisi',gmtOffset:14400,gmtOffsetName:'UTC+04:00',abbreviation:'GET',tzName:'Georgia Standard Time'}]",42.0,43.5,🇬🇪,U+1F1EC U+1F1EA,georgia,Géorgie,Georgia,41.870087,43.735724,3720382,5
82,Germany,DEU,DE,276,49,Berlin,EUR,Euro,€,.de,Deutschland,Europe,Western Europe,"[{zoneName:'Europe\/Berlin',gmtOffset:3600,gmtOffsetName:'UTC+01:00',abbreviation:'CET',tzName:'Central European Time'},{zoneName:'Europe\/Busingen',gmtOffset:3600,gmtOffsetName:'UTC+01:00',abbreviation:'CET',tzName:'Central European Time'}]",51.0,9.0,🇩🇪,U+1F1E9 U+1F1EA,germany,Allemagne,Alemania,50.961733,9.678348,83132799,2
83,Ghana,GHA,GH,288,233,Accra,GHS,Ghanaian cedi,GH₵,.gh,Ghana,Africa,Western Africa,"[{zoneName:'Africa\/Accra',gmtOffset:0,gmtOffsetName:'UTC\u00b100',abbreviation:'GMT',tzName:'Greenwich Mean Time'}]",8.0,-2.0,🇬🇭,U+1F1EC U+1F1ED,ghana,Ghana,Ghana,7.717639,-1.036941,30417856,3
84,Gibraltar,GIB,GI,292,350,Gibraltar,GIP,Gibraltar pound,£,.gi,Gibraltar,Europe,Southern Europe,"[{zoneName:'Europe\/Gibraltar',gmtOffset:3600,gmtOffsetName:'UTC+01:00',abbreviation:'CET',tzName:'Central European Time'}]",36.13333333,-5.35,🇬🇮,U+1F1EC U+1F1EE,gibraltar,Gibraltar,Gibraltar,36.129426,-5.3467,33701,5
85,Greece,GRC,GR,300,30,Athens,EUR,Euro,€,.gr,Ελλάδα,Europe,Southern Europe,"[{zoneName:'Europe\/Athens',gmtOffset:7200,gmtOffsetName:'UTC+02:00',abbreviation:'EET',tzName:'Eastern European Time'}]",39.0,22.0,🇬🇷,U+1F1EC U+1F1F7,greece,Grèce,Grecia,39.492763,21.72568,10716322,3
86,Greenland,GRL,GL,304,299,Nuuk,DKK,Danish krone,Kr.,.gl,Kalaallit Nunaat,Americas,Northern America,"[{zoneName:'America\/Danmarkshavn',gmtOffset:0,gmtOffsetName:'UTC\u00b100',abbreviation:'GMT',tzName:'Greenwich Mean Time'},{zoneName:'America\/Nuuk',gmtOffset:-10800,gmtOffsetName:'UTC-03:00',abbreviation:'WGT',tzName:'West Greenland Time'},{zoneName:'America\/Scoresbysund',gmtOffset:-3600,gmtOffsetName:'UTC-01:00',abbreviation:'EGT',tzName:'Eastern Greenland Time'},{zoneName:'America\/Thule',gmtOffset:-14400,gmtOffsetName:'UTC-04:00',abbreviation:'AST',tzName:'Atlantic Standard Time'}]",72.0,-40.0,🇬🇱,U+1F1EC U+1F1F1,greenland,Groenland,Groenlandia,74.319387,-39.335251,56225,3
87,Grenada,GRD,GD,308,+1-473,St. George's,XCD,Eastern Caribbean dollar,$,.gd,Grenada,Americas,Caribbean,"[{zoneName:'America\/Grenada',gmtOffset:-14400,gmtOffsetName:'UTC-04:00',abbreviation:'AST',tzName:'Atlantic Standard Time'}]",12.11666666,-61.66666666,🇬🇩,U+1F1EC U+1F1E9,grenada,Grenade,Granada,12.113156,-61.680461,112003,6
88,Guadeloupe,GLP,GP,312,590,Basse-Terre,EUR,Euro,€,.gp,Guadeloupe,Americas,Caribbean,"[{zoneName:'America\/Guadeloupe',gmtOffset:-14400,gmtOffsetName:'UTC-04:00',abbreviation:'AST',tzName:'Atlantic Standard Time'}]",16.25,-61.583333,🇬🇵,U+1F1EC U+1F1F5,guadeloupe,,,,,,
89,Guam,GUM,GU,316,+1-671,Hagatna,USD,US Dollar,$,.gu,Guam,Oceania,Micronesia,"[{zoneName:'Pacific\/Guam',gmtOffset:36000,gmtOffsetName:'UTC+10:00',abbreviation:'CHST',tzName:'Chamorro Standard Time'}]",13.46666666,144.78333333,🇬🇺,U+1F1EC U+1F1FA,guam,Guam,Guam,13.354173,144.703614,167294,6
90,Guatemala,GTM,GT,320,502,Guatemala City,GTQ,Guatemalan quetzal,Q,.gt,Guatemala,Americas,Central America,"[{zoneName:'America\/Guatemala',gmtOffset:-21600,gmtOffsetName:'UTC-06:00',abbreviation:'CST',tzName:'Central Standard Time (North America'}]",15.5,-90.25,🇬🇹,U+1F1EC U+1F1F9,guatemala,Guatemala,Guatemala,14.982133,-90.497134,16604026,3
91,Guernsey,GGY,GG,831,+44-1481,St Peter Port,GBP,British pound,£,.gg,Guernsey,Europe,Northern Europe,"[{zoneName:'Europe\/Guernsey',gmtOffset:0,gmtOffsetName:'UTC\u00b100',abbreviation:'GMT',tzName:'Greenwich Mean Time'}]",49.46666666,-2.58333333,🇬🇬,U+1F1EC U+1F1EC,guernsey-and-alderney,Guernesey,Guernsey,49.463533,-2.561736,62792,6
92,Guinea,GIN,GN,324,224,Conakry,GNF,Guinean franc,FG,.gn,Guinée,Africa,Western Africa,"[{zoneName:'Africa\/Conakry',gmtOffset:0,gmtOffsetName:'UTC\u00b100',abbreviation:'GMT',tzName:'Greenwich Mean Time'}]",11.0,-10.0,🇬🇳,U+1F1EC U+1F1F3,guinea,Guinée,Guinea,10.618516,-10.016402,12771246,3
93,Guinea-Bissau,GNB,GW,624,245,Bissau,XOF,West African CFA franc,CFA,.gw,Guiné-Bissau,Africa,Western Africa,"[{zoneName:'Africa\/Bissau',gmtOffset:0,gmtOffsetName:'UTC\u00b100',abbreviation:'GMT',tzName:'Greenwich Mean Time'}]",12.0,-15.0,🇬🇼,U+1F1EC U+1F1FC,guinea-bissau,Guinée-Bissau,Guinea-Bisáu,12.163712,-14.52413,1920922,6
94,Guyana,GUY,GY,328,592,Georgetown,GYD,Guyanese dollar,$,.gy,Guyana,Americas,South America,"[{zoneName:'America\/Guyana',gmtOffset:-14400,gmtOffsetName:'UTC-04:00',abbreviation:'GYT',tzName:'Guyana Time'}]",5.0,-59.0,🇬🇾,U+1F1EC U+1F1FE,guyana,Guyana,Guyana,5.124317,-58.942643,782766,4
95,Haiti,HTI,HT,332,509,Port-au-Prince,HTG,Haitian gourde,G,.ht,Haïti,Americas,Caribbean,"[{zoneName:'America\/Port-au-Prince',gmtOffset:-18000,gmtOffsetName:'UTC-05:00',abbreviation:'EST',tzName:'Eastern Standard Time (North America'}]",19.0,-72.41666666,🇭🇹,U+1F1ED U+1F1F9,haiti,Haïti,Haití,19.263784,-72.224051,11263077,5
96,Heard Island and McDonald Islands,HMD,HM,334,672,,AUD,Australian dollar,$,.hm,Heard Island and McDonald Islands,,,"[{zoneName:'Indian\/Kerguelen',gmtOffset:18000,gmtOffsetName:'UTC+05:00',abbreviation:'TFT',tzName:'French Southern and Antarctic Time'}]",-53.1,72.51666666,🇭🇲,U+1F1ED U+1F1F2,heard-island-and-mcdonald-islands,îles Heard-et-MacDonald,Islas Heard y McDonald,-53.103462,73.50521,0,5
97,Honduras,HND,HN,340,504,Tegucigalpa,HNL,Honduran lempira,L,.hn,Honduras,Americas,Central America,"[{zoneName:'America\/Tegucigalpa',gmtOffset:-21600,gmtOffsetName:'UTC-06:00',abbreviation:'CST',tzName:'Central Standard Time (North America'}]",15.0,-86.5,🇭🇳,U+1F1ED U+1F1F3,honduras,Honduras,Honduras,14.794801,-86.887604,9746117,5
98,Hong Kong,HKG,HK,344,852,Hong Kong,HKD,Hong Kong dollar,$,.hk,香港,Asia,Eastern Asia,"[{zoneName:'Asia\/Hong_Kong',gmtOffset:28800,gmtOffsetName:'UTC+08:00',abbreviation:'HKT',tzName:'Hong Kong Time'}]",22.25,114.16666666,🇭🇰,U+1F1ED U+1F1F0,hong-kong-sar,Hong Kong,Hong Kong,22.448829,114.097769,7507400,4
99,Hungary,HUN,HU,348,36,Budapest,HUF,Hungarian forint,Ft,.hu,Magyarország,Europe,Eastern Europe,"[{zoneName:'Europe\/Budapest',gmtOffset:3600,gmtOffsetName:'UTC+01:00',abbreviation:'CET',tzName:'Central European Time'}]",47.0,20.0,🇭🇺,U+1F1ED U+1F1FA,hungary,Hongrie,Hungría,47.086841,19.447867,9769949,5
100,Iceland,ISL,IS,352,354,Reykjavik,ISK,Icelandic króna,kr,.is,Ísland,Europe,Northern Europe,"[{zoneName:'Atlantic\/Reykjavik',gmtOffset:0,gmtOffsetName:'UTC\u00b100',abbreviation:'GMT',tzName:'Greenwich Mean Time'}]",65.0,-18.0,🇮🇸,U+1F1EE U+1F1F8,iceland,Islande,Islandia,64.779286,-18.673711,361313,3
101,India,IND,IN,356,91,New Delhi,INR,Indian rupee,₹,.in,भारत,Asia,Southern Asia,"[{zoneName:'Asia\/Kolkata',gmtOffset:19800,gmtOffsetName:'UTC+05:30',abbreviation:'IST',tzName:'Indian Standard Time'}]",20.0,77.0,🇮🇳,U+1F1EE U+1F1F3,india,Inde,India,22.686852,79.358105,1366417754,2
102,Indonesia,IDN,ID,360,62,Jakarta,IDR,Indonesian rupiah,Rp,.id,Indonesia,Asia,South-Eastern Asia,"[{zoneName:'Asia\/Jakarta',gmtOffset:25200,gmtOffsetName:'UTC+07:00',abbreviation:'WIB',tzName:'Western Indonesian Time'},{zoneName:'Asia\/Jayapura',gmtOffset:32400,gmtOffsetName:'UTC+09:00',abbreviation:'WIT',tzName:'Eastern Indonesian Time'},{zoneName:'Asia\/Makassar',gmtOffset:28800,gmtOffsetName:'UTC+08:00',abbreviation:'WITA',tzName:'Central Indonesia Time'},{zoneName:'Asia\/Pontianak',gmtOffset:25200,gmtOffsetName:'UTC+07:00',abbreviation:'WIB',tzName:'Western Indonesian Time'}]",-5.0,120.0,🇮🇩,U+1F1EE U+1F1E9,indonesia,Indonésie,Indonesia,-0.954404,101.892949,270625568,2
103,Iran,IRN,IR,364,98,Tehran,IRR,Iranian rial,﷼,.ir,ایران,Asia,Southern Asia,"[{zoneName:'Asia\/Tehran',gmtOffset:12600,gmtOffsetName:'UTC+03:30',abbreviation:'IRDT',tzName:'Iran Daylight Time'}]",32.0,53.0,🇮🇷,U+1F1EE U+1F1F7,iran,Iran,Irán,32.166225,54.931495,82913906,2
104,Iraq,IRQ,IQ,368,964,Baghdad,IQD,Iraqi dinar,د.ع,.iq,العراق,Asia,Western Asia,"[{zoneName:'Asia\/Baghdad',gmtOffset:10800,gmtOffsetName:'UTC+03:00',abbreviation:'AST',tzName:'Arabia Standard Time'}]",33.0,44.0,🇮🇶,U+1F1EE U+1F1F6,iraq,Irak,Irak,33.09403,43.26181,39309783,3
105,Ireland,IRL,IE,372,353,Dublin,EUR,Euro,€,.ie,Éire,Europe,Northern Europe,"[{zoneName:'Europe\/Dublin',gmtOffset:0,gmtOffsetName:'UTC\u00b100',abbreviation:'GMT',tzName:'Greenwich Mean Time'}]",53.0,-8.0,🇮🇪,U+1F1EE U+1F1EA,ireland,Irlande,Irlanda,53.078726,-7.798588,4941444,3
106,Israel,ISR,IL,376,972,Jerusalem,ILS,Israeli new shekel,₪,.il,יִשְׂרָאֵל,Asia,Western Asia,"[{zoneName:'Asia\/Jerusalem',gmtOffset:7200,gmtOffsetName:'UTC+02:00',abbreviation:'IST',tzName:'Israel Standard Time'}]",31.5,34.75,🇮🇱,U+1F1EE U+1F1F1,israel,Israël,Israel,30.911148,34.847915,9053300,4
107,Italy,ITA,IT,380,39,Rome,EUR,Euro,€,.it,Italia,Europe,Southern Europe,"[{zoneName:'Europe\/Rome',gmtOffset:3600,gmtOffsetName:'UTC+01:00',abbreviation:'CET',tzName:'Central European Time'}]",42.83333333,12.83333333,🇮🇹,U+1F1EE U+1F1F9,italy,Italie,Italia,44.732482,11.076907,60297396,2
108,Jamaica,JAM,JM,388,+1-876,Kingston,JMD,Jamaican dollar,J$,.jm,Jamaica,Americas,Caribbean,"[{zoneName:'America\/Jamaica',gmtOffset:-18000,gmtOffsetName:'UTC-05:00',abbreviation:'EST',tzName:'Eastern Standard Time (North America'}]",18.25,-77.5,🇯🇲,U+1F1EF U+1F1F2,jamaica,Jamaïque,Jamaica,18.137124,-77.318767,2948279,4
109,Japan,JPN,JP,392,81,Tokyo,JPY,Japanese yen,¥,.jp,日本,Asia,Eastern Asia,"[{zoneName:'Asia\/Tokyo',gmtOffset:32400,gmtOffsetName:'UTC+09:00',abbreviation:'JST',tzName:'Japan Standard Time'}]",36.0,138.0,🇯🇵,U+1F1EF U+1F1F5,japan,Japon,Japón,36.142538,138.44217,126264931,2
110,Jersey,JEY,JE,832,+44-1534,Saint Helier,GBP,British pound,£,.je,Jersey,Europe,Northern Europe,"[{zoneName:'Europe\/Jersey',gmtOffset:0,gmtOffsetName:'UTC\u00b100',abbreviation:'GMT',tzName:'Greenwich Mean Time'}]",49.25,-2.16666666,🇯🇪,U+1F1EF U+1F1EA,jersey,Jersey,Jersey,49.220808,-2.090146,107800,6
111,Jordan,JOR,JO,400,962,Amman,JOD,Jordanian dinar,ا.د,.jo,الأردن,Asia,Western Asia,"[{zoneName:'Asia\/Amman',gmtOffset:7200,gmtOffsetName:'UTC+02:00',abbreviation:'EET',tzName:'Eastern European Time'}]",31.0,36.0,🇯🇴,U+1F1EF U+1F1F4,jordan,Jordanie,Jordania,30.805025,36.375991,10101694,4
112,Kazakhstan,KAZ,KZ,398,7,Astana,KZT,Kazakhstani tenge,лв,.kz,Қазақстан,Asia,Central Asia,"[{zoneName:'Asia\/Almaty',gmtOffset:21600,gmtOffsetName:'UTC+06:00',abbreviation:'ALMT',tzName:'Alma-Ata Time[1'},{zoneName:'Asia\/Aqtau',gmtOffset:18000,gmtOffsetName:'UTC+05:00',abbreviation:'AQTT',tzName:'Aqtobe Time'},{zoneName:'Asia\/Aqtobe',gmtOffset:18000,gmtOffsetName:'UTC+05:00',abbreviation:'AQTT',tzName:'Aqtobe Time'},{zoneName:'Asia\/Atyrau',gmtOffset:18000,gmtOffsetName:'UTC+05:00',abbreviation:'MSD+1',tzName:'Moscow Daylight Time+1'},{zoneName:'Asia\/Oral',gmtOffset:18000,gmtOffsetName:'UTC+05:00',abbreviation:'ORAT',tzName:'Oral Time'},{zoneName:'Asia\/Qostanay',gmtOffset:21600,gmtOffsetName:'UTC+06:00',abbreviation:'QYZST',tzName:'Qyzylorda Summer Time'},{zoneName:'Asia\/Qyzylorda',gmtOffset:18000,gmtOffsetName:'UTC+05:00',abbreviation:'QYZT',tzName:'Qyzylorda Summer Time'}]",48.0,68.0,🇰🇿,U+1F1F0 U+1F1FF,kazakhstan,Kazakhstan,Kazajistán,49.054149,68.685548,18513930,3
113,Kenya,KEN,KE,404,254,Nairobi,KES,Kenyan shilling,KSh,.ke,Kenya,Africa,Eastern Africa,"[{zoneName:'Africa\/Nairobi',gmtOffset:10800,gmtOffsetName:'UTC+03:00',abbreviation:'EAT',tzName:'East Africa Time'}]",1.0,38.0,🇰🇪,U+1F1F0 U+1F1EA,kenya,Kenya,Kenia,0.549043,37.907632,52573973,2
114,Kiribati,KIR,KI,296,686,Tarawa,AUD,Australian dollar,$,.ki,Kiribati,Oceania,Micronesia,"[{zoneName:'Pacific\/Enderbury',gmtOffset:46800,gmtOffsetName:'UTC+13:00',abbreviation:'PHOT',tzName:'Phoenix Island Time'},{zoneName:'Pacific\/Kiritimati',gmtOffset:50400,gmtOffsetName:'UTC+14:00',abbreviation:'LINT',tzName:'Line Islands Time'},{zoneName:'Pacific\/Tarawa',gmtOffset:43200,gmtOffsetName:'UTC+12:00',abbreviation:'GILT',tzName:'Gilbert Island Time'}]",1.41666666,173.0,🇰🇮,U+1F1F0 U+1F1EE,kiribati,Kiribati,Kiribati,1.820437,-157.384577,117606,6
248,Kosovo,XKX,XK,926,383,Pristina,EUR,Euro,€,.xk,Republika e Kosovës,Europe,Eastern Europe,"[{zoneName:'Europe\/Belgrade',gmtOffset:3600,gmtOffsetName:'UTC+01:00',abbreviation:'CET',tzName:'Central European Time'}]",42.5612909,20.3403035,🇽🇰,U+1F1FD U+1F1F0,kosovo,Kosovo,Kosovo,42.593587,20.860719,1794248,6
117,Kuwait,KWT,KW,414,965,Kuwait City,KWD,Kuwaiti dinar,ك.د,.kw,الكويت,Asia,Western Asia,"[{zoneName:'Asia\/Kuwait',gmtOffset:10800,gmtOffsetName:'UTC+03:00',abbreviation:'AST',tzName:'Arabia Standard Time'}]",29.5,45.75,🇰🇼,U+1F1F0 U+1F1FC,kuwait,Koweït,Kuwait,29.413628,47.313999,4207083,6
118,Kyrgyzstan,KGZ,KG,417,996,Bishkek,KGS,Kyrgyzstani som,лв,.kg,Кыргызстан,Asia,Central Asia,"[{zoneName:'Asia\/Bishkek',gmtOffset:21600,gmtOffsetName:'UTC+06:00',abbreviation:'KGT',tzName:'Kyrgyzstan Time'}]",41.0,75.0,🇰🇬,U+1F1F0 U+1F1EC,kyrgyzstan,Kirghizistan,Kirguistán,41.66854,74.532637,6456900,4
119,Laos,LAO,LA,418,856,Vientiane,LAK,Lao kip,₭,.la,ສປປລາວ,Asia,South-Eastern Asia,"[{zoneName:'Asia\/Vientiane',gmtOffset:25200,gmtOffsetName:'UTC+07:00',abbreviation:'ICT',tzName:'Indochina Time'}]",18.0,105.0,🇱🇦,U+1F1F1 U+1F1E6,laos,Laos,Laos,19.431821,102.533912,7169455,4
120,Latvia,LVA,LV,428,371,Riga,EUR,Euro,€,.lv,Latvija,Europe,Northern Europe,"[{zoneName:'Europe\/Riga',gmtOffset:7200,gmtOffsetName:'UTC+02:00',abbreviation:'EET',tzName:'Eastern European Time'}]",57.0,25.0,🇱🇻,U+1F1F1 U+1F1FB,latvia,Lettonie,Letonia,57.066872,25.458723,1912789,5
121,Lebanon,LBN,LB,422,961,Beirut,LBP,Lebanese pound,£,.lb,لبنان,Asia,Western Asia,"[{zoneName:'Asia\/Beirut',gmtOffset:7200,gmtOffsetName:'UTC+02:00',abbreviation:'EET',tzName:'Eastern European Time'}]",33.83333333,35.83333333,🇱🇧,U+1F1F1 U+1F1E7,lebanon,Liban,Líbano,34.133368,35.992892,6855713,5
122,Lesotho,LSO,LS,426,266,Maseru,LSL,Lesotho loti,L,.ls,Lesotho,Africa,Southern Africa,"[{zoneName:'Africa\/Maseru',gmtOffset:7200,gmtOffsetName:'UTC+02:00',abbreviation:'SAST',tzName:'South African Standard Time'}]",-29.5,28.5,🇱🇸,U+1F1F1 U+1F1F8,lesotho,Lesotho,Lesoto,-29.480158,28.246639,2125268,6
123,Liberia,LBR,LR,430,231,Monrovia,LRD,Liberian dollar,$,.lr,Liberia,Africa,Western Africa,"[{zoneName:'Africa\/Monrovia',gmtOffset:0,gmtOffsetName:'UTC\u00b100',abbreviation:'GMT',tzName:'Greenwich Mean Time'}]",6.5,-9.5,🇱🇷,U+1F1F1 U+1F1F7,liberia,Liberia,Liberia,6.447177,-9.460379,4937374,4
124,Libya,LBY,LY,434,218,Tripolis,LYD,Libyan dinar,د.ل,.ly,‏ليبيا,Africa,Northern Africa,"[{zoneName:'Africa\/Tripoli',gmtOffset:7200,gmtOffsetName:'UTC+02:00',abbreviation:'EET',tzName:'Eastern European Time'}]",25.0,17.0,🇱🇾,U+1F1F1 U+1F1FE,libya,Libye,Libia,26.638944,18.011015,6777452,3
125,Liechtenstein,LIE,LI,438,423,Vaduz,CHF,Swiss franc,CHf,.li,Liechtenstein,Europe,Western Europe,"[{zoneName:'Europe\/Vaduz',gmtOffset:3600,gmtOffsetName:'UTC+01:00',abbreviation:'CET',tzName:'Central European Time'}]",47.26666666,9.53333333,🇱🇮,U+1F1F1 U+1F1EE,liechtenstein,Liechtenstein,Liechtenstein,47.111405,9.559439,38019,6
126,Lithuania,LTU,LT,440,370,Vilnius,EUR,Euro,€,.lt,Lietuva,Europe,Northern Europe,"[{zoneName:'Europe\/Vilnius',gmtOffset:7200,gmtOffsetName:'UTC+02:00',abbreviation:'EET',tzName:'Eastern European Time'}]",56.0,24.0,🇱🇹,U+1F1F1 U+1F1F9,lithuania,Lituanie,Lituania,55.103703,24.089932,2786844,5
127,Luxembourg,LUX,LU,442,352,Luxembourg,EUR,Euro,€,.lu,Luxembourg,Europe,Western Europe,"[{zoneName:'Europe\/Luxembourg',gmtOffset:3600,gmtOffsetName:'UTC+01:00',abbreviation:'CET',tzName:'Central European Time'}]",49.75,6.16666666,🇱🇺,U+1F1F1 U+1F1FA,luxembourg,Luxembourg,Luxemburgo,49.733732,6.07762,619896,6
128,Macau,MAC,MO,446,853,Macao,MOP,Macanese pataca,$,.mo,澳門,Asia,Eastern Asia,"[{zoneName:'Asia\/Macau',gmtOffset:28800,gmtOffsetName:'UTC+08:00',abbreviation:'CST',tzName:'China Standard Time'}]",22.16666666,113.55,🇲🇴,U+1F1F2 U+1F1F4,macau-sar,Macao,Macao,22.129735,113.556038,640445,4
130,Madagascar,MDG,MG,450,261,Antananarivo,MGA,Malagasy ariary,Ar,.mg,Madagasikara,Africa,Eastern Africa,"[{zoneName:'Indian\/Antananarivo',gmtOffset:10800,gmtOffsetName:'UTC+03:00',abbreviation:'EAT',tzName:'East Africa Time'}]",-20.0,47.0,🇲🇬,U+1F1F2 U+1F1EC,madagascar,Madagascar,Madagascar,-18.628288,46.704241,26969307,3
131,Malawi,MWI,MW,454,265,Lilongwe,MWK,Malawian kwacha,MK,.mw,Malawi,Africa,Eastern Africa,"[{zoneName:'Africa\/Blantyre',gmtOffset:7200,gmtOffsetName:'UTC+02:00',abbreviation:'CAT',tzName:'Central Africa Time'}]",-13.5,34.0,🇲🇼,U+1F1F2 U+1F1FC,malawi,Malawi,Malaui,-13.386737,33.608082,18628747,6
132,Malaysia,MYS,MY,458,60,Kuala Lumpur,MYR,Malaysian ringgit,RM,.my,Malaysia,Asia,South-Eastern Asia,"[{zoneName:'Asia\/Kuala_Lumpur',gmtOffset:28800,gmtOffsetName:'UTC+08:00',abbreviation:'MYT',tzName:'Malaysia Time'},{zoneName:'Asia\/Kuching',gmtOffset:28800,gmtOffsetName:'UTC+08:00',abbreviation:'MYT',tzName:'Malaysia Time'}]",2.5,112.5,🇲🇾,U+1F1F2 U+1F1FE,malaysia,Malaisie,Malasia,2.528667,113.83708,31949777,3
133,Maldives,MDV,MV,462,960,Male,MVR,Maldivian rufiyaa,Rf,.mv,Maldives,Asia,Southern Asia,"[{zoneName:'Indian\/Maldives',gmtOffset:18000,gmtOffsetName:'UTC+05:00',abbreviation:'MVT',tzName:'Maldives Time'}]",3.25,73.0,🇲🇻,U+1F1F2 U+1F1FB,maldives,Maldives,Maldivas,4.174441,73.507554,530953,5
134,Mali,MLI,ML,466,223,Bamako,XOF,West African CFA franc,CFA,.ml,Mali,Africa,Western Africa,"[{zoneName:'Africa\/Bamako',gmtOffset:0,gmtOffsetName:'UTC\u00b100',abbreviation:'GMT',tzName:'Greenwich Mean Time'}]",17.0,-4.0,🇲🇱,U+1F1F2 U+1F1F1,mali,Mali,Malí,18.692713,-2.038455,19658031,3
135,Malta,MLT,MT,470,356,Valletta,EUR,Euro,€,.mt,Malta,Europe,Southern Europe,"[{zoneName:'Europe\/Malta',gmtOffset:3600,gmtOffsetName:'UTC+01:00',abbreviation:'CET',tzName:'Central European Time'}]",35.83333333,14.58333333,🇲🇹,U+1F1F2 U+1F1F9,malta,Malte,Malta,35.892886,14.433005,502653,5
136,Isle of Man,IMN,IM,833,+44-1624,"Douglas, Isle of Man",GBP,British pound,£,.im,Isle of Man,Europe,Northern Europe,"[{zoneName:'Europe\/Isle_of_Man',gmtOffset:0,gmtOffsetName:'UTC\u00b100',abbreviation:'GMT',tzName:'Greenwich Mean Time'}]",54.25,-4.5,🇮🇲,U+1F1EE U+1F1F2,man-isle-of,île de Man,Isla de Man,54.220833,-4.530069,84584,6
137,Marshall Islands,MHL,MH,584,692,Majuro,USD,United States dollar,$,.mh,M̧ajeļ,Oceania,Micronesia,"[{zoneName:'Pacific\/Kwajalein',gmtOffset:43200,gmtOffsetName:'UTC+12:00',abbreviation:'MHT',tzName:'Marshall Islands Time'},{zoneName:'Pacific\/Majuro',gmtOffset:43200,gmtOffsetName:'UTC+12:00',abbreviation:'MHT',tzName:'Marshall Islands Time'}]",9.0,168.0,🇲🇭,U+1F1F2 U+1F1ED,marshall-islands,Îles Marshall,Islas Marshall,7.082568,171.193609,58791,6
138,Martinique,MTQ,MQ,474,596,Fort-de-France,EUR,Euro,€,.mq,Martinique,Americas,Caribbean,"[{zoneName:'America\/Martinique',gmtOffset:-14400,gmtOffsetName:'UTC-04:00',abbreviation:'AST',tzName:'Atlantic Standard Time'}]",14.666667,-61.0,🇲🇶,U+1F1F2 U+1F1F6,martinique,,,,,,
139,Mauritania,MRT,MR,478,222,Nouakchott,MRO,Mauritanian ouguiya,MRU,.mr,موريتانيا,Africa,Western Africa,"[{zoneName:'Africa\/Nouakchott',gmtOffset:0,gmtOffsetName:'UTC\u00b100',abbreviation:'GMT',tzName:'Greenwich Mean Time'}]",20.0,-12.0,🇲🇷,U+1F1F2 U+1F1F7,mauritania,Mauritanie,Mauritania,19.587062,-9.740299,4525696,3
140,Mauritius,MUS,MU,480,230,Port Louis,MUR,Mauritian rupee,₨,.mu,Maurice,Africa,Eastern Africa,"[{zoneName:'Indian\/Mauritius',gmtOffset:14400,gmtOffsetName:'UTC+04:00',abbreviation:'MUT',tzName:'Mauritius Time'}]",-20.28333333,57.55,🇲🇺,U+1F1F2 U+1F1FA,mauritius,Maurice,Mauricio,-20.299506,57.565848,1265711,5
141,Mayotte,MYT,YT,175,262,Mamoudzou,EUR,Euro,€,.yt,Mayotte,Africa,Eastern Africa,"[{zoneName:'Indian\/Mayotte',gmtOffset:10800,gmtOffsetName:'UTC+03:00',abbreviation:'EAT',tzName:'East Africa Time'}]",-12.83333333,45.16666666,🇾🇹,U+1F1FE U+1F1F9,mayotte,,,,,,
142,Mexico,MEX,MX,484,52,Ciudad de México,MXN,Mexican peso,$,.mx,México,Americas,Central America,"[{zoneName:'America\/Bahia_Banderas',gmtOffset:-21600,gmtOffsetName:'UTC-06:00',abbreviation:'CST',tzName:'Central Standard Time (North America'},{zoneName:'America\/Cancun',gmtOffset:-18000,gmtOffsetName:'UTC-05:00',abbreviation:'EST',tzName:'Eastern Standard Time (North America'},{zoneName:'America\/Chihuahua',gmtOffset:-25200,gmtOffsetName:'UTC-07:00',abbreviation:'MST',tzName:'Mountain Standard Time (North America'},{zoneName:'America\/Hermosillo',gmtOffset:-25200,gmtOffsetName:'UTC-07:00',abbreviation:'MST',tzName:'Mountain Standard Time (North America'},{zoneName:'America\/Matamoros',gmtOffset:-21600,gmtOffsetName:'UTC-06:00',abbreviation:'CST',tzName:'Central Standard Time (North America'},{zoneName:'America\/Mazatlan',gmtOffset:-25200,gmtOffsetName:'UTC-07:00',abbreviation:'MST',tzName:'Mountain Standard Time (North America'},{zoneName:'America\/Merida',gmtOffset:-21600,gmtOffsetName:'UTC-06:00',abbreviation:'CST',tzName:'Central Standard Time (North America'},{zoneName:'America\/Mexico_City',gmtOffset:-21600,gmtOffsetName:'UTC-06:00',abbreviation:'CST',tzName:'Central Standard Time (North America'},{zoneName:'America\/Monterrey',gmtOffset:-21600,gmtOffsetName:'UTC-06:00',abbreviation:'CST',tzName:'Central Standard Time (North America'},{zoneName:'America\/Ojinaga',gmtOffset:-25200,gmtOffsetName:'UTC-07:00',abbreviation:'MST',tzName:'Mountain Standard Time (North America'},{zoneName:'America\/Tijuana',gmtOffset:-28800,gmtOffsetName:'UTC-08:00',abbreviation:'PST',tzName:'Pacific Standard Time (North America'}]",23.0,-102.0,🇲🇽,U+1F1F2 U+1F1FD,mexico,Mexique,México,23.919988,-102.289448,127575529,2
143,Micronesia,FSM,FM,583,691,Palikir,USD,United States dollar,$,.fm,Micronesia,Oceania,Micronesia,"[{zoneName:'Pacific\/Chuuk',gmtOffset:36000,gmtOffsetName:'UTC+10:00',abbreviation:'CHUT',tzName:'Chuuk Time'},{zoneName:'Pacific\/Kosrae',gmtOffset:39600,gmtOffsetName:'UTC+11:00',abbreviation:'KOST',tzName:'Kosrae Time'},{zoneName:'Pacific\/Pohnpei',gmtOffset:39600,gmtOffsetName:'UTC+11:00',abbreviation:'PONT',tzName:'Pohnpei Standard Time'}]",6.91666666,158.25,🇫🇲,U+1F1EB U+1F1F2,micronesia,États fédérés de Micronésie,Estados Federados de Micronesia,6.887553,158.234019,113815,6
144,Moldova,MDA,MD,498,373,Chisinau,MDL,Moldovan leu,L,.md,Moldova,Europe,Eastern Europe,"[{zoneName:'Europe\/Chisinau',gmtOffset:7200,gmtOffsetName:'UTC+02:00',abbreviation:'EET',tzName:'Eastern European Time'}]",47.0,29.0,🇲🇩,U+1F1F2 U+1F1E9,moldova,Moldavie,Moldavia,47.434999,28.487904,2657637,6
145,Monaco,MCO,MC,492,377,Monaco,EUR,Euro,€,.mc,Monaco,Europe,Western Europe,"[{zoneName:'Europe\/Monaco',gmtOffset:3600,gmtOffsetName:'UTC+01:00',abbreviation:'CET',tzName:'Central European Time'}]",43.73333333,7.4,🇲🇨,U+1F1F2 U+1F1E8,monaco,Monaco,Mónaco,43.739652,7.398291,38964,6
146,Mongolia,MNG,MN,496,976,Ulan Bator,MNT,Mongolian tögrög,₮,.mn,Монгол улс,Asia,Eastern Asia,"[{zoneName:'Asia\/Choibalsan',gmtOffset:28800,gmtOffsetName:'UTC+08:00',abbreviation:'CHOT',tzName:'Choibalsan Standard Time'},{zoneName:'Asia\/Hovd',gmtOffset:25200,gmtOffsetName:'UTC+07:00',abbreviation:'HOVT',tzName:'Hovd Time'},{zoneName:'Asia\/Ulaanbaatar',gmtOffset:28800,gmtOffsetName:'UTC+08:00',abbreviation:'ULAT',tzName:'Ulaanbaatar Standard Time'}]",46.0,105.0,🇲🇳,U+1F1F2 U+1F1F3,mongolia,Mongolie,Mongolia,45.997488,104.150405,3225167,3
147,Montenegro,MNE,ME,499,382,Podgorica,EUR,Euro,€,.me,Црна Гора,Europe,Southern Europe,"[{zoneName:'Europe\/Podgorica',gmtOffset:3600,gmtOffsetName:'UTC+01:00',abbreviation:'CET',tzName:'Central European Time'}]",42.5,19.3,🇲🇪,U+1F1F2 U+1F1EA,montenegro,Monténégro,Montenegro,42.803101,19.143727,622137,6
148,Montserrat,MSR,MS,500,+1-664,Plymouth,XCD,Eastern Caribbean dollar,$,.ms,Montserrat,Americas,Caribbean,"[{zoneName:'America\/Montserrat',gmtOffset:-14400,gmtOffsetName:'UTC-04:00',abbreviation:'AST',tzName:'Atlantic Standard Time'}]",16.75,-62.2,🇲🇸,U+1F1F2 U+1F1F8,montserrat,Montserrat,Montserrat,16.73717,-62.188252,4649,6
149,Morocco,MAR,MA,504,212,Rabat,MAD,Moroccan dirham,DH,.ma,المغرب,Africa,Northern Africa,"[{zoneName:'Africa\/Casablanca',gmtOffset:3600,gmtOffsetName:'UTC+01:00',abbreviation:'WEST',tzName:'Western European Summer Time'}]",32.0,-5.0,🇲🇦,U+1F1F2 U+1F1E6,morocco,Maroc,Marruecos,31.650723,-7.187296,36471769,3
150,Mozambique,MOZ,MZ,508,258,Maputo,MZN,Mozambican metical,MT,.mz,Moçambique,Africa,Eastern Africa,"[{zoneName:'Africa\/Maputo',gmtOffset:7200,gmtOffsetName:'UTC+02:00',abbreviation:'CAT',tzName:'Central Africa Time'}]",-18.25,35.0,🇲🇿,U+1F1F2 U+1F1FF,mozambique,Mozambique,Mozambique,-13.94323,37.83789,30366036,3
151,Myanmar [Burma],MMR,MM,104,95,Nay Pyi Taw,MMK,Burmese kyat,K,.mm,မြန်မာ,Asia,South-Eastern Asia,"[{zoneName:'Asia\/Yangon',gmtOffset:23400,gmtOffsetName:'UTC+06:30',abbreviation:'MMT',tzName:'Myanmar Standard Time'}]",22.0,98.0,🇲🇲,U+1F1F2 U+1F1F2,myanmar,Birmanie,Birmania,21.573855,95.804497,54045420,3
152,Namibia,NAM,NA,516,264,Windhoek,NAD,Namibian dollar,$,.na,Namibia,Africa,Southern Africa,"[{zoneName:'Africa\/Windhoek',gmtOffset:7200,gmtOffsetName:'UTC+02:00',abbreviation:'WAST',tzName:'West Africa Summer Time'}]",-22.0,17.0,🇳🇦,U+1F1F3 U+1F1E6,namibia,Namibie,Namibia,-20.575298,17.108166,2494530,3
153,Nauru,NRU,NR,520,674,Yaren,AUD,Australian dollar,$,.nr,Nauru,Oceania,Micronesia,"[{zoneName:'Pacific\/Nauru',gmtOffset:43200,gmtOffsetName:'UTC+12:00',abbreviation:'NRT',tzName:'Nauru Time'}]",-0.53333333,166.91666666,🇳🇷,U+1F1F3 U+1F1F7,nauru,Nauru,Nauru,-0.520261,166.932644,12581,6
154,Nepal,NPL,NP,524,977,Kathmandu,NPR,Nepalese rupee,₨,.np,नपल,Asia,Southern Asia,"[{zoneName:'Asia\/Kathmandu',gmtOffset:20700,gmtOffsetName:'UTC+05:45',abbreviation:'NPT',tzName:'Nepal Time'}]",28.0,84.0,🇳🇵,U+1F1F3 U+1F1F5,nepal,Népal,Nepal,28.297925,83.639914,28608710,3
156,Netherlands,NLD,NL,528,31,Amsterdam,EUR,Euro,€,.nl,Nederland,Europe,Western Europe,"[{zoneName:'Europe\/Amsterdam',gmtOffset:3600,gmtOffsetName:'UTC+01:00',abbreviation:'CET',tzName:'Central European Time'}]",52.5,5.75,🇳🇱,U+1F1F3 U+1F1F1,netherlands,Pays-Bas,Países Bajos,52.422211,5.61144,17332850,5
157,New Caledonia,NCL,NC,540,687,Noumea,XPF,CFP franc,₣,.nc,Nouvelle-Calédonie,Oceania,Melanesia,"[{zoneName:'Pacific\/Noumea',gmtOffset:39600,gmtOffsetName:'UTC+11:00',abbreviation:'NCT',tzName:'New Caledonia Time'}]",-21.5,165.5,🇳🇨,U+1F1F3 U+1F1E8,new-caledonia,Nouvelle-Calédonie,Nueva Caledonia,-21.064697,165.084004,287800,3
158,New Zealand,NZL,NZ,554,64,Wellington,NZD,New Zealand dollar,$,.nz,New Zealand,Oceania,Australia and New Zealand,"[{zoneName:'Pacific\/Auckland',gmtOffset:46800,gmtOffsetName:'UTC+13:00',abbreviation:'NZDT',tzName:'New Zealand Daylight Time'},{zoneName:'Pacific\/Chatham',gmtOffset:49500,gmtOffsetName:'UTC+13:45',abbreviation:'CHAST',tzName:'Chatham Standard Time'}]",-41.0,174.0,🇳🇿,U+1F1F3 U+1F1FF,new-zealand,Nouvelle-Zélande,Nueva Zelanda,-39.759,172.787,4917000,2
159,Nicaragua,NIC,NI,558,505,Managua,NIO,Nicaraguan córdoba,C$,.ni,Nicaragua,Americas,Central America,"[{zoneName:'America\/Managua',gmtOffset:-21600,gmtOffsetName:'UTC-06:00',abbreviation:'CST',tzName:'Central Standard Time (North America'}]",13.0,-85.0,🇳🇮,U+1F1F3 U+1F1EE,nicaragua,Nicaragua,Nicaragua,12.670697,-85.069347,6545502,5
160,Niger,NER,NE,562,227,Niamey,XOF,West African CFA franc,CFA,.ne,Niger,Africa,Western Africa,"[{zoneName:'Africa\/Niamey',gmtOffset:3600,gmtOffsetName:'UTC+01:00',abbreviation:'WAT',tzName:'West Africa Time'}]",16.0,8.0,🇳🇪,U+1F1F3 U+1F1EA,niger,Niger,Níger,17.446195,9.504356,23310715,3
161,Nigeria,NGA,NG,566,234,Abuja,NGN,Nigerian naira,₦,.ng,Nigeria,Africa,Western Africa,"[{zoneName:'Africa\/Lagos',gmtOffset:3600,gmtOffsetName:'UTC+01:00',abbreviation:'WAT',tzName:'West Africa Time'}]",10.0,8.0,🇳🇬,U+1F1F3 U+1F1EC,nigeria,Nigeria,Nigeria,9.439799,7.50322,200963599,2
162,Niue,NIU,NU,570,683,Alofi,NZD,New Zealand dollar,$,.nu,Niuē,Oceania,Polynesia,"[{zoneName:'Pacific\/Niue',gmtOffset:-39600,gmtOffsetName:'UTC-11:00',abbreviation:'NUT',tzName:'Niue Time'}]",-19.03333333,-169.86666666,🇳🇺,U+1F1F3 U+1F1FA,niue,Niue,Niue,-19.045956,-169.862565,1620,4
163,Norfolk Island,NFK,NF,574,672,Kingston,AUD,Australian dollar,$,.nf,Norfolk Island,Oceania,Australia and New Zealand,"[{zoneName:'Pacific\/Norfolk',gmtOffset:43200,gmtOffsetName:'UTC+12:00',abbreviation:'NFT',tzName:'Norfolk Time'}]",-29.03333333,167.95,🇳🇫,U+1F1F3 U+1F1EB,norfolk-island,Île Norfolk,Isla Norfolk,-29.033042,167.954531,2169,5
115,North Korea,PRK,KP,408,850,Pyongyang,KPW,North Korean Won,₩,.kp,북한,Asia,Eastern Asia,"[{zoneName:'Asia\/Pyongyang',gmtOffset:32400,gmtOffsetName:'UTC+09:00',abbreviation:'KST',tzName:'Korea Standard Time'}]",40.0,127.0,🇰🇵,U+1F1F0 U+1F1F5,north-korea,Corée du Nord,Corea del Norte,39.885252,126.444516,25666161,3
129,North Macedonia,MKD,MK,807,389,Skopje,MKD,Denar,ден,.mk,Северна Македонија,Europe,Southern Europe,"[{zoneName:'Europe\/Skopje',gmtOffset:3600,gmtOffsetName:'UTC+01:00',abbreviation:'CET',tzName:'Central European Time'}]",41.83333333,22.0,🇲🇰,U+1F1F2 U+1F1F0,north-macedonia,Macédoine du Nord,Macedonia del Norte,41.558223,21.555839,2083459,6
164,Northern Mariana Islands,MNP,MP,580,+1-670,Saipan,USD,United States dollar,$,.mp,Northern Mariana Islands,Oceania,Micronesia,"[{zoneName:'Pacific\/Saipan',gmtOffset:36000,gmtOffsetName:'UTC+10:00',abbreviation:'ChST',tzName:'Chamorro Standard Time'}]",15.2,145.75,🇲🇵,U+1F1F2 U+1F1F5,northern-mariana-islands,îles Mariannes du Nord,Islas Marianas del Norte,15.188188,145.734397,57216,6
165,Norway,NOR,NO,578,47,Oslo,NOK,Norwegian krone,kr,.no,Norge,Europe,Northern Europe,"[{zoneName:'Europe\/Oslo',gmtOffset:3600,gmtOffsetName:'UTC+01:00',abbreviation:'CET',tzName:'Central European Time'}]",62.0,10.0,🇳🇴,U+1F1F3 U+1F1F4,norway,Norvège,Noruega,61.357092,9.679975,5347896,3
166,Oman,OMN,OM,512,968,Muscat,OMR,Omani rial,.ع.ر,.om,عمان,Asia,Western Asia,"[{zoneName:'Asia\/Muscat',gmtOffset:14400,gmtOffsetName:'UTC+04:00',abbreviation:'GST',tzName:'Gulf Standard Time'}]",21.0,57.0,🇴🇲,U+1F1F4 U+1F1F2,oman,Oman,Omán,22.120427,57.336553,4974986,4
167,Pakistan,PAK,PK,586,92,Islamabad,PKR,Pakistani rupee,₨,.pk,Pakistan,Asia,Southern Asia,"[{zoneName:'Asia\/Karachi',gmtOffset:18000,gmtOffsetName:'UTC+05:00',abbreviation:'PKT',tzName:'Pakistan Standard Time'}]",30.0,70.0,🇵🇰,U+1F1F5 U+1F1F0,pakistan,Pakistan,Pakistán,29.328389,68.545632,216565318,2
168,Palau,PLW,PW,585,680,Melekeok,USD,United States dollar,$,.pw,Palau,Oceania,Micronesia,"[{zoneName:'Pacific\/Palau',gmtOffset:32400,gmtOffsetName:'UTC+09:00',abbreviation:'PWT',tzName:'Palau Time'}]",7.5,134.5,🇵🇼,U+1F1F5 U+1F1FC,palau,Palaos,Palaos,7.518252,134.580157,18008,6
169,Palestinian Territories,PSE,PS,275,970,East Jerusalem,ILS,Israeli new shekel,₪,.ps,فلسطين,Asia,Western Asia,"[{zoneName:'Asia\/Gaza',gmtOffset:7200,gmtOffsetName:'UTC+02:00',abbreviation:'EET',tzName:'Eastern European Time'},{zoneName:'Asia\/Hebron',gmtOffset:7200,gmtOffsetName:'UTC+02:00',abbreviation:'EET',tzName:'Eastern European Time'}]",31.9,35.2,🇵🇸,U+1F1F5 U+1F1F8,palestinian-territory-occupied,Palestine,Palestina,32.047431,35.291341,4685306,5
170,Panama,PAN,PA,591,507,Panama City,PAB,Panamanian balboa,B/.,.pa,Panamá,Americas,Central America,"[{zoneName:'America\/Panama',gmtOffset:-18000,gmtOffsetName:'UTC-05:00',abbreviation:'EST',tzName:'Eastern Standard Time (North America'}]",9.0,-80.0,🇵🇦,U+1F1F5 U+1F1E6,panama,Panama,Panamá,8.72198,-80.352106,4246439,4
171,Papua New Guinea,PNG,PG,598,675,Port Moresby,PGK,Papua New Guinean kina,K,.pg,Papua Niugini,Oceania,Melanesia,"[{zoneName:'Pacific\/Bougainville',gmtOffset:39600,gmtOffsetName:'UTC+11:00',abbreviation:'BST',tzName:'Bougainville Standard Time[6'},{zoneName:'Pacific\/Port_Moresby',gmtOffset:36000,gmtOffsetName:'UTC+10:00',abbreviation:'PGT',tzName:'Papua New Guinea Time'}]",-6.0,147.0,🇵🇬,U+1F1F5 U+1F1EC,papua-new-guinea,Papouasie-Nouvelle-Guinée,Papúa Nueva Guinea,-5.695285,143.910216,8776109,2
172,Paraguay,PRY,PY,600,595,Asuncion,PYG,Paraguayan guarani,₲,.py,Paraguay,Americas,South America,"[{zoneName:'America\/Asuncion',gmtOffset:-10800,gmtOffsetName:'UTC-03:00',abbreviation:'PYST',tzName:'Paraguay Summer Time'}]",-23.0,-58.0,🇵🇾,U+1F1F5 U+1F1FE,paraguay,Paraguay,Paraguay,-21.674509,-60.146394,7044636,4
173,Peru,PER,PE,604,51,Lima,PEN,Peruvian sol,S/.,.pe,Perú,Americas,South America,"[{zoneName:'America\/Lima',gmtOffset:-18000,gmtOffsetName:'UTC-05:00',abbreviation:'PET',tzName:'Peru Time'}]",-10.0,-76.0,🇵🇪,U+1F1F5 U+1F1EA,peru,Pérou,Perú,-12.976679,-72.90016,32510453,2
174,Philippines,PHL,PH,608,63,Manila,PHP,Philippine peso,₱,.ph,Pilipinas,Asia,South-Eastern Asia,"[{zoneName:'Asia\/Manila',gmtOffset:28800,gmtOffsetName:'UTC+08:00',abbreviation:'PHT',tzName:'Philippine Time'}]",13.0,122.0,🇵🇭,U+1F1F5 U+1F1ED,philippines,Philippines,Filipinas,11.198,122.465,108116615,2
175,Pitcairn Islands,PCN,PN,612,870,Adamstown,NZD,New Zealand dollar,$,.pn,Pitcairn Islands,Oceania,Polynesia,"[{zoneName:'Pacific\/Pitcairn',gmtOffset:-28800,gmtOffsetName:'UTC-08:00',abbreviation:'PST',tzName:'Pacific Standard Time (North America'}]",-25.06666666,-130.1,🇵🇳,U+1F1F5 U+1F1F3,pitcairn-island,Iles Pitcairn,Islas Pitcairn,-24.364576,-128.317536,54,4
176,Poland,POL,PL,616,48,Warsaw,PLN,Polish złoty,zł,.pl,Polska,Europe,Eastern Europe,"[{zoneName:'Europe\/Warsaw',gmtOffset:3600,gmtOffsetName:'UTC+01:00',abbreviation:'CET',tzName:'Central European Time'}]",52.0,20.0,🇵🇱,U+1F1F5 U+1F1F1,poland,Pologne,Polonia,51.990316,19.490468,37970874,3
177,Portugal,PRT,PT,620,351,Lisbon,EUR,Euro,€,.pt,Portugal,Europe,Southern Europe,"[{zoneName:'Atlantic\/Azores',gmtOffset:-3600,gmtOffsetName:'UTC-01:00',abbreviation:'AZOT',tzName:'Azores Standard Time'},{zoneName:'Atlantic\/Madeira',gmtOffset:0,gmtOffsetName:'UTC\u00b100',abbreviation:'WET',tzName:'Western European Time'},{zoneName:'Europe\/Lisbon',gmtOffset:0,gmtOffsetName:'UTC\u00b100',abbreviation:'WET',tzName:'Western European Time'}]",39.5,-8.0,🇵🇹,U+1F1F5 U+1F1F9,portugal,Portugal,Portugal,39.606675,-8.271754,10269417,2
178,Puerto Rico,PRI,PR,630,+1-787 and 1-939,San Juan,USD,United States dollar,$,.pr,Puerto Rico,Americas,Caribbean,"[{zoneName:'America\/Puerto_Rico',gmtOffset:-14400,gmtOffsetName:'UTC-04:00',abbreviation:'AST',tzName:'Atlantic Standard Time'}]",18.25,-66.5,🇵🇷,U+1F1F5 U+1F1F7,puerto-rico,Porto Rico,Puerto Rico,18.234668,-66.481065,3193694,5
179,Qatar,QAT,QA,634,974,Doha,QAR,Qatari riyal,ق.ر,.qa,قطر,Asia,Western Asia,"[{zoneName:'Asia\/Qatar',gmtOffset:10800,gmtOffsetName:'UTC+03:00',abbreviation:'AST',tzName:'Arabia Standard Time'}]",25.5,51.25,🇶🇦,U+1F1F6 U+1F1E6,qatar,Qatar,Catar,25.237383,51.143509,2832067,5
180,Réunion,REU,RE,638,262,Saint-Denis,EUR,Euro,€,.re,La Réunion,Africa,Eastern Africa,"[{zoneName:'Indian\/Reunion',gmtOffset:14400,gmtOffsetName:'UTC+04:00',abbreviation:'RET',tzName:'R\u00e9union Time'}]",-21.15,55.5,🇷🇪,U+1F1F7 U+1F1EA,reunion,,,,,,
181,Romania,ROU,RO,642,40,Bucharest,RON,Romanian leu,lei,.ro,România,Europe,Eastern Europe,"[{zoneName:'Europe\/Bucharest',gmtOffset:7200,gmtOffsetName:'UTC+02:00',abbreviation:'EET',tzName:'Eastern European Time'}]",46.0,25.0,🇷🇴,U+1F1F7 U+1F1F4,romania,Roumanie,Rumania,45.733237,24.972624,19356544,3
182,Russia,RUS,RU,643,7,Moscow,RUB,Russian ruble,₽,.ru,Россия,Europe,Eastern Europe,"[{zoneName:'Asia\/Anadyr',gmtOffset:43200,gmtOffsetName:'UTC+12:00',abbreviation:'ANAT',tzName:'Anadyr Time[4'},{zoneName:'Asia\/Barnaul',gmtOffset:25200,gmtOffsetName:'UTC+07:00',abbreviation:'KRAT',tzName:'Krasnoyarsk Time'},{zoneName:'Asia\/Chita',gmtOffset:32400,gmtOffsetName:'UTC+09:00',abbreviation:'YAKT',tzName:'Yakutsk Time'},{zoneName:'Asia\/Irkutsk',gmtOffset:28800,gmtOffsetName:'UTC+08:00',abbreviation:'IRKT',tzName:'Irkutsk Time'},{zoneName:'Asia\/Kamchatka',gmtOffset:43200,gmtOffsetName:'UTC+12:00',abbreviation:'PETT',tzName:'Kamchatka Time'},{zoneName:'Asia\/Khandyga',gmtOffset:32400,gmtOffsetName:'UTC+09:00',abbreviation:'YAKT',tzName:'Yakutsk Time'},{zoneName:'Asia\/Krasnoyarsk',gmtOffset:25200,gmtOffsetName:'UTC+07:00',abbreviation:'KRAT',tzName:'Krasnoyarsk Time'},{zoneName:'Asia\/Magadan',gmtOffset:39600,gmtOffsetName:'UTC+11:00',abbreviation:'MAGT',tzName:'Magadan Time'},{zoneName:'Asia\/Novokuznetsk',gmtOffset:25200,gmtOffsetName:'UTC+07:00',abbreviation:'KRAT',tzName:'Krasnoyarsk Time'},{zoneName:'Asia\/Novosibirsk',gmtOffset:25200,gmtOffsetName:'UTC+07:00',abbreviation:'NOVT',tzName:'Novosibirsk Time'},{zoneName:'Asia\/Omsk',gmtOffset:21600,gmtOffsetName:'UTC+06:00',abbreviation:'OMST',tzName:'Omsk Time'},{zoneName:'Asia\/Sakhalin',gmtOffset:39600,gmtOffsetName:'UTC+11:00',abbreviation:'SAKT',tzName:'Sakhalin Island Time'},{zoneName:'Asia\/Srednekolymsk',gmtOffset:39600,gmtOffsetName:'UTC+11:00',abbreviation:'SRET',tzName:'Srednekolymsk Time'},{zoneName:'Asia\/Tomsk',gmtOffset:25200,gmtOffsetName:'UTC+07:00',abbreviation:'MSD+3',tzName:'Moscow Daylight Time+3'},{zoneName:'Asia\/Ust-Nera',gmtOffset:36000,gmtOffsetName:'UTC+10:00',abbreviation:'VLAT',tzName:'Vladivostok Time'},{zoneName:'Asia\/Vladivostok',gmtOffset:36000,gmtOffsetName:'UTC+10:00',abbreviation:'VLAT',tzName:'Vladivostok Time'},{zoneName:'Asia\/Yakutsk',gmtOffset:32400,gmtOffsetName:'UTC+09:00',abbreviation:'YAKT',tzName:'Yakutsk Time'},{zoneName:'Asia\/Yekaterinburg',gmtOffset:18000,gmtOffsetName:'UTC+05:00',abbreviation:'YEKT',tzName:'Yekaterinburg Time'},{zoneName:'Europe\/Astrakhan',gmtOffset:14400,gmtOffsetName:'UTC+04:00',abbreviation:'SAMT',tzName:'Samara Time'},{zoneName:'Europe\/Kaliningrad',gmtOffset:7200,gmtOffsetName:'UTC+02:00',abbreviation:'EET',tzName:'Eastern European Time'},{zoneName:'Europe\/Kirov',gmtOffset:10800,gmtOffsetName:'UTC+03:00',abbreviation:'MSK',tzName:'Moscow Time'},{zoneName:'Europe\/Moscow',gmtOffset:10800,gmtOffsetName:'UTC+03:00',abbreviation:'MSK',tzName:'Moscow Time'},{zoneName:'Europe\/Samara',gmtOffset:14400,gmtOffsetName:'UTC+04:00',abbreviation:'SAMT',tzName:'Samara Time'},{zoneName:'Europe\/Saratov',gmtOffset:14400,gmtOffsetName:'UTC+04:00',abbreviation:'MSD',tzName:'Moscow Daylight Time+4'},{zoneName:'Europe\/Ulyanovsk',gmtOffset:14400,gmtOffsetName:'UTC+04:00',abbreviation:'SAMT',tzName:'Samara Time'},{zoneName:'Europe\/Volgograd',gmtOffset:14400,gmtOffsetName:'UTC+04:00',abbreviation:'MSK',tzName:'Moscow Standard Time'}]",60.0,100.0,🇷🇺,U+1F1F7 U+1F1FA,russia,Russie,Rusia,58.249357,44.686469,144373535,2
183,Rwanda,RWA,RW,646,250,Kigali,RWF,Rwandan franc,FRw,.rw,Rwanda,Africa,Eastern Africa,"[{zoneName:'Africa\/Kigali',gmtOffset:7200,gmtOffsetName:'UTC+02:00',abbreviation:'CAT',tzName:'Central Africa Time'}]",-2.0,30.0,🇷🇼,U+1F1F7 U+1F1FC,rwanda,Rwanda,Ruanda,-1.897196,30.103894,12626950,3
184,Saint Helena,SHN,SH,654,290,Jamestown,SHP,Saint Helena pound,£,.sh,Saint Helena,Africa,Western Africa,"[{zoneName:'Atlantic\/St_Helena',gmtOffset:0,gmtOffsetName:'UTC\u00b100',abbreviation:'GMT',tzName:'Greenwich Mean Time'}]",-15.95,-5.7,🇸🇭,U+1F1F8 U+1F1ED,saint-helena,Sainte-Hélène,Isla Santa Elena,-15.950487,-5.71262,4534,6
185,Saint Kitts and Nevis,KNA,KN,659,+1-869,Basseterre,XCD,Eastern Caribbean dollar,$,.kn,Saint Kitts and Nevis,Americas,Caribbean,"[{zoneName:'America\/St_Kitts',gmtOffset:-14400,gmtOffsetName:'UTC-04:00',abbreviation:'AST',tzName:'Atlantic Standard Time'}]",17.33333333,-62.75,🇰🇳,U+1F1F0 U+1F1F3,saint-kitts-and-nevis,Saint-Christophe-et-Niévès,San Cristóbal y Nieves,17.336558,-62.757975,52834,6
186,Saint Lucia,LCA,LC,662,+1-758,Castries,XCD,Eastern Caribbean dollar,$,.lc,Saint Lucia,Americas,Caribbean,"[{zoneName:'America\/St_Lucia',gmtOffset:-14400,gmtOffsetName:'UTC-04:00',abbreviation:'AST',tzName:'Atlantic Standard Time'}]",13.88333333,-60.96666666,🇱🇨,U+1F1F1 U+1F1E8,saint-lucia,Sainte-Lucie,Santa Lucía,13.892371,-60.980094,182790,6
187,Saint Pierre and Miquelon,SPM,PM,666,508,Saint-Pierre,EUR,Euro,€,.pm,Saint-Pierre-et-Miquelon,Americas,Northern America,"[{zoneName:'America\/Miquelon',gmtOffset:-10800,gmtOffsetName:'UTC-03:00',abbreviation:'PMDT',tzName:'Pierre & Miquelon Daylight Time'}]",46.83333333,-56.33333333,🇵🇲,U+1F1F5 U+1F1F2,saint-pierre-and-miquelon,Saint-Pierre-et-Miquelon,San Pedro y Miquelón,47.040344,-56.332352,5997,4
188,Saint Vincent and the Grenadines,VCT,VC,670,+1-784,Kingstown,XCD,Eastern Caribbean dollar,$,.vc,Saint Vincent and the Grenadines,Americas,Caribbean,"[{zoneName:'America\/St_Vincent',gmtOffset:-14400,gmtOffsetName:'UTC-04:00',abbreviation:'AST',tzName:'Atlantic Standard Time'}]",13.25,-61.2,🇻🇨,U+1F1FB U+1F1E8,saint-vincent-and-the-grenadines,Saint-Vincent-et-les-Grenadines,San Vicente y las Granadinas,13.0879,-61.3359,110589,6
189,Saint-Barthelemy,BLM,BL,652,590,Gustavia,EUR,Euro,€,.bl,Saint-Barthélemy,Americas,Caribbean,"[{zoneName:'America\/St_Barthelemy',gmtOffset:-14400,gmtOffsetName:'UTC-04:00',abbreviation:'AST',tzName:'Atlantic Standard Time'}]",18.5,-63.41666666,🇧🇱,U+1F1E7 U+1F1F1,saint-barthelemy,Saint-Barthélemy,San Bartolomé,17.901987,-62.833193,9961,6
190,Saint-Martin (French part),MAF,MF,663,590,Marigot,EUR,Euro,€,.mf,Saint-Martin,Americas,Caribbean,"[{zoneName:'America\/Marigot',gmtOffset:-14400,gmtOffsetName:'UTC-04:00',abbreviation:'AST',tzName:'Atlantic Standard Time'}]",18.08333333,-63.95,🇲🇫,U+1F1F2 U+1F1EB,saint-martin-french-part,Saint-Martin,San Martín,18.081302,-63.049399,38002,6
191,Samoa,WSM,WS,882,685,Apia,WST,Samoan tālā,SAT,.ws,Samoa,Oceania,Polynesia,"[{zoneName:'Pacific\/Apia',gmtOffset:50400,gmtOffsetName:'UTC+14:00',abbreviation:'WST',tzName:'West Samoa Time'}]",-13.58333333,-172.33333333,🇼🇸,U+1F1FC U+1F1F8,samoa,Samoa,Samoa,-13.639139,-172.438241,197097,4
192,San Marino,SMR,SM,674,378,San Marino,EUR,Euro,€,.sm,San Marino,Europe,Southern Europe,"[{zoneName:'Europe\/San_Marino',gmtOffset:3600,gmtOffsetName:'UTC+01:00',abbreviation:'CET',tzName:'Central European Time'}]",43.76666666,12.41666666,🇸🇲,U+1F1F8 U+1F1F2,san-marino,Saint-Marin,San Marino,43.933916,12.441206,33860,6
193,São Tomé and Príncipe,STP,ST,678,239,Sao Tome,STD,Dobra,Db,.st,São Tomé e Príncipe,Africa,Middle Africa,"[{zoneName:'Africa\/Sao_Tome',gmtOffset:0,gmtOffsetName:'UTC\u00b100',abbreviation:'GMT',tzName:'Greenwich Mean Time'}]",1.0,7.0,🇸🇹,U+1F1F8 U+1F1F9,sao-tome-and-principe,Sao Tomé-et-Principe,Santo Tomé y Príncipe,0.9709,7.021,215056,6
194,Saudi Arabia,SAU,SA,682,966,Riyadh,SAR,Saudi riyal,﷼,.sa,المملكة العربية السعودية,Asia,Western Asia,"[{zoneName:'Asia\/Riyadh',gmtOffset:10800,gmtOffsetName:'UTC+03:00',abbreviation:'AST',tzName:'Arabia Standard Time'}]",25.0,45.0,🇸🇦,U+1F1F8 U+1F1E6,saudi-arabia,Arabie saoudite,Arabia Saudita,23.806908,44.6996,34268528,2
195,Senegal,SEN,SN,686,221,Dakar,XOF,West African CFA franc,CFA,.sn,Sénégal,Africa,Western Africa,"[{zoneName:'Africa\/Dakar',gmtOffset:0,gmtOffsetName:'UTC\u00b100',abbreviation:'GMT',tzName:'Greenwich Mean Time'}]",14.0,-14.0,🇸🇳,U+1F1F8 U+1F1F3,senegal,Sénégal,Senegal,15.138125,-14.778586,16296364,3
196,Serbia,SRB,RS,688,381,Belgrade,RSD,Serbian dinar,din,.rs,Србија,Europe,Southern Europe,"[{zoneName:'Europe\/Belgrade',gmtOffset:3600,gmtOffsetName:'UTC+01:00',abbreviation:'CET',tzName:'Central European Time'}]",44.0,21.0,🇷🇸,U+1F1F7 U+1F1F8,serbia,Serbie,Serbia,44.189919,20.787989,6944975,5
197,Seychelles,SYC,SC,690,248,Victoria,SCR,Seychellois rupee,SRe,.sc,Seychelles,Africa,Eastern Africa,"[{zoneName:'Indian\/Mahe',gmtOffset:14400,gmtOffsetName:'UTC+04:00',abbreviation:'SCT',tzName:'Seychelles Time'}]",-4.58333333,55.66666666,🇸🇨,U+1F1F8 U+1F1E8,seychelles,Seychelles,Seychelles,-4.676659,55.480175,97625,6
198,Sierra Leone,SLE,SL,694,232,Freetown,SLL,Sierra Leonean leone,Le,.sl,Sierra Leone,Africa,Western Africa,"[{zoneName:'Africa\/Freetown',gmtOffset:0,gmtOffsetName:'UTC\u00b100',abbreviation:'GMT',tzName:'Greenwich Mean Time'}]",8.5,-11.5,🇸🇱,U+1F1F8 U+1F1F1,sierra-leone,Sierra Leone,Sierra Leona,8.617449,-11.763677,7813215,4
199,Singapore,SGP,SG,702,65,Singapur,SGD,Singapore dollar,$,.sg,Singapore,Asia,South-Eastern Asia,"[{zoneName:'Asia\/Singapore',gmtOffset:28800,gmtOffsetName:'UTC+08:00',abbreviation:'SGT',tzName:'Singapore Time'}]",1.36666666,103.8,🇸🇬,U+1F1F8 U+1F1EC,singapore,Singapour,Singapur,1.366587,103.816925,5703569,6
250,Sint Maarten (Dutch part),SXM,SX,534,1721,Philipsburg,ANG,Netherlands Antillean guilder,ƒ,.sx,Sint Maarten,Americas,Caribbean,"[{zoneName:'America\/Anguilla',gmtOffset:-14400,gmtOffsetName:'UTC-04:00',abbreviation:'AST',tzName:'Atlantic Standard Time'}]",18.033333,-63.05,🇸🇽,U+1F1F8 U+1F1FD,sint-maarten-dutch-part,Saint-Martin,San Martín,18.04088,-63.070133,40733,6
200,Slovakia,SVK,SK,703,421,Bratislava,EUR,Euro,€,.sk,Slovensko,Europe,Eastern Europe,"[{zoneName:'Europe\/Bratislava',gmtOffset:3600,gmtOffsetName:'UTC+01:00',abbreviation:'CET',tzName:'Central European Time'}]",48.66666666,19.5,🇸🇰,U+1F1F8 U+1F1F0,slovakia,Slovaquie,Eslovaquia,48.734044,19.049868,5454073,6
201,Slovenia,SVN,SI,705,386,Ljubljana,EUR,Euro,€,.si,Slovenija,Europe,Southern Europe,"[{zoneName:'Europe\/Ljubljana',gmtOffset:3600,gmtOffsetName:'UTC+01:00',abbreviation:'CET',tzName:'Central European Time'}]",46.11666666,14.81666666,🇸🇮,U+1F1F8 U+1F1EE,slovenia,Slovénie,Eslovenia,46.06076,14.915312,2087946,6
202,Solomon Islands,SLB,SB,90,677,Honiara,SBD,Solomon Islands dollar,Si$,.sb,Solomon Islands,Oceania,Melanesia,"[{zoneName:'Pacific\/Guadalcanal',gmtOffset:39600,gmtOffsetName:'UTC+11:00',abbreviation:'SBT',tzName:'Solomon Islands Time'}]",-8.0,159.0,🇸🇧,U+1F1F8 U+1F1E7,solomon-islands,Îles Salomon,Islas Salomón,-8.029548,159.170468,669823,3
203,Somalia,SOM,SO,706,252,Mogadishu,SOS,Somali shilling,Sh.so.,.so,Soomaaliya,Africa,Eastern Africa,"[{zoneName:'Africa\/Mogadishu',gmtOffset:10800,gmtOffsetName:'UTC+03:00',abbreviation:'EAT',tzName:'East Africa Time'}]",10.0,49.0,🇸🇴,U+1F1F8 U+1F1F4,somalia,Somalie,Somalia,3.568925,45.19238,10192317.3,6
204,South Africa,ZAF,ZA,710,27,Pretoria,ZAR,South African rand,R,.za,South Africa,Africa,Southern Africa,"[{zoneName:'Africa\/Johannesburg',gmtOffset:7200,gmtOffsetName:'UTC+02:00',abbreviation:'SAST',tzName:'South African Standard Time'}]",-29.0,24.0,🇿🇦,U+1F1FF U+1F1E6,south-africa,Afrique du Sud,Sudáfrica,-29.708776,23.665734,58558270,2
205,South Georgia and the South Sandwich Islands,SGS,GS,239,500,Grytviken,GBP,British pound,£,.gs,South Georgia,Americas,South America,"[{zoneName:'Atlantic\/South_Georgia',gmtOffset:-7200,gmtOffsetName:'UTC-02:00',abbreviation:'GST',tzName:'South Georgia and the South Sandwich Islands Time'}]",-54.5,-37.0,🇬🇸,U+1F1EC U+1F1F8,south-georgia,Géorgie du Sud-et-les Îles Sandwich du Sud,Islas Georgias del Sur y Sandwich del Sur,-55.683402,-31.063179,30,4
116,South Korea,KOR,KR,410,82,Seoul,KRW,Won,₩,.kr,대한민국,Asia,Eastern Asia,"[{zoneName:'Asia\/Seoul',gmtOffset:32400,gmtOffsetName:'UTC+09:00',abbreviation:'KST',tzName:'Korea Standard Time'}]",37.0,127.5,🇰🇷,U+1F1F0 U+1F1F7,south-korea,Corée du Sud,Corea del Sur,36.384924,128.129504,51709098,2
206,South Sudan,SSD,SS,728,211,Juba,SSP,South Sudanese pound,£,.ss,South Sudan,Africa,Middle Africa,"[{zoneName:'Africa\/Juba',gmtOffset:10800,gmtOffsetName:'UTC+03:00',abbreviation:'EAT',tzName:'East Africa Time'}]",7.0,30.0,🇸🇸,U+1F1F8 U+1F1F8,south-sudan,Soudan du Sud,Sudán del Sur,7.230477,30.390151,11062113,3
207,Spain,ESP,ES,724,34,Madrid,EUR,Euro,€,.es,España,Europe,Southern Europe,"[{zoneName:'Africa\/Ceuta',gmtOffset:3600,gmtOffsetName:'UTC+01:00',abbreviation:'CET',tzName:'Central European Time'},{zoneName:'Atlantic\/Canary',gmtOffset:0,gmtOffsetName:'UTC\u00b100',abbreviation:'WET',tzName:'Western European Time'},{zoneName:'Europe\/Madrid',gmtOffset:3600,gmtOffsetName:'UTC+01:00',abbreviation:'CET',tzName:'Central European Time'}]",40.0,-4.0,🇪🇸,U+1F1EA U+1F1F8,spain,Espagne,España,40.090953,-3.464718,47076781,2
208,Sri Lanka,LKA,LK,144,94,Colombo,LKR,Sri Lankan rupee,Rs,.lk,śrī laṃkāva,Asia,Southern Asia,"[{zoneName:'Asia\/Colombo',gmtOffset:19800,gmtOffsetName:'UTC+05:30',abbreviation:'IST',tzName:'Indian Standard Time'}]",7.0,81.0,🇱🇰,U+1F1F1 U+1F1F0,sri-lanka,Sri Lanka,Sri Lanka,7.581097,80.704823,21803000,3
209,Sudan,SDN,SD,729,249,Khartoum,SDG,Sudanese pound,.س.ج,.sd,السودان,Africa,Northern Africa,"[{zoneName:'Africa\/Khartoum',gmtOffset:7200,gmtOffsetName:'UTC+02:00',abbreviation:'EAT',tzName:'Eastern African Time'}]",15.0,30.0,🇸🇩,U+1F1F8 U+1F1E9,sudan,Soudan,Sudán,16.330746,29.260657,42813238,3
210,Suriname,SUR,SR,740,597,Paramaribo,SRD,Surinamese dollar,$,.sr,Suriname,Americas,South America,"[{zoneName:'America\/Paramaribo',gmtOffset:-10800,gmtOffsetName:'UTC-03:00',abbreviation:'SRT',tzName:'Suriname Time'}]",4.0,-56.0,🇸🇷,U+1F1F8 U+1F1F7,suriname,Suriname,Surinam,4.143987,-55.91094,581363,4
211,Svalbard and Jan Mayen,SJM,SJ,744,47,Longyearbyen,NOK,Norwegian Krone,kr,.sj,Svalbard og Jan Mayen,Europe,Northern Europe,"[{zoneName:'Arctic\/Longyearbyen',gmtOffset:3600,gmtOffsetName:'UTC+01:00',abbreviation:'CET',tzName:'Central European Time'}]",78.0,20.0,🇸🇯,U+1F1F8 U+1F1EF,svalbard-and-jan-mayen-islands,,,,,,
212,Swaziland,SWZ,SZ,748,268,Mbabane,SZL,Lilangeni,E,.sz,Swaziland,Africa,Southern Africa,"[{zoneName:'Africa\/Mbabane',gmtOffset:7200,gmtOffsetName:'UTC+02:00',abbreviation:'SAST',tzName:'South African Standard Time'}]",-26.5,31.5,🇸🇿,U+1F1F8 U+1F1FF,swaziland,Eswatini,Suazilandia,-26.533676,31.467264,1148130,4
213,Sweden,SWE,SE,752,46,Stockholm,SEK,Swedish krona,kr,.se,Sverige,Europe,Northern Europe,"[{zoneName:'Europe\/Stockholm',gmtOffset:3600,gmtOffsetName:'UTC+01:00',abbreviation:'CET',tzName:'Central European Time'}]",62.0,15.0,🇸🇪,U+1F1F8 U+1F1EA,sweden,Suède,Suecia,65.85918,19.01705,10285453,3
214,Switzerland,CHE,CH,756,41,Bern,CHF,Swiss franc,CHf,.ch,Schweiz,Europe,Western Europe,"[{zoneName:'Europe\/Zurich',gmtOffset:3600,gmtOffsetName:'UTC+01:00',abbreviation:'CET',tzName:'Central European Time'}]",47.0,8.0,🇨🇭,U+1F1E8 U+1F1ED,switzerland,Suisse,Suiza,46.719114,7.463965,8574832,4
215,Syria,SYR,SY,760,963,Damascus,SYP,Syrian pound,LS,.sy,سوريا,Asia,Western Asia,"[{zoneName:'Asia\/Damascus',gmtOffset:7200,gmtOffsetName:'UTC+02:00',abbreviation:'EET',tzName:'Eastern European Time'}]",35.0,38.0,🇸🇾,U+1F1F8 U+1F1FE,syria,Syrie,Siria,35.006636,38.277783,17070135,3
216,Taiwan,TWN,TW,158,886,Taipei,TWD,New Taiwan dollar,$,.tw,臺灣,Asia,Eastern Asia,"[{zoneName:'Asia\/Taipei',gmtOffset:28800,gmtOffsetName:'UTC+08:00',abbreviation:'CST',tzName:'China Standard Time'}]",23.5,121.0,🇹🇼,U+1F1F9 U+1F1FC,taiwan,Taïwan,República de China,23.652408,120.868204,23568378,3
217,Tajikistan,TJK,TJ,762,992,Dushanbe,TJS,Tajikistani somoni,SM,.tj,Тоҷикистон,Asia,Central Asia,"[{zoneName:'Asia\/Dushanbe',gmtOffset:18000,gmtOffsetName:'UTC+05:00',abbreviation:'TJT',tzName:'Tajikistan Time'}]",39.0,71.0,🇹🇯,U+1F1F9 U+1F1EF,tajikistan,Tadjikistan,Tayikistán,38.199835,72.587276,9321018,4
218,Tanzania,TZA,TZ,834,255,Dodoma,TZS,Tanzanian shilling,TSh,.tz,Tanzania,Africa,Eastern Africa,"[{zoneName:'Africa\/Dar_es_Salaam',gmtOffset:10800,gmtOffsetName:'UTC+03:00',abbreviation:'EAT',tzName:'East Africa Time'}]",-6.0,35.0,🇹🇿,U+1F1F9 U+1F1FF,tanzania,Tanzanie,Tanzania,-6.051866,34.959183,58005463,3
219,Thailand,THA,TH,764,66,Bangkok,THB,Thai baht,฿,.th,ประเทศไทย,Asia,South-Eastern Asia,"[{zoneName:'Asia\/Bangkok',gmtOffset:25200,gmtOffsetName:'UTC+07:00',abbreviation:'ICT',tzName:'Indochina Time'}]",15.0,100.0,🇹🇭,U+1F1F9 U+1F1ED,thailand,Thaïlande,Tailandia,15.45974,101.073198,69625582,3
17,Bahamas,BHS,BS,44,+1-242,Nassau,BSD,Bahamian dollar,B$,.bs,Bahamas,Americas,Caribbean,"[{zoneName:'America\/Nassau',gmtOffset:-18000,gmtOffsetName:'UTC-05:00',abbreviation:'EST',tzName:'Eastern Standard Time (North America)'}]",24.25,-76.0,🇧🇸,U+1F1E7 U+1F1F8,the-bahamas,Bahamas,Bahamas,26.401789,-77.146688,389482,4
220,Togo,TGO,TG,768,228,Lome,XOF,West African CFA franc,CFA,.tg,Togo,Africa,Western Africa,"[{zoneName:'Africa\/Lome',gmtOffset:0,gmtOffsetName:'UTC\u00b100',abbreviation:'GMT',tzName:'Greenwich Mean Time'}]",8.0,1.16666666,🇹🇬,U+1F1F9 U+1F1EC,togo,Togo,Togo,8.80722,1.058113,8082366,6
221,Tokelau,TKL,TK,772,690,,NZD,New Zealand dollar,$,.tk,Tokelau,Oceania,Polynesia,"[{zoneName:'Pacific\/Fakaofo',gmtOffset:46800,gmtOffsetName:'UTC+13:00',abbreviation:'TKT',tzName:'Tokelau Time'}]",-9.0,-172.0,🇹🇰,U+1F1F9 U+1F1F0,tokelau,,,,,,
222,Tonga,TON,TO,776,676,Nuku'alofa,TOP,Tongan paʻanga,$,.to,Tonga,Oceania,Polynesia,"[{zoneName:'Pacific\/Tongatapu',gmtOffset:46800,gmtOffsetName:'UTC+13:00',abbreviation:'TOT',tzName:'Tonga Time'}]",-20.0,-175.0,🇹🇴,U+1F1F9 U+1F1F4,tonga,Tonga,Tonga,-21.210026,-175.163014,104494,4
223,Trinidad and Tobago,TTO,TT,780,+1-868,Port of Spain,TTD,Trinidad and Tobago dollar,$,.tt,Trinidad and Tobago,Americas,Caribbean,"[{zoneName:'America\/Port_of_Spain',gmtOffset:-14400,gmtOffsetName:'UTC-04:00',abbreviation:'AST',tzName:'Atlantic Standard Time'}]",11.0,-61.0,🇹🇹,U+1F1F9 U+1F1F9,trinidad-and-tobago,Trinité-et-Tobago,Trinidad y Tobago,10.9989,-60.9184,1394973,5
224,Tunisia,TUN,TN,788,216,Tunis,TND,Tunisian dinar,ت.د,.tn,تونس,Africa,Northern Africa,"[{zoneName:'Africa\/Tunis',gmtOffset:3600,gmtOffsetName:'UTC+01:00',abbreviation:'CET',tzName:'Central European Time'}]",34.0,9.0,🇹🇳,U+1F1F9 U+1F1F3,tunisia,Tunisie,Túnez,33.687263,9.007881,11694719,3
225,Turkey,TUR,TR,792,90,Ankara,TRY,Turkish lira,₺,.tr,Türkiye,Asia,Western Asia,"[{zoneName:'Europe\/Istanbul',gmtOffset:10800,gmtOffsetName:'UTC+03:00',abbreviation:'EET',tzName:'Eastern European Time'}]",39.0,35.0,🇹🇷,U+1F1F9 U+1F1F7,turkey,Turquie,Turquía,39.345388,34.508268,83429615,2
226,Turkmenistan,TKM,TM,795,993,Ashgabat,TMT,Turkmenistan manat,T,.tm,Türkmenistan,Asia,Central Asia,"[{zoneName:'Asia\/Ashgabat',gmtOffset:18000,gmtOffsetName:'UTC+05:00',abbreviation:'TMT',tzName:'Turkmenistan Time'}]",40.0,60.0,🇹🇲,U+1F1F9 U+1F1F2,turkmenistan,Turkménistan,Turkmenistán,39.855246,58.676647,5942089,4
227,Turks and Caicos Islands,TCA,TC,796,+1-649,Cockburn Town,USD,United States dollar,$,.tc,Turks and Caicos Islands,Americas,Caribbean,"[{zoneName:'America\/Grand_Turk',gmtOffset:-18000,gmtOffsetName:'UTC-05:00',abbreviation:'EST',tzName:'Eastern Standard Time (North America'}]",21.75,-71.58333333,🇹🇨,U+1F1F9 U+1F1E8,turks-and-caicos-islands,îles Turques-et-Caïques,Islas Turcas y Caicos,21.81663,-71.752704,38191,6
228,Tuvalu,TUV,TV,798,688,Funafuti,AUD,Australian dollar,$,.tv,Tuvalu,Oceania,Polynesia,"[{zoneName:'Pacific\/Funafuti',gmtOffset:43200,gmtOffsetName:'UTC+12:00',abbreviation:'TVT',tzName:'Tuvalu Time'}]",-8.0,178.0,🇹🇻,U+1F1F9 U+1F1FB,tuvalu,Tuvalu,Tuvalu,-8.513717,179.209587,11646,6
229,Uganda,UGA,UG,800,256,Kampala,UGX,Ugandan shilling,USh,.ug,Uganda,Africa,Eastern Africa,"[{zoneName:'Africa\/Kampala',gmtOffset:10800,gmtOffsetName:'UTC+03:00',abbreviation:'EAT',tzName:'East Africa Time'}]",1.0,32.0,🇺🇬,U+1F1FA U+1F1EC,uganda,Ouganda,Uganda,1.972589,32.948555,44269594,3
230,Ukraine,UKR,UA,804,380,Kiev,UAH,Ukrainian hryvnia,₴,.ua,Україна,Europe,Eastern Europe,"[{zoneName:'Europe\/Kiev',gmtOffset:7200,gmtOffsetName:'UTC+02:00',abbreviation:'EET',tzName:'Eastern European Time'},{zoneName:'Europe\/Simferopol',gmtOffset:10800,gmtOffsetName:'UTC+03:00',abbreviation:'MSK',tzName:'Moscow Time'},{zoneName:'Europe\/Uzhgorod',gmtOffset:7200,gmtOffsetName:'UTC+02:00',abbreviation:'EET',tzName:'Eastern European Time'},{zoneName:'Europe\/Zaporozhye',gmtOffset:7200,gmtOffsetName:'UTC+02:00',abbreviation:'EET',tzName:'Eastern European Time'}]",49.0,32.0,🇺🇦,U+1F1FA U+1F1E6,ukraine,Ukraine,Ucrania,49.724739,32.140865,44385155,3
231,United Arab Emirates,ARE,AE,784,971,Abu Dhabi,AED,United Arab Emirates dirham,إ.د,.ae,دولة الإمارات العربية المتحدة,Asia,Western Asia,"[{zoneName:'Asia\/Dubai',gmtOffset:14400,gmtOffsetName:'UTC+04:00',abbreviation:'GST',tzName:'Gulf Standard Time'}]",24.0,54.0,🇦🇪,U+1F1E6 U+1F1EA,united-arab-emirates,Émirats arabes unis,Emiratos Árabes Unidos,23.466285,54.547256,9770529,4
232,United Kingdom,GBR,GB,826,44,London,GBP,British pound,£,.uk,United Kingdom,Europe,Northern Europe,"[{zoneName:'Europe\/London',gmtOffset:0,gmtOffsetName:'UTC\u00b100',abbreviation:'GMT',tzName:'Greenwich Mean Time'}]",54.0,-2.0,🇬🇧,U+1F1EC U+1F1E7,united-kingdom,Royaume-Uni,Reino Unido,54.402739,-2.116346,66834405,2
233,United States,USA,US,840,1,Washington,USD,United States dollar,$,.us,United States,Americas,Northern America,"[{zoneName:'America\/Adak',gmtOffset:-36000,gmtOffsetName:'UTC-10:00',abbreviation:'HST',tzName:'Hawaii\u2013Aleutian Standard Time'},{zoneName:'America\/Anchorage',gmtOffset:-32400,gmtOffsetName:'UTC-09:00',abbreviation:'AKST',tzName:'Alaska Standard Time'},{zoneName:'America\/Boise',gmtOffset:-25200,gmtOffsetName:'UTC-07:00',abbreviation:'MST',tzName:'Mountain Standard Time (North America'},{zoneName:'America\/Chicago',gmtOffset:-21600,gmtOffsetName:'UTC-06:00',abbreviation:'CST',tzName:'Central Standard Time (North America'},{zoneName:'America\/Denver',gmtOffset:-25200,gmtOffsetName:'UTC-07:00',abbreviation:'MST',tzName:'Mountain Standard Time (North America'},{zoneName:'America\/Detroit',gmtOffset:-18000,gmtOffsetName:'UTC-05:00',abbreviation:'EST',tzName:'Eastern Standard Time (North America'},{zoneName:'America\/Indiana\/Indianapolis',gmtOffset:-18000,gmtOffsetName:'UTC-05:00',abbreviation:'EST',tzName:'Eastern Standard Time (North America'},{zoneName:'America\/Indiana\/Knox',gmtOffset:-21600,gmtOffsetName:'UTC-06:00',abbreviation:'CST',tzName:'Central Standard Time (North America'},{zoneName:'America\/Indiana\/Marengo',gmtOffset:-18000,gmtOffsetName:'UTC-05:00',abbreviation:'EST',tzName:'Eastern Standard Time (North America'},{zoneName:'America\/Indiana\/Petersburg',gmtOffset:-18000,gmtOffsetName:'UTC-05:00',abbreviation:'EST',tzName:'Eastern Standard Time (North America'},{zoneName:'America\/Indiana\/Tell_City',gmtOffset:-21600,gmtOffsetName:'UTC-06:00',abbreviation:'CST',tzName:'Central Standard Time (North America'},{zoneName:'America\/Indiana\/Vevay',gmtOffset:-18000,gmtOffsetName:'UTC-05:00',abbreviation:'EST',tzName:'Eastern Standard Time (North America'},{zoneName:'America\/Indiana\/Vincennes',gmtOffset:-18000,gmtOffsetName:'UTC-05:00',abbreviation:'EST',tzName:'Eastern Standard Time (North America'},{zoneName:'America\/Indiana\/Winamac',gmtOffset:-18000,gmtOffsetName:'UTC-05:00',abbreviation:'EST',tzName:'Eastern Standard Time (North America'},{zoneName:'America\/Juneau',gmtOffset:-32400,gmtOffsetName:'UTC-09:00',abbreviation:'AKST',tzName:'Alaska Standard Time'},{zoneName:'America\/Kentucky\/Louisville',gmtOffset:-18000,gmtOffsetName:'UTC-05:00',abbreviation:'EST',tzName:'Eastern Standard Time (North America'},{zoneName:'America\/Kentucky\/Monticello',gmtOffset:-18000,gmtOffsetName:'UTC-05:00',abbreviation:'EST',tzName:'Eastern Standard Time (North America'},{zoneName:'America\/Los_Angeles',gmtOffset:-28800,gmtOffsetName:'UTC-08:00',abbreviation:'PST',tzName:'Pacific Standard Time (North America'},{zoneName:'America\/Menominee',gmtOffset:-21600,gmtOffsetName:'UTC-06:00',abbreviation:'CST',tzName:'Central Standard Time (North America'},{zoneName:'America\/Metlakatla',gmtOffset:-32400,gmtOffsetName:'UTC-09:00',abbreviation:'AKST',tzName:'Alaska Standard Time'},{zoneName:'America\/New_York',gmtOffset:-18000,gmtOffsetName:'UTC-05:00',abbreviation:'EST',tzName:'Eastern Standard Time (North America'},{zoneName:'America\/Nome',gmtOffset:-32400,gmtOffsetName:'UTC-09:00',abbreviation:'AKST',tzName:'Alaska Standard Time'},{zoneName:'America\/North_Dakota\/Beulah',gmtOffset:-21600,gmtOffsetName:'UTC-06:00',abbreviation:'CST',tzName:'Central Standard Time (North America'},{zoneName:'America\/North_Dakota\/Center',gmtOffset:-21600,gmtOffsetName:'UTC-06:00',abbreviation:'CST',tzName:'Central Standard Time (North America'},{zoneName:'America\/North_Dakota\/New_Salem',gmtOffset:-21600,gmtOffsetName:'UTC-06:00',abbreviation:'CST',tzName:'Central Standard Time (North America'},{zoneName:'America\/Phoenix',gmtOffset:-25200,gmtOffsetName:'UTC-07:00',abbreviation:'MST',tzName:'Mountain Standard Time (North America'},{zoneName:'America\/Sitka',gmtOffset:-32400,gmtOffsetName:'UTC-09:00',abbreviation:'AKST',tzName:'Alaska Standard Time'},{zoneName:'America\/Yakutat',gmtOffset:-32400,gmtOffsetName:'UTC-09:00',abbreviation:'AKST',tzName:'Alaska Standard Time'},{zoneName:'Pacific\/Honolulu',gmtOffset:-36000,gmtOffsetName:'UTC-10:00',abbreviation:'HST',tzName:'Hawaii\u2013Aleutian Standard Time'}]",38.0,-97.0,🇺🇸,U+1F1FA U+1F1F8,united-states,États-Unis,Estados Unidos,39.538479,-97.482602,328239523,2
234,U.S. Minor Outlying Islands,UMI,UM,581,1,,USD,United States dollar,$,.us,United States Minor Outlying Islands,Americas,Northern America,"[{zoneName:'Pacific\/Midway',gmtOffset:-39600,gmtOffsetName:'UTC-11:00',abbreviation:'SST',tzName:'Samoa Standard Time'},{zoneName:'Pacific\/Wake',gmtOffset:43200,gmtOffsetName:'UTC+12:00',abbreviation:'WAKT',tzName:'Wake Island Time'}]",0.0,0.0,🇺🇲,U+1F1FA U+1F1F2,united-states-minor-outlying-islands,Îles mineures éloignées des États-Unis,Islas ultramarinas de Estados Unidos,19.285663,166.644535,300,5
235,Uruguay,URY,UY,858,598,Montevideo,UYU,Uruguayan peso,$,.uy,Uruguay,Americas,South America,"[{zoneName:'America\/Montevideo',gmtOffset:-10800,gmtOffsetName:'UTC-03:00',abbreviation:'UYT',tzName:'Uruguay Standard Time'}]",-33.0,-56.0,🇺🇾,U+1F1FA U+1F1FE,uruguay,Uruguay,Uruguay,-32.961127,-55.966942,3461734,4
236,Uzbekistan,UZB,UZ,860,998,Tashkent,UZS,Uzbekistani soʻm,лв,.uz,O‘zbekiston,Asia,Central Asia,"[{zoneName:'Asia\/Samarkand',gmtOffset:18000,gmtOffsetName:'UTC+05:00',abbreviation:'UZT',tzName:'Uzbekistan Time'},{zoneName:'Asia\/Tashkent',gmtOffset:18000,gmtOffsetName:'UTC+05:00',abbreviation:'UZT',tzName:'Uzbekistan Time'}]",41.0,64.0,🇺🇿,U+1F1FA U+1F1FF,uzbekistan,Ouzbékistan,Uzbekistán,41.693603,64.005429,33580650,3
237,Vanuatu,VUT,VU,548,678,Port Vila,VUV,Vanuatu vatu,VT,.vu,Vanuatu,Oceania,Melanesia,"[{zoneName:'Pacific\/Efate',gmtOffset:39600,gmtOffsetName:'UTC+11:00',abbreviation:'VUT',tzName:'Vanuatu Time'}]",-16.0,167.0,🇻🇺,U+1F1FB U+1F1FA,vanuatu,Vanuatu,Vanuatu,-15.37153,166.908762,299882,4
238,Vatican City,VAT,VA,336,379,Vatican City,EUR,Euro,€,.va,Vaticano,Europe,Southern Europe,"[{zoneName:'Europe\/Vatican',gmtOffset:3600,gmtOffsetName:'UTC+01:00',abbreviation:'CET',tzName:'Central European Time'}]",41.9,12.45,🇻🇦,U+1F1FB U+1F1E6,vatican-city-state-holy-see,Cité du Vatican,Ciudad del Vaticano,41.903323,12.453418,825,6
239,Venezuela,VEN,VE,862,58,Caracas,VEF,Bolívar,Bs,.ve,Venezuela,Americas,South America,"[{zoneName:'America\/Caracas',gmtOffset:-14400,gmtOffsetName:'UTC-04:00',abbreviation:'VET',tzName:'Venezuelan Standard Time'}]",8.0,-66.0,🇻🇪,U+1F1FB U+1F1EA,venezuela,Venezuela,Venezuela,7.182476,-64.599381,28515829,3
240,Vietnam,VNM,VN,704,84,Hanoi,VND,Vietnamese đồng,₫,.vn,Việt Nam,Asia,South-Eastern Asia,"[{zoneName:'Asia\/Ho_Chi_Minh',gmtOffset:25200,gmtOffsetName:'UTC+07:00',abbreviation:'ICT',tzName:'Indochina Time'}]",16.16666666,107.83333333,🇻🇳,U+1F1FB U+1F1F3,vietnam,Viêt Nam,Vietnam,21.715416,105.387292,96462106,2
241,British Virgin Islands,VGB,VG,92,+1-284,Road Town,USD,United States dollar,$,.vg,British Virgin Islands,Americas,Caribbean,"[{zoneName:'America\/Tortola',gmtOffset:-14400,gmtOffsetName:'UTC-04:00',abbreviation:'AST',tzName:'Atlantic Standard Time'}]",18.431383,-64.62305,🇻🇬,U+1F1FB U+1F1EC,virgin-islands-british,îles Vierges britanniques,Islas Vírgenes Británicas,18.426606,-64.63661,30030,6
242,U.S. Virgin Islands,VIR,VI,850,+1-340,Charlotte Amalie,USD,United States dollar,$,.vi,United States Virgin Islands,Americas,Caribbean,"[{zoneName:'America\/St_Thomas',gmtOffset:-14400,gmtOffsetName:'UTC-04:00',abbreviation:'AST',tzName:'Atlantic Standard Time'}]",18.34,-64.93,🇻🇮,U+1F1FB U+1F1EE,virgin-islands-us,îles Vierges des États-Unis,Islas Vírgenes de los Estados Unidos,17.746706,-64.779172,106631,6
243,Wallis and Futuna,WLF,WF,876,681,Mata Utu,XPF,CFP franc,₣,.wf,Wallis et Futuna,Oceania,Polynesia,"[{zoneName:'Pacific\/Wallis',gmtOffset:43200,gmtOffsetName:'UTC+12:00',abbreviation:'WFT',tzName:'Wallis & Futuna Time'}]",-13.3,-176.2,🇼🇫,U+1F1FC U+1F1EB,wallis-and-futuna-islands,Wallis-et-Futuna,Wallis y Futuna,-14.286415,-178.137436,11558,4
244,Western Sahara,ESH,EH,732,212,El-Aaiun,MAD,Moroccan Dirham,MAD,.eh,الصحراء الغربية,Africa,Northern Africa,"[{zoneName:'Africa\/El_Aaiun',gmtOffset:3600,gmtOffsetName:'UTC+01:00',abbreviation:'WEST',tzName:'Western European Summer Time'}]",24.5,-13.0,🇪🇭,U+1F1EA U+1F1ED,western-sahara,Sahara occidental,Sahara Occidental,23.967592,-12.630304,603253,7
245,Yemen,YEM,YE,887,967,Sanaa,YER,Yemeni rial,﷼,.ye,اليَمَن,Asia,Western Asia,"[{zoneName:'Asia\/Aden',gmtOffset:10800,gmtOffsetName:'UTC+03:00',abbreviation:'AST',tzName:'Arabia Standard Time'}]",15.0,48.0,🇾🇪,U+1F1FE U+1F1EA,yemen,Yémen,Yemen,15.328226,45.874383,29161922,3
246,Zambia,ZMB,ZM,894,260,Lusaka,ZMW,Zambian kwacha,ZK,.zm,Zambia,Africa,Eastern Africa,"[{zoneName:'Africa\/Lusaka',gmtOffset:7200,gmtOffsetName:'UTC+02:00',abbreviation:'CAT',tzName:'Central Africa Time'}]",-15.0,30.0,🇿🇲,U+1F1FF U+1F1F2,zambia,Zambie,Zambia,-14.660804,26.395298,17861030,3
247,Zimbabwe,ZWE,ZW,716,263,Harare,ZWL,Zimbabwe Dollar,$,.zw,Zimbabwe,Africa,Eastern Africa,"[{zoneName:'Africa\/Harare',gmtOffset:7200,gmtOffsetName:'UTC+02:00',abbreviation:'CAT',tzName:'Central Africa Time'}]",-20.0,30.0,🇿🇼,U+1F1FF U+1F1FC,zimbabwe,Zimbabwe,Zimbabue,-18.91164,29.925444,14645468,3
